snapshot_date	classification_observed_date	trading_line_id	security_id	ticker	display_name	reference_mic	reference_market	active	official_issue_type	official_issue_type_code	status	failure_stage	error_type	error_message	attempts	provider	provider_mic	adjustment_basis	first_session_date	as_of_date	available_sessions	latest_close	latest_vwap	latest_shares	latest_trades	latest_turnover	momentum_1m	momentum_3m	momentum_6m	volatility_60d_annualized	current_drawdown_252d	max_drawdown_252d	median_shares_20d	median_trades_20d	median_turnover_20d	median_vwap_20d	has_1m	has_3m	has_6m	has_volatility_60d	has_drawdown_252d	has_liquidity_20d	completed_at_utc
2026-09-13	2026-09-14	IT0000060886-MTAA	IT0000060886	FNM	FNM	MTAA	Euronext Milan	True	Common Stock	101	PASS				1	borsa_italiana_chart_api	XMIL	corporate_action_adjusted	2021-09-15	2026-09-14	1269.0	0.4515	0.4498	69334.0	30.0	31186.771	-0.03731343283582078	-0.049473684210526225	-0.04746835443037967	0.12070881872199168	-0.16078066914498146	-0.16356877323420083	103817.5	42.5	47292.555	0.4552715	True	True	True	True	True	True	2026-09-14T22:58:55.498370+00:00
2026-09-13	2026-09-14	IT0000062072-MTAA	IT0000062072	G	GENERALI	MTAA	Euronext Milan	True	Common Stock	101	PASS				1	borsa_italiana_chart_api	XMIL	corporate_action_adjusted	2021-09-15	2026-09-14	1270.0	45.21	45.2897	3374669.0	4604.0	152837605.705	0.026100771674988588	0.06351446718419207	0.30589254766031204	0.13289033002039943	0.0	-0.09366391184572997	1707732.5	3638.5	75664725.08500001	44.1958025	True	True	True	True	True	True	2026-09-14T22:58:56.034674+00:00
2026-09-13	2026-09-14	IT0000062957-MTAA	IT0000062957	MB	MEDIOBANCA	MTAA	Euronext Milan	True	Common Stock	101	PASS				1	borsa_italiana_chart_api	XMIL	corporate_action_adjusted	2021-09-15	2026-09-14	1270.0	27.97	28.2505	391824.0	1127.0	11069229.14	-0.03217993079584769	0.06390262457208062	0.7497654050672506	0.18412798310609435	-0.03485162180814361	-0.28441860465116275	310296.5	1041.0	8756350.17	28.073215500000003	True	True	True	True	True	True	2026-09-14T22:58:56.753810+00:00
2026-09-13	2026-09-14	IT0000066123-MTAA	IT0000066123	BPE	BPER BANCA	MTAA	Euronext Milan	True	Common Stock	101	PASS				1	borsa_italiana_chart_api	XMIL	corporate_action_adjusted	2021-09-15	2026-09-14	1270.0	14.428	14.3497	6536807.0	6348.0	93800930.431	0.0013881177123820088	0.04839412876035465	0.30866213151927435	0.18578092925068213	-0.027369556424430286	-0.1808219178082192	4366146.5	4668.0	61984738.980000004	14.216294000000001	True	True	True	True	True	True	2026-09-14T22:58:57.205967+00:00
2026-09-13	2026-09-14	IT0000066180-MTAA	IT0000066180	BRI	BRIOSCHI	MTAA	Euronext Milan	True	Common Stock	101	PASS				1	borsa_italiana_chart_api	XMIL	corporate_action_adjusted	2021-09-15	2026-09-14	1245.0	0.0648	0.0635	203497.0	20.0	12912.5154	-0.0181818181818183	-0.058139534883721034	-0.058139534883721034	0.3361878681472697	-0.17557251908396954	-0.2290076335877863	97876.5	9.5	6354.139999999999	0.065108	True	True	True	True	True	True	2026-09-14T22:58:57.719257+00:00
2026-09-13	2026-09-14	IT0000070786-MTAA	IT0000070786	CIR	CIR	MTAA	Euronext Milan	True	Common Stock	101	PASS				1	borsa_italiana_chart_api	XMIL	corporate_action_adjusted	2021-09-15	2026-09-14	1270.0	0.756	0.7545	350009.0	117.0	264082.778	0.06030855539971958	0.07539118065433859	0.1454545454545455	0.2951702976840399	-0.04303797468354431	-0.11621621621621614	331283.5	188.5	239171.265	0.7322919999999999	True	True	True	True	True	True	2026-09-14T22:58:58.242039+00:00
2026-09-13	2026-09-14	IT0000072170-MTAA	IT0000072170	FBK	FINECOBANK	MTAA	Euronext Milan	True	Common Stock	101	PASS				1	borsa_italiana_chart_api	XMIL	corporate_action_adjusted	2021-09-15	2026-09-14	1270.0	22.74	22.8105	1467149.0	2717.0	33466443.715	-0.055647840531561465	-0.010013060513713534	0.2050874403815579	0.19705146312346575	-0.07935222672064779	-0.20161996497373036	1113613.5	2236.5	25938211.244999997	23.5024295	True	True	True	True	True	True	2026-09-14T22:58:58.989409+00:00
2026-09-13	2026-09-14	IT0000072618-MTAA	IT0000072618	ISP	INTESA SANPAOLO	MTAA	Euronext Milan	True	Common Stock	101	PASS				1	borsa_italiana_chart_api	XMIL	corporate_action_adjusted	2021-09-15	2026-09-14	1270.0	6.711	6.7218	43037761.0	13246.0	289290709.7115	-0.029781697267601492	0.09836333878887071	0.2978147360278476	0.18287128819196824	-0.029781697267601492	-0.18962140992167098	35924601.5	11056.5	244706004.39499998	6.7789125	True	True	True	True	True	True	2026-09-14T22:58:59.453929+00:00
2026-09-13	2026-09-14	IT0000076486-MTAA	IT0000076486	DANR	DANIELI & C RISP NC	MTAA	Euronext Milan	True	Common Stock	101	PASS				1	borsa_italiana_chart_api	XMIL	corporate_action_adjusted	2021-09-15	2026-09-14	1270.0	37.22	37.2105	55688.0	574.0	2072177.16	-0.14239631336405534	-0.27868217054263567	-0.08234714003944776	0.38831043612490995	-0.2793804453049371	-0.2813165537270087	60946.0	637.5	2550681.325	42.476737	True	True	True	True	True	True	2026-09-14T22:58:59.919603+00:00
2026-09-13	2026-09-14	IT0000076502-MTAA	IT0000076502	DAN	DANIELI & C	MTAA	Euronext Milan	True	Common Stock	101	PASS				1	borsa_italiana_chart_api	XMIL	corporate_action_adjusted	2021-09-15	2026-09-14	1270.0	54.8	54.9791	65823.0	942.0	3618891.6	-0.15497301464919044	-0.2798948751642575	-0.0335097001763669	0.3884221368767414	-0.2798948751642575	-0.2798948751642575	48197.0	781.5	2919057.7	63.394502	True	True	True	True	True	True	2026-09-14T22:59:00.391661+00:00
2026-09-13	2026-09-14	IT0000076536-MTAA	IT0000076536	SGF	SOGEFI	MTAA	Euronext Milan	True	Common Stock	101	PASS				1	borsa_italiana_chart_api	XMIL	corporate_action_adjusted	2021-09-15	2026-09-14	1270.0	2.06	2.0437	198623.0	218.0	405919.535	0.0	-0.028301886792452824	0.13186813186813184	0.43003744651661935	-0.4180790960451978	-0.49943502824858754	146382.0	198.5	299269.155	2.049456	True	True	True	True	True	True	2026-09-14T22:59:00.835751+00:00
2026-09-13	2026-09-14	IT0000084043-MTAA	IT0000084043	AUTME	AUTOSTRADE MERID	MTAA	Euronext Milan	True	Common Stock	101	PASS				1	borsa_italiana_chart_api	XMIL	corporate_action_adjusted	2021-09-15	2026-09-14	1165.0	2.66	2.6587	1508.0	5.0	4009.28	-0.014814814814814836	-0.06338028169014076	-0.11333333333333329	0.33596306560998607	-0.11333333333333329	-0.13559322033898313	428.0	3.0	1168.24	2.68	True	True	True	True	True	True	2026-09-14T22:59:01.303288+00:00
2026-09-13	2026-09-14	IT0000214293-MTAA	IT0000214293	TYA	TOSCANA AEROPORTI	MTAA	Euronext Milan	True	Common Stock	101	PASS				1	borsa_italiana_chart_api	XMIL	corporate_action_adjusted	2021-09-15	2026-09-11	1082.0	18.3	18.2	47.0	3.0	855.4	-0.03174603174603163	-0.010810810810810811	-0.03174603174603163	0.2681511976773603	-0.08499999999999996	-0.10999999999999999	107.5	5.0	1978.025	18.50676	True	True	True	True	True	True	2026-09-14T22:59:01.790395+00:00
2026-09-13	2026-09-14	IT0001006128-MTAA	IT0001006128	ADB	AEROPORTO GUGLIELMO MARCONI DI BOLOGNA	MTAA	Euronext Milan	True	Common Stock	101	PASS				1	borsa_italiana_chart_api	XMIL	corporate_action_adjusted	2021-09-15	2026-09-14	1265.0	9.7	9.6072	6126.0	51.0	58853.64	-0.028056112224449037	0.021052631578947212	-0.058252427184466105	0.26726408824883385	-0.18828451882845187	-0.2803347280334728	4157.5	51.0	39277.36	9.6911415	True	True	True	True	True	True	2026-09-14T22:59:02.289497+00:00
2026-09-13	2026-09-14	IT0001018362-MTAA	IT0001018362	VLS	VALSOIA	MTAA	Euronext Milan	True	Common Stock	101	PASS				1	borsa_italiana_chart_api	XMIL	corporate_action_adjusted	2021-09-15	2026-09-14	1263.0	10.55	10.4732	1171.0	22.0	12264.15	0.009569377990430672	0.029268292682926855	0.024271844660194164	0.13515267315270754	-0.10212765957446801	-0.14893617021276595	1627.0	14.0	17009.625	10.395985	True	True	True	True	True	True	2026-09-14T22:59:02.782228+00:00
2026-09-13	2026-09-14	IT0001031084-MTAA	IT0001031084	BGN	BANCA GENERALI	MTAA	Euronext Milan	True	Common Stock	101	PASS				1	borsa_italiana_chart_api	XMIL	corporate_action_adjusted	2021-09-15	2026-09-14	1270.0	65.0	64.9713	124138.0	1075.0	8065407.1	-0.029126213592232997	-0.006875477463712754	0.2560386473429952	0.17046299007210017	-0.04692082111436957	-0.1557432432432433	154975.0	1059.5	10244665.775	66.18007	True	True	True	True	True	True	2026-09-14T22:59:03.245508+00:00
2026-09-13	2026-09-14	IT0001033700-MTAA	IT0001033700	BAN	BASICNET	MTAA	Euronext Milan	True	Common Stock	101	PASS				1	borsa_italiana_chart_api	XMIL	corporate_action_adjusted	2021-09-15	2026-09-14	1270.0	5.6	5.5799	18844.0	153.0	105148.04	-0.09238249594813619	-0.2401628222523745	-0.06821963394342767	0.2702303935153459	-0.2650918635170604	-0.2716535433070867	13650.5	96.5	80070.83499999999	5.9578595	True	True	True	True	True	True	2026-09-14T22:59:03.696706+00:00
2026-09-13	2026-09-14	IT0001041000-MTAA	IT0001041000	BDB	BCO DESIO BRIANZA	MTAA	Euronext Milan	True	Common Stock	101	PASS				1	borsa_italiana_chart_api	XMIL	corporate_action_adjusted	2021-09-15	2026-09-14	1265.0	17.7	17.8172	122789.0	740.0	2187755.2	0.02076124567474036	0.4873949579831931	1.0557491289198606	0.40668785228662596	-0.07037815126050417	-0.13760504201680657	102138.0	512.0	1742703.98	17.160925	True	True	True	True	True	True	2026-09-14T22:59:04.143655+00:00
2026-09-13	2026-09-14	IT0001042610-MTAA	IT0001042610	SAB	SABAF	MTAA	Euronext Milan	True	Common Stock	101	PASS				1	borsa_italiana_chart_api	XMIL	corporate_action_adjusted	2021-09-15	2026-09-14	1270.0	10.9	11.0137	8311.0	66.0	91535.0	-0.0954356846473029	-0.1450980392156862	-0.1583011583011582	0.22111809319366002	-0.2508591065292096	-0.2508591065292096	6029.5	52.0	70850.625	11.602173	True	True	True	True	True	True	2026-09-14T22:59:04.670007+00:00
2026-09-13	2026-09-14	IT0001077780-MTAA	IT0001077780	IRC	IRCE	MTAA	Euronext Milan	True	Common Stock	101	PASS				1	borsa_italiana_chart_api	XMIL	corporate_action_adjusted	2021-09-15	2026-09-14	1215.0	2.38	2.3887	44178.0	62.0	105526.79	0.053097345132743445	0.0393013100436681	0.202020202020202	0.31727965922784734	-0.020576131687242927	-0.1746724890829695	7576.5	15.5	17475.809999999998	2.3284545000000003	True	True	True	True	True	True	2026-09-14T22:59:05.124593+00:00
2026-09-13	2026-09-14	IT0001078911-MTAA	IT0001078911	IP	INTERPUMP GROUP	MTAA	Euronext Milan	True	Common Stock	101	PASS				1	borsa_italiana_chart_api	XMIL	corporate_action_adjusted	2021-09-15	2026-09-14	1270.0	33.92	33.9281	273239.0	1756.0	9270485.15	-0.07926167209554835	-0.05304299274148516	0.051456912585245096	0.2802143991419539	-0.33490196078431367	-0.39254901960784316	118424.0	814.0	4309605.109999999	36.610647	True	True	True	True	True	True	2026-09-14T22:59:05.575428+00:00
2026-09-13	2026-09-14	IT0001127874-MTAA	IT0001127874	CSP	CSP INT IND CALZE	MTAA	Euronext Milan	True	Common Stock	101	PASS				1	borsa_italiana_chart_api	XMIL	corporate_action_adjusted	2021-09-15	2026-09-14	1203.0	0.29	0.29	42804.0	10.0	12413.546	0.010452961672473782	-0.033333333333333326	-0.030100334448160515	0.3078417406858228	-0.11854103343465061	-0.14285714285714302	12825.0	6.0	3725.77	0.291625	True	True	True	True	True	True	2026-09-14T22:59:06.044762+00:00
2026-09-13	2026-09-14	IT0001128047-MTAA	IT0001128047	CMB	CEMBRE	MTAA	Euronext Milan	True	Common Stock	101	PASS				1	borsa_italiana_chart_api	XMIL	corporate_action_adjusted	2021-09-15	2026-09-14	1270.0	81.9	81.515	25355.0	1209.0	2066812.9	0.009864364981504448	-0.11555075593952469	0.2917981072555207	0.28653849546430027	-0.16428571428571426	-0.19066666666666665	7716.0	325.0	638439.3	83.18392850000001	True	True	True	True	True	True	2026-09-14T22:59:06.656107+00:00
2026-09-13	2026-09-14	IT0001157020-MTAA	IT0001157020	ERG	ERG	MTAA	Euronext Milan	True	Common Stock	101	PASS				1	borsa_italiana_chart_api	XMIL	corporate_action_adjusted	2021-09-15	2026-09-14	1270.0	21.76	21.8904	303649.0	1277.0	6646998.36	-0.034605146406388565	-0.04895104895104885	0.005545286506469571	0.182799736338731	-0.12750601443464316	-0.17321571772253408	152897.0	528.5	3365877.27	22.2541845	True	True	True	True	True	True	2026-09-14T22:59:07.108060+00:00
2026-09-13	2026-09-14	IT0001206769-MTAA	IT0001206769	SOL	SOL	MTAA	Euronext Milan	True	Common Stock	101	PASS				1	borsa_italiana_chart_api	XMIL	corporate_action_adjusted	2021-09-15	2026-09-14	1270.0	53.4	53.2702	50929.0	637.0	2712996.6	-0.02732240437158473	-0.11442786069651745	0.017142857142857126	0.27510306424991876	-0.1577287066246057	-0.17192429022082012	37699.0	501.0	2065115.35	54.564708	True	True	True	True	True	True	2026-09-14T22:59:07.554889+00:00
2026-09-13	2026-09-14	IT0001207098-MTAA	IT0001207098	ACE	ACEA	MTAA	Euronext Milan	True	Common Stock	101	PASS				1	borsa_italiana_chart_api	XMIL	corporate_action_adjusted	2021-09-15	2026-09-14	1270.0	19.59	19.6895	71774.0	407.0	1413194.44	-0.07332071901608328	-0.11934862546908509	-0.20102194147100305	0.1908641421798392	-0.25058034117301276	-0.25058034117301276	93490.0	404.0	1961261.32	20.8303665	True	True	True	True	True	True	2026-09-14T22:59:08.093901+00:00
2026-09-13	2026-09-14	IT0001214433-MTAA	IT0001214433	ICOP	I.CO.P.	MTAA	Euronext Milan	True	Common Stock	101	PASS				1	borsa_italiana_chart_api	XMIL	corporate_action_adjusted	2024-07-25	2026-09-14	524.0	27.2	28.1794	3202.0	36.0	90230.3	-0.07796610169491525	-0.08417508417508412	0.20353982300884943	0.37457259467278653	-0.15264797507788164	-0.21303258145363413	6944.5	22.5	200258.3	29.227381	True	True	True	True	True	True	2026-09-14T22:59:08.555682+00:00
2026-09-13	2026-09-14	IT0001233417-MTAA	IT0001233417	A2A	A2A	MTAA	Euronext Milan	True	Common Stock	101	PASS				1	borsa_italiana_chart_api	XMIL	corporate_action_adjusted	2021-09-15	2026-09-14	1270.0	2.318	2.3336	6989607.0	1734.0	16310825.299	0.013554875382597364	0.02249669166299073	-0.05038918476034404	0.19218828095758952	-0.14904552129221738	-0.1916299559471366	7116051.0	1700.5	16617745.105	2.3069555	True	True	True	True	True	True	2026-09-14T22:59:09.176416+00:00
2026-09-13	2026-09-14	IT0001237053-MTAA	IT0001237053	EM	EMAK	MTAA	Euronext Milan	True	Common Stock	101	PASS				1	borsa_italiana_chart_api	XMIL	corporate_action_adjusted	2021-09-15	2026-09-14	1270.0	0.825	0.82	51896.0	72.0	42552.431	-0.025974025974025983	-0.07718120805369133	-0.03958090803259606	0.22391655342154843	-0.20977011494252884	-0.21839080459770122	77981.5	53.5	64311.375	0.82889	True	True	True	True	True	True	2026-09-14T22:59:09.606894+00:00
2026-09-13	2026-09-14	IT0001250932-MTAA	IT0001250932	HER	HERA	MTAA	Euronext Milan	True	Common Stock	101	PASS				1	borsa_italiana_chart_api	XMIL	corporate_action_adjusted	2021-09-15	2026-09-14	1270.0	3.562	3.5911	1772729.0	1117.0	6366075.308	-0.07624481327800836	-0.06263157894736837	-0.15109628217349858	0.1694080142746	-0.19521012200632637	-0.19521012200632637	2526147.5	1389.0	9501742.925	3.7867125	True	True	True	True	True	True	2026-09-14T22:59:10.045094+00:00
2026-09-13	2026-09-14	IT0001268561-MTAA	IT0001268561	BEC	B&C SPEAKERS	MTAA	Euronext Milan	True	Common Stock	101	PASS				1	borsa_italiana_chart_api	XMIL	corporate_action_adjusted	2021-09-15	2026-09-14	1246.0	11.2	11.3087	17687.0	123.0	200016.2	-0.034482758620689724	0.004484304932735439	-0.16104868913857684	0.283823918416854	-0.35446685878962547	-0.3890489913544669	14186.5	95.0	160687.35	11.398751	True	True	True	True	True	True	2026-09-14T22:59:10.487911+00:00
2026-09-13	2026-09-14	IT0001347308-MTAA	IT0001347308	BZU	BUZZI	MTAA	Euronext Milan	True	Common Stock	101	PASS				1	borsa_italiana_chart_api	XMIL	corporate_action_adjusted	2021-09-15	2026-09-14	1270.0	37.73	37.9342	605660.0	3087.0	22975255.82	-0.08177172061328808	-0.21395833333333336	-0.10677083333333348	0.28904712129500304	-0.30770642201834864	-0.30770642201834864	432256.0	2110.5	17060357.78	39.995940000000004	True	True	True	True	True	True	2026-09-14T22:59:10.921032+00:00
2026-09-13	2026-09-14	IT0001382024-MTAA	IT0001382024	AC5	ACINQUE	MTAA	Euronext Milan	True	Common Stock	101	PASS				1	borsa_italiana_chart_api	XMIL	corporate_action_adjusted	2021-09-15	2026-09-14	1146.0	2.06	2.0756	7371.0	16.0	15299.46	-0.03738317757009346	-0.028301886792452824	-0.0803571428571429	0.23819172395388902	-0.11965811965811957	-0.11965811965811957	2299.0	7.0	4758.4400000000005	2.0866685	True	True	True	True	True	True	2026-09-14T22:59:11.388442+00:00
2026-09-13	2026-09-14	IT0001384590-MTAA	IT0001384590	AEF	AEFFE	MTAA	Euronext Milan	True	Common Stock	101	PASS				1	borsa_italiana_chart_api	XMIL	corporate_action_adjusted	2021-09-15	2026-09-14	1270.0	0.145	0.1453	37569.0	8.0	5459.049	-0.05228758169934644	0.05454545454545445	-0.3028846153846154	0.7052120493371462	-0.6927966101694916	-0.7213983050847457	88932.0	21.0	13984.529999999999	0.1547845	True	True	True	True	True	True	2026-09-14T22:59:11.859377+00:00
2026-09-13	2026-09-14	IT0001402269-MTAA	IT0001402269	RN	RISANAMENTO	MTAA	Euronext Milan	True	Common Stock	101	PASS				1	borsa_italiana_chart_api	XMIL	corporate_action_adjusted	2021-09-15	2026-09-14	1270.0	0.044	0.0494	122243192.0	1875.0	6039062.9518	0.2154696132596683	1.6666666666666665	2.1884057971014492	1.047784007999393	-0.09278350515463929	-0.3883928571428571	47508377.0	650.5	1414052.495	0.0329345	True	True	True	True	True	True	2026-09-14T22:59:12.389422+00:00
2026-09-13	2026-09-14	IT0001413837-MTAA	IT0001413837	IMS	IMMSI	MTAA	Euronext Milan	True	Common Stock	101	PASS				1	borsa_italiana_chart_api	XMIL	corporate_action_adjusted	2021-09-15	2026-09-14	1270.0	0.515	0.5149	96960.0	59.0	49927.175	-0.03738317757009346	0.03206412825651306	0.07291666666666674	0.25521601842117353	-0.253623188405797	-0.34275362318840574	91611.5	58.5	47020.630000000005	0.5162235	True	True	True	True	True	True	2026-09-14T22:59:12.871390+00:00
2026-09-13	2026-09-14	IT0001447785-MTAA	IT0001447785	MTV	MONDO TV	MTAA	Euronext Milan	True	Common Stock	101	PASS				1	borsa_italiana_chart_api	XMIL	corporate_action_adjusted	2021-09-15	2026-09-11	1268.0	0.0298	0.029193	110675.0	10.0	3230.94	-0.09696969696969704	-0.40160642570281124	-0.45421245421245426	0.4878475969675057	-0.5826330532212886	-0.592436974789916	199044.5	16.5	6513.49	0.0321955	True	True	True	True	True	True	2026-09-14T22:59:13.368580+00:00
2026-09-13	2026-09-14	IT0001454435-MTAA	IT0001454435	TXT	TXT E-SOLUTIONS	MTAA	Euronext Milan	True	Common Stock	101	PASS				1	borsa_italiana_chart_api	XMIL	corporate_action_adjusted	2021-09-15	2026-09-14	1270.0	53.0	53.2829	21052.0	440.0	1121711.9	-0.0018832391713747842	0.4640883977900552	0.6878980891719746	0.3750404868383673	-0.01851851851851849	-0.3411602209944752	29275.5	452.5	1528491.15	52.5076765	True	True	True	True	True	True	2026-09-14T22:59:13.856319+00:00
2026-09-13	2026-09-14	IT0001469383-MTAA	IT0001469383	MN	MONDADORI EDIT	MTAA	Euronext Milan	True	Common Stock	101	PASS				1	borsa_italiana_chart_api	XMIL	corporate_action_adjusted	2021-09-15	2026-09-14	1270.0	2.095	2.1024	479193.0	418.0	1007451.74	-0.014117647058823457	0.012077294685990614	0.07546201232032868	0.14320265039819777	-0.03899082568807333	-0.10917431192660554	281066.5	312.0	584477.505	2.0924145000000003	True	True	True	True	True	True	2026-09-14T22:59:14.316164+00:00
2026-09-13	2026-09-14	IT0001469953-MTAA	IT0001469953	SFT	SOFTLAB	MTAA	Euronext Milan	True	Common Stock	101	PASS				1	borsa_italiana_chart_api	XMIL	corporate_action_adjusted	2021-09-15	2026-09-10	1130.0	1.485	1.491703	6483.0	13.0	9670.71	0.05693950177935947	-0.08895705521472386	0.20242914979757076	0.47730392352944206	-0.1885245901639344	-0.5	1750.0	5.0	2583.8199999999997	1.45	True	True	True	True	True	True	2026-09-14T22:59:14.781037+00:00
2026-09-13	2026-09-14	IT0001469995-MTAA	IT0001469995	DIB	DIGITAL BROS	MTAA	Euronext Milan	True	Common Stock	101	PASS				1	borsa_italiana_chart_api	XMIL	corporate_action_adjusted	2021-09-15	2026-09-14	1270.0	13.16	13.1892	22681.0	222.0	299143.68	0.051118210862619806	0.1792114695340501	0.3539094650205761	0.31721782954511535	-0.07713884992987374	-0.3464235624123422	8346.5	97.5	102857.57	12.386804	True	True	True	True	True	True	2026-09-14T22:59:15.554768+00:00
2026-09-13	2026-09-14	IT0001472171-MTAA	IT0001472171	CED	CALTAGIRONE EDIT	MTAA	Euronext Milan	True	Common Stock	101	PASS				1	borsa_italiana_chart_api	XMIL	corporate_action_adjusted	2021-09-15	2026-09-14	1241.0	2.67	2.6471	33491.0	48.0	88652.6	-0.014760147601476037	0.10330578512396693	0.4751381215469612	0.17507121364397307	-0.029090909090909167	-0.12760416666666663	11232.5	29.0	30185.525	2.6915370000000003	True	True	True	True	True	True	2026-09-14T22:59:16.014145+00:00
2026-09-13	2026-09-14	IT0001487047-MTAA	IT0001487047	BWZ	BEEWIZE	MTAA	Euronext Milan	True	Common Stock	101	PASS				1	borsa_italiana_chart_api	XMIL	corporate_action_adjusted	2021-09-15	2026-09-14	1064.0	0.32	0.32	20000.0	3.0	6400.0	-0.11602209944751374	-0.1351351351351351	-0.2195121951219512	0.7000078888862162	-0.29359823399558505	-0.44044943820224725	1119.5	3.0	392.5	0.340231	True	True	True	True	True	True	2026-09-14T22:59:16.489922+00:00
2026-09-13	2026-09-14	IT0003023980-MTAA	IT0003023980	CLI	CENTRALE DEL LATTE D'ITALIA	MTAA	Euronext Milan	True	Common Stock	101	PASS				1	borsa_italiana_chart_api	XMIL	corporate_action_adjusted	2021-09-15	2026-09-14	1159.0	4.05	4.1019	2061.0	18.0	8454.08	-0.021739130434782594	-0.038004750593824244	-0.0795454545454547	0.2393397140036236	-0.29565217391304355	-0.3182608695652174	1979.0	10.5	8052.5	4.0713595	True	True	True	True	True	True	2026-09-14T22:59:16.946867+00:00
2026-09-13	2026-09-14	IT0003025019-MTAA	IT0003025019	CLF	CALEFFI	MTAA	Euronext Milan	True	Common Stock	101	PASS				1	borsa_italiana_chart_api	XMIL	corporate_action_adjusted	2021-09-15	2026-09-14	1169.0	0.85	0.8441	21850.0	16.0	18443.078	0.029055690072639306	0.12137203166226906	-0.02298850574712641	0.29510569738971504	-0.11273486430062629	-0.21294363256784965	5059.0	9.0	4151.95	0.811968	True	True	True	True	True	True	2026-09-14T22:59:17.426974+00:00
2026-09-13	2026-09-14	IT0003027817-MTAA	IT0003027817	IRE	IREN	MTAA	Euronext Milan	True	Common Stock	101	PASS				1	borsa_italiana_chart_api	XMIL	corporate_action_adjusted	2021-09-15	2026-09-14	1270.0	2.434	2.4476	443207.0	342.0	1084799.154	-0.031050955414012704	-0.08975317875841426	-0.08496240601503757	0.19219658972646314	-0.14356087262491202	-0.16256157635467983	923254.5	559.0	2298245.335	2.485513	True	True	True	True	True	True	2026-09-14T22:59:18.307068+00:00
2026-09-13	2026-09-14	IT0003056386-MTAA	IT0003056386	PINF	PININFARINA SPA	MTAA	Euronext Milan	True	Common Stock	101	PASS				1	borsa_italiana_chart_api	XMIL	corporate_action_adjusted	2021-09-15	2026-09-14	1247.0	0.82	0.8298	5508.0	6.0	4570.324	-0.030732860520094607	0.05670103092783485	0.0512820512820511	0.21045879003469128	-0.0848214285714286	-0.2053571428571429	9899.0	11.0	8145.93	0.8239395	True	True	True	True	True	True	2026-09-14T22:59:18.744873+00:00
2026-09-13	2026-09-14	IT0003057624-MTAA	IT0003057624	ITW	IT WAY	MTAA	Euronext Milan	True	Common Stock	101	PASS				1	borsa_italiana_chart_api	XMIL	corporate_action_adjusted	2021-09-15	2026-09-14	1263.0	0.918	0.9041	1412.0	5.0	1276.64	-0.03974895397489531	-0.12153110047846882	-0.14205607476635518	0.36870795553331154	-0.40774193548387094	-0.4258064516129032	2525.0	6.5	2341.34	0.9228715000000001	True	True	True	True	True	True	2026-09-14T22:59:19.236784+00:00
2026-09-13	2026-09-14	IT0003073266-MTAA	IT0003073266	PIA	PIAGGIO	MTAA	Euronext Milan	True	Common Stock	101	PASS				1	borsa_italiana_chart_api	XMIL	corporate_action_adjusted	2021-09-15	2026-09-14	1270.0	1.894	1.8894	1164033.0	603.0	2199342.466	-0.04004054738976193	0.14510278113663855	0.22114764667956166	0.27789011589161	-0.09204218600191749	-0.296260786193672	533836.5	486.5	1075808.375	1.9886705	True	True	True	True	True	True	2026-09-14T22:59:19.678457+00:00
2026-09-13	2026-09-14	IT0003097257-MTAA	IT0003097257	BSS	BIESSE	MTAA	Euronext Milan	True	Common Stock	101	PASS				1	borsa_italiana_chart_api	XMIL	corporate_action_adjusted	2021-09-15	2026-09-14	1270.0	5.02	4.9902	76618.0	288.0	382341.55	-0.051039697542533125	-0.16333333333333344	-0.013752455795677854	0.36535910723938975	-0.4009546539379476	-0.41766109785202876	41309.0	177.5	219766.3	5.250367	True	True	True	True	True	True	2026-09-14T22:59:20.129811+00:00
2026-09-13	2026-09-14	IT0003115950-MTAA	IT0003115950	DLG	DE'LONGHI	MTAA	Euronext Milan	True	Common Stock	101	PASS				1	borsa_italiana_chart_api	XMIL	corporate_action_adjusted	2021-09-15	2026-09-14	1270.0	38.84	38.9213	104910.0	1376.0	4083230.2	-0.03383084577114426	0.025343189017951406	0.22833649588867821	0.3028301621688813	-0.08223062381852542	-0.2708860759493671	104669.5	1221.0	4088752.39	40.2789735	True	True	True	True	True	True	2026-09-14T22:59:20.584693+00:00
2026-09-13	2026-09-14	IT0003121677-MTAA	IT0003121677	CE	CREDEM	MTAA	Euronext Milan	True	Common Stock	101	PASS				1	borsa_italiana_chart_api	XMIL	corporate_action_adjusted	2021-09-15	2026-09-14	1270.0	20.7	20.7264	71198.0	455.0	1475677.68	-0.0057636887608070175	0.23655913978494625	0.4236588720770289	0.20675910700140782	-0.012404580152671874	-0.12	82704.0	469.5	1692348.86	20.5763785	True	True	True	True	True	True	2026-09-14T22:59:21.029833+00:00
2026-09-13	2026-09-14	IT0003127930-MTAA	IT0003127930	CALT	CALTAGIRONE	MTAA	Euronext Milan	True	Common Stock	101	PASS				1	borsa_italiana_chart_api	XMIL	corporate_action_adjusted	2021-09-15	2026-09-14	1259.0	9.64	9.6829	17294.0	122.0	167456.74	-0.07307692307692304	-0.06769825918762085	0.05934065934065935	0.2875888811151809	-0.10074626865671643	-0.184688995215311	20353.0	117.5	206353.85499999998	9.9742025	True	True	True	True	True	True	2026-09-14T22:59:21.469865+00:00
2026-09-13	2026-09-14	IT0003128367-MTAA	IT0003128367	ENEL	ENEL	MTAA	Euronext Milan	True	Common Stock	101	PASS				1	borsa_italiana_chart_api	XMIL	corporate_action_adjusted	2021-09-15	2026-09-14	1270.0	8.742	8.7729	22594524.0	10553.0	198219622.9545	-0.07930489731437584	-0.11545077405646043	-0.11839451391690192	0.17062526037102219	-0.14961089494163415	-0.14961089494163415	16701567.5	9217.5	150210093.185	9.330314000000001	True	True	True	True	True	True	2026-09-14T22:59:21.921916+00:00
2026-09-13	2026-09-14	IT0003132476-MTAA	IT0003132476	ENI	ENI	MTAA	Euronext Milan	True	Common Stock	101	PASS				1	borsa_italiana_chart_api	XMIL	corporate_action_adjusted	2021-09-15	2026-09-14	1270.0	24.01	24.1263	7752646.0	10130.0	187042388.19	0.013293943870014813	0.09986257443884572	0.028485757121439415	0.2942590069201235	-0.035161744022503494	-0.1930882057464337	7740956.0	8519.0	186458244.41	23.743813	True	True	True	True	True	True	2026-09-14T22:59:22.372588+00:00
2026-09-13	2026-09-14	IT0003153415-MTAA	IT0003153415	SRG	SNAM	MTAA	Euronext Milan	True	Common Stock	101	PASS				1	borsa_italiana_chart_api	XMIL	corporate_action_adjusted	2021-09-15	2026-09-14	1270.0	5.438	5.4589	4100805.0	2307.0	22385718.162	-0.057538994800693244	-0.15031250000000007	-0.17355623100303952	0.15067833715549764	-0.20123384253819043	-0.20123384253819043	4533942.5	2009.0	26107482.09	5.7565735	True	True	True	True	True	True	2026-09-14T22:59:22.855722+00:00
2026-09-13	2026-09-14	IT0003153621-MTAA	IT0003153621	TIP	TAMBURI	MTAA	Euronext Milan	True	Common Stock	101	PASS				1	borsa_italiana_chart_api	XMIL	corporate_action_adjusted	2021-09-15	2026-09-14	1270.0	8.84	9.1204	876003.0	2148.0	7989463.2	-0.10071210579857581	-0.041214750542299394	0.09270704573547595	0.33247392418630295	-0.13840155945419108	-0.2641325536062378	173003.0	490.0	1687879.955	9.7561535	True	True	True	True	True	True	2026-09-14T22:59:23.292801+00:00
2026-09-13	2026-09-14	IT0003173629-MTAA	IT0003173629	BST	BANCA SISTEMA	MTAA	Euronext Milan	True	Common Stock	101	PASS				1	borsa_italiana_chart_api	XMIL	corporate_action_adjusted	2021-09-15	2026-09-14	1270.0	1.558	1.5398	57975.0	64.0	89272.618	-0.06144578313253002	-0.11376564277588164	-0.04884004884004878	0.227796396605317	-0.13732004429678846	-0.1705426356589147	12927.5	21.0	20715.135000000002	1.5975025	True	True	True	True	True	True	2026-09-14T22:59:23.715903+00:00
2026-09-13	2026-09-14	IT0003188064-MTAA	IT0003188064	IF	BANCA IFIS	MTAA	Euronext Milan	True	Common Stock	101	PASS				1	borsa_italiana_chart_api	XMIL	corporate_action_adjusted	2021-09-15	2026-09-14	1270.0	14.86	14.955	600262.0	1489.0	8976897.92	-0.030658838878017014	-0.3330341113105926	-0.3348254252461952	0.8548059533549864	-0.4604212055192447	-0.5562817719680464	257087.5	766.5	3887185.705	15.003916499999999	True	True	True	True	True	True	2026-09-14T22:59:24.155896+00:00
2026-09-13	2026-09-14	IT0003203947-MTAA	IT0003203947	GE	GEFRAN	MTAA	Euronext Milan	True	Common Stock	101	PASS				1	borsa_italiana_chart_api	XMIL	corporate_action_adjusted	2021-09-15	2026-09-14	1269.0	11.95	11.8602	3853.0	32.0	45697.25	0.06696428571428581	0.1220657276995305	0.1773399014778323	0.29793431791900293	-0.08076923076923082	-0.24	7372.0	57.5	88260.975	11.8483225	True	True	True	True	True	True	2026-09-14T22:59:24.586472+00:00
2026-09-13	2026-09-14	IT0003217335-MTAA	IT0003217335	BO	BORGOSESIA	MTAA	Euronext Milan	True	Common Stock	101	PASS				1	borsa_italiana_chart_api	XMIL	corporate_action_adjusted	2021-09-15	2026-09-11	1235.0	0.716	0.716	2580.0	5.0	1847.28	-0.005555555555555536	0.0028011204481792618	0.025787965616045794	0.14185881347948867	-0.032432432432432434	-0.08474576271186429	2215.0	4.0	1581.94	0.7118875	True	True	True	True	True	True	2026-09-14T22:59:25.008976+00:00
2026-09-13	2026-09-14	IT0003242622-MTAA	IT0003242622	TRN	TERNA	MTAA	Euronext Milan	True	Common Stock	101	PASS				1	borsa_italiana_chart_api	XMIL	corporate_action_adjusted	2021-09-15	2026-09-14	1270.0	8.976	9.0355	5103834.0	3331.0	46115540.5	-0.08013937282229944	-0.12557233317096927	-0.11084695393759281	0.1466330484425617	-0.13567645642753967	-0.13567645642753967	3269627.0	2337.0	31399274.455	9.687479	True	True	True	True	True	True	2026-09-14T22:59:25.496168+00:00
2026-09-13	2026-09-14	IT0003261697-MTAA	IT0003261697	AZM	AZIMUT	MTAA	Euronext Milan	True	Common Stock	101	PASS				1	borsa_italiana_chart_api	XMIL	corporate_action_adjusted	2021-09-15	2026-09-14	1270.0	38.2	38.351	297989.0	2080.0	11428184.085	-0.02026160553988199	-0.0018291089626338852	0.1551254913819171	0.22662123509186172	-0.026255416772877793	-0.14930182599355535	336341.5	1984.0	12990104.754999999	38.5943045	True	True	True	True	True	True	2026-09-14T22:59:25.938245+00:00
2026-09-13	2026-09-14	IT0003365613-MTAA	IT0003365613	FM	FIERA MILANO	MTAA	Euronext Milan	True	Common Stock	101	PASS				1	borsa_italiana_chart_api	XMIL	corporate_action_adjusted	2021-09-15	2026-09-14	1270.0	7.58	7.6078	10508.0	141.0	79942.27	-0.0845410628019323	-0.10189573459715628	0.05131761442441052	0.27221704606978686	-0.167032967032967	-0.167032967032967	35368.0	196.0	273179.43	7.896186999999999	True	True	True	True	True	True	2026-09-14T22:59:26.575957+00:00
2026-09-13	2026-09-14	IT0003372205-MTAA	IT0003372205	EDNR	EDISON R	MTAA	Euronext Milan	True	Common Stock	101	PASS				1	borsa_italiana_chart_api	XMIL	corporate_action_adjusted	2021-09-15	2026-09-14	1270.0	1.96	1.9553	29238.0	60.0	57168.948	-0.0080971659919028	-0.009100101112234582	-0.11711711711711725	0.18579964577152652	-0.241779497098646	-0.26653771760154743	30842.0	76.0	59673.744	1.9186065	True	True	True	True	True	True	2026-09-14T22:59:27.009840+00:00
2026-09-13	2026-09-14	IT0003404214-MTAA	IT0003404214	ELC	ELICA	MTAA	Euronext Milan	True	Common Stock	101	PASS				1	borsa_italiana_chart_api	XMIL	corporate_action_adjusted	2021-09-15	2026-09-14	1267.0	1.12	1.1329	35171.0	38.0	39845.54	-0.02183406113537112	-0.07438016528925606	-0.08571428571428574	0.26499790565311526	-0.38630136986301367	-0.39726027397260266	9894.5	11.0	11755.66	1.1680085	True	True	True	True	True	True	2026-09-14T22:59:27.455398+00:00
2026-09-13	2026-09-14	IT0003411417-MTAA	IT0003411417	IEG	ITALIAN EXHIBITION GROUP	MTAA	Euronext Milan	True	Common Stock	101	PASS				1	borsa_italiana_chart_api	XMIL	corporate_action_adjusted	2021-09-15	2026-09-14	1238.0	16.4	16.7382	10250.0	113.0	171567.0	0.12714776632302383	0.23308270676691722	0.38396624472573837	0.5029438891100401	-0.07605633802816913	-0.22816901408450707	4773.0	65.5	70984.54999999999	14.911896500000001	True	True	True	True	True	True	2026-09-14T22:59:27.902152+00:00
2026-09-13	2026-09-14	IT0003428445-MTAA	IT0003428445	MARR	MARR	MTAA	Euronext Milan	True	Common Stock	101	PASS				1	borsa_italiana_chart_api	XMIL	corporate_action_adjusted	2021-09-15	2026-09-14	1270.0	5.76	5.764	118967.0	357.0	685729.26	-0.10835913312693501	-0.14157973174366623	-0.15294117647058825	0.23782452009468028	-0.41164453524004085	-0.4157303370786517	194256.5	470.0	1185939.585	6.1248005	True	True	True	True	True	True	2026-09-14T22:59:28.510640+00:00
2026-09-13	2026-09-14	IT0003492391-MTAA	IT0003492391	DIA	DIASORIN	MTAA	Euronext Milan	True	Common Stock	101	PASS				1	borsa_italiana_chart_api	XMIL	corporate_action_adjusted	2021-09-15	2026-09-14	1270.0	73.9	74.2382	127118.0	1639.0	9437006.22	-0.006987368986831388	0.14467162329615868	0.1443171260452154	0.30177503972309	-0.06621177659843314	-0.29719484457922674	125013.5	1510.0	9378746.02	75.19562049999999	True	True	True	True	True	True	2026-09-14T22:59:29.137110+00:00
2026-09-13	2026-09-14	IT0003549422-MTAA	IT0003549422	SL	SANLORENZO	MTAA	Euronext Milan	True	Common Stock	101	PASS				1	borsa_italiana_chart_api	XMIL	corporate_action_adjusted	2021-09-15	2026-09-14	1270.0	37.66	37.6864	21483.0	472.0	809618.0	-0.05566700100300914	-0.014652014652014711	0.305372616984402	0.21130150132015213	-0.05566700100300914	-0.21349862258953156	21789.5	395.5	829569.895	38.4925005	True	True	True	True	True	True	2026-09-14T22:59:29.669861+00:00
2026-09-13	2026-09-14	IT0003621783-MTAA	IT0003621783	SSL	S.S. LAZIO	MTAA	Euronext Milan	True	Common Stock	101	PASS				1	borsa_italiana_chart_api	XMIL	corporate_action_adjusted	2021-09-15	2026-09-14	1269.0	1.7	1.69	194460.0	171.0	328630.29	0.027190332326283873	0.024096385542168752	0.44067796610169485	0.3910778481655549	-0.03409090909090917	-0.21843003412969286	53218.0	60.5	87579.67499999999	1.6229685	True	True	True	True	True	True	2026-09-14T22:59:30.139591+00:00
2026-09-13	2026-09-14	IT0003697080-MTAA	IT0003697080	GEO	GEOX	MTAA	Euronext Milan	True	Common Stock	101	PASS				1	borsa_italiana_chart_api	XMIL	corporate_action_adjusted	2021-09-15	2026-09-14	1270.0	0.2915	0.2898	511317.0	138.0	148198.4025	0.015679442508710784	0.00865051903114189	0.1777777777777778	0.20991000545463062	-0.16475644699140402	-0.29799426934097417	133093.0	66.5	37435.205	0.2822095	True	True	True	True	True	True	2026-09-14T22:59:30.610973+00:00
2026-09-13	2026-09-14	IT0003796171-MTAA	IT0003796171	PST	POSTE ITALIANE	MTAA	Euronext Milan	True	Common Stock	101	PASS				1	borsa_italiana_chart_api	XMIL	corporate_action_adjusted	2021-09-15	2026-09-14	1270.0	25.94	26.0719	2101840.0	4233.0	54799045.235	-0.05190058479532156	-0.11255559356825173	0.1953917050691245	0.19154531981831238	-0.11255559356825173	-0.15542271562766863	1872144.5	3353.0	51198233.25	27.014439	True	True	True	True	True	True	2026-09-14T22:59:31.061803+00:00
2026-09-13	2026-09-14	IT0003828271-MTAA	IT0003828271	REC	RECORDATI ORD	MTAA	Euronext Milan	True	Common Stock	101	PASS				1	borsa_italiana_chart_api	XMIL	corporate_action_adjusted	2021-09-15	2026-09-14	1270.0	52.35	52.3214	350804.0	805.0	18354545.25	-0.0028571428571427804	0.033563672260612076	0.16230017761989357	0.06796715088047113	-0.031452358926919444	-0.17705827937095286	228588.5	695.5	11933330.195	52.532263	True	True	True	True	True	True	2026-09-14T22:59:31.603043+00:00
2026-09-13	2026-09-14	IT0003850929-MTAA	IT0003850929	PRT	ESPRINET	MTAA	Euronext Milan	True	Common Stock	101	PASS				1	borsa_italiana_chart_api	XMIL	corporate_action_adjusted	2021-09-15	2026-09-14	1270.0	7.945	8.1144	565270.0	1995.0	4586852.695	0.11196641007697705	0.08910212474297463	0.7196969696969697	0.38907390520681373	-0.06912712360867013	-0.30992366412213745	135446.0	584.0	965103.155	7.158092	True	True	True	True	True	True	2026-09-14T22:59:32.052035+00:00
2026-09-13	2026-09-14	IT0003856405-MTAA	IT0003856405	LDO	LEONARDO	MTAA	Euronext Milan	True	Common Stock	101	PASS				1	borsa_italiana_chart_api	XMIL	corporate_action_adjusted	2021-09-15	2026-09-14	1270.0	49.27	49.6378	1785909.0	10032.0	88648681.9825	-0.17746243739565937	-0.05811508315809599	-0.22188881869867338	0.3335108153460423	-0.23327108621226267	-0.2832244008714597	1673501.5	9394.5	88165447.12625	51.667869499999995	True	True	True	True	True	True	2026-09-14T22:59:32.655932+00:00
2026-09-13	2026-09-14	IT0003865570-MTAA	IT0003865570	WBD	WEBUILD	MTAA	Euronext Milan	True	Common Stock	101	PASS				1	borsa_italiana_chart_api	XMIL	corporate_action_adjusted	2021-09-15	2026-09-14	1270.0	1.934	1.9617	6536219.0	2824.0	12822352.2045	-0.1502636203866432	-0.22204344328238146	-0.1941666666666667	0.300483667598906	-0.4787061994609164	-0.4787061994609164	2463772.0	1011.0	5404353.415	2.19685	True	True	True	True	True	True	2026-09-14T22:59:33.468961+00:00
2026-09-13	2026-09-14	IT0003865588-MTAA	IT0003865588	WBDR	WEBUILD RSP	MTAA	Euronext Milan	True	Common Stock	101	PASS				1	borsa_italiana_chart_api	XMIL	corporate_action_adjusted	2021-09-15	2026-09-14	1069.0	8.68	8.3692	733.0	6.0	6134.6	-0.018099547511312264	-0.05856832971800441	-0.03125000000000011	0.30438577528369937	-0.31383399209486174	-0.33754940711462444	545.5	6.0	4861.42	8.7225515	True	True	True	True	True	True	2026-09-14T22:59:34.204176+00:00
2026-09-13	2026-09-14	IT0003895668-MTAA	IT0003895668	ETH	EUROTECH	MTAA	Euronext Milan	True	Common Stock	101	PASS				1	borsa_italiana_chart_api	XMIL	corporate_action_adjusted	2021-09-15	2026-09-14	1270.0	1.304	1.2836	540372.0	352.0	693640.428	-0.03834808259587019	-0.06590257879656147	0.36687631027253675	0.4340477104035496	-0.09820193637621022	-0.256979911997556	175963.5	171.5	226538.11	1.2821765	True	True	True	True	True	True	2026-09-14T22:59:34.675118+00:00
2026-09-13	2026-09-14	IT0004056880-MTAA	IT0004056880	AMP	AMPLIFON	MTAA	Euronext Milan	True	Common Stock	101	PASS				1	borsa_italiana_chart_api	XMIL	corporate_action_adjusted	2021-09-15	2026-09-14	1270.0	11.425	11.4327	925542.0	1658.0	10581428.095	-0.09361364537881789	0.12119725220804733	0.41749379652605456	0.33189475401590113	-0.2732188295165394	-0.489058524173028	963849.5	1715.5	11320540.235	11.873478500000001	True	True	True	True	True	True	2026-09-14T22:59:35.125482+00:00
2026-09-13	2026-09-14	IT0004093263-MTAA	IT0004093263	ASC	ASCOPIAVE	MTAA	Euronext Milan	True	Common Stock	101	PASS				1	borsa_italiana_chart_api	XMIL	corporate_action_adjusted	2021-09-15	2026-09-14	1270.0	2.685	2.7068	166168.0	287.0	449790.74	-0.042780748663101664	-0.09899328859060397	-0.24789915966386544	0.2247259944156945	-0.31153846153846154	-0.31153846153846154	82468.5	170.5	227229.44	2.7612305	True	True	True	True	True	True	2026-09-14T22:59:35.593681+00:00
2026-09-13	2026-09-14	IT0004098510-MTAA	IT0004098510	GSP	GAS PLUS	MTAA	Euronext Milan	True	Common Stock	101	PASS				1	borsa_italiana_chart_api	XMIL	corporate_action_adjusted	2021-09-15	2026-09-14	1270.0	6.25	6.3783	251943.0	574.0	1606955.79	0.03993344425956735	0.1343012704174229	-0.047256097560975596	0.22753302971320338	-0.16666666666666663	-0.28800000000000003	85329.0	211.5	509796.505	6.018637	True	True	True	True	True	True	2026-09-14T22:59:36.073692+00:00
2026-09-13	2026-09-14	IT0004171440-MTAA	IT0004171440	ZV	ZIGNAGO VETRO	MTAA	Euronext Milan	True	Common Stock	101	PASS				1	borsa_italiana_chart_api	XMIL	corporate_action_adjusted	2021-09-15	2026-09-14	1270.0	6.73	6.6906	87493.0	243.0	585378.64	-0.026049204052098318	-0.08807588075880757	0.03220858895705536	0.2284399638219487	-0.18126520681265212	-0.2189781021897811	76438.5	253.0	530873.985	6.9157934999999995	True	True	True	True	True	True	2026-09-14T22:59:36.552874+00:00
2026-09-13	2026-09-14	IT0004176001-MTAA	IT0004176001	PRY	PRYSMIAN	MTAA	Euronext Milan	True	Common Stock	101	PASS				1	borsa_italiana_chart_api	XMIL	corporate_action_adjusted	2021-09-15	2026-09-14	1270.0	118.25	119.2032	2163280.0	19361.0	257869878.35	-0.07581086361860101	-0.19006849315068497	0.20564845024469824	0.4233481307980899	-0.24633524537922247	-0.2689611217335883	906200.5	7109.5	110277342.1	122.60338150000001	True	True	True	True	True	True	2026-09-14T22:59:37.016069+00:00
2026-09-13	2026-09-14	IT0004195308-MTAA	IT0004195308	MOL	MOLTIPLY GROUP	MTAA	Euronext Milan	True	Common Stock	101	PASS				1	borsa_italiana_chart_api	XMIL	corporate_action_adjusted	2021-09-15	2026-09-14	1270.0	33.95	34.0065	24759.0	351.0	841968.0	-0.1339285714285714	-0.04634831460674149	0.1131147540983608	0.4065763617948724	-0.2784272051009563	-0.3623804463336875	31991.0	423.0	1163416.9	36.695295	True	True	True	True	True	True	2026-09-14T22:59:37.519906+00:00
2026-09-13	2026-09-14	IT0004240443-MTAA	IT0004240443	PQ	PIQUADRO	MTAA	Euronext Milan	True	Common Stock	101	PASS				1	borsa_italiana_chart_api	XMIL	corporate_action_adjusted	2021-09-15	2026-09-14	1249.0	2.46	2.4485	24753.0	48.0	60608.78	-0.06106870229007644	-0.09890109890109888	-0.04280155642023342	0.25606407177762247	-0.2012987012987013	-0.2012987012987013	7084.0	20.5	17935.195	2.511411	True	True	True	True	True	True	2026-09-14T22:59:38.004068+00:00
2026-09-13	2026-09-14	IT0004329733-MTAA	IT0004329733	CAI	CAIRO COMMUNICATION	MTAA	Euronext Milan	True	Common Stock	101	PASS				1	borsa_italiana_chart_api	XMIL	corporate_action_adjusted	2021-09-15	2026-09-14	1270.0	2.245	2.2642	95375.0	173.0	215945.19	-0.052742616033755296	-0.06458333333333321	-0.1002004008016032	0.1684656378830674	-0.22984562607204118	-0.22984562607204118	107808.5	170.0	246115.765	2.2833535	True	True	True	True	True	True	2026-09-14T22:59:38.485032+00:00
2026-09-13	2026-09-14	IT0004356751-MTAA	IT0004356751	ENV	ENERVIT	MTAA	Euronext Milan	True	Common Stock	101	PASS				1	borsa_italiana_chart_api	XMIL	corporate_action_adjusted	2021-09-16	2026-09-14	1182.0	5.08	5.0731	2418.0	17.0	12266.7	0.024193548387096753	0.03252032520325199	0.23902439024390265	0.2649759987647599	-0.045112781954887216	-0.26530612244897966	2790.5	13.0	14128.96	4.980285	True	True	True	True	True	True	2026-09-14T22:59:38.945002+00:00
2026-09-13	2026-09-14	IT0004412497-MTAA	IT0004412497	B	BASTOGI SPA	MTAA	Euronext Milan	True	Common Stock	101	PASS				1	borsa_italiana_chart_api	XMIL	corporate_action_adjusted	2021-09-15	2026-09-14	1206.0	1.105	1.0853	6700.0	9.0	7271.305	-0.03493449781659397	0.03755868544600949	0.08333333333333326	0.3615051810052566	-0.1564885496183207	-0.25343511450381684	4662.5	8.0	5212.78	1.114109	True	True	True	True	True	True	2026-09-14T22:59:39.394345+00:00
2026-09-13	2026-09-14	IT0004552359-MTAA	IT0004552359	KME	KME GROUP	MTAA	Euronext Milan	True	Common Stock	101	PASS				1	borsa_italiana_chart_api	XMIL	corporate_action_adjusted	2021-09-15	2026-09-14	1257.0	0.93	0.93	6154.0	6.0	5723.22	0.04494382022471921	0.0219780219780219	0.09669811320754729	0.27824233072697707	-0.08823529411764708	-0.11274509803921573	15632.5	15.5	14644.03	0.9317435000000001	True	True	True	True	True	True	2026-09-14T22:59:39.837821+00:00
2026-09-13	2026-09-14	IT0004552367-MTAA	IT0004552367	KMER	KME GROUP RSP	MTAA	Euronext Milan	True	Common Stock	101	PASS				1	borsa_italiana_chart_api	XMIL	corporate_action_adjusted	2021-09-15	2026-09-14	1086.0	1.47	1.4698	6141.0	7.0	9026.27	0.050000000000000044	0.0652173913043479	0.050000000000000044	0.2622811796036664	-0.06369426751592366	-0.06369426751592366	2582.0	5.0	3854.3599999999997	1.4881820000000001	True	True	True	True	True	True	2026-09-14T22:59:40.428253+00:00
2026-09-13	2026-09-14	IT0004585243-MTAA	IT0004585243	TES	TESMEC	MTAA	Euronext Milan	True	Common Stock	101	PASS				1	borsa_italiana_chart_api	XMIL	corporate_action_adjusted	2021-09-15	2026-09-14	1270.0	0.45	0.434	6638176.0	818.0	2881117.046	0.12359550561797739	0.3452914798206277	2.3136966126656846	0.7159877200852917	-0.00990099009900991	-0.40049382716049386	6844953.5	762.0	2845884.463	0.4046455	True	True	True	True	True	True	2026-09-14T22:59:40.887893+00:00
2026-09-13	2026-09-14	IT0004604762-MTAA	IT0004604762	SFL	SAFILO GROUP	MTAA	Euronext Milan	True	Common Stock	101	PASS				1	borsa_italiana_chart_api	XMIL	corporate_action_adjusted	2021-09-15	2026-09-14	1270.0	1.716	1.7259	493785.0	474.0	852247.1465	-0.12404287901990818	-0.027762039660056637	0.02877697841726623	0.47948811069248454	-0.23187108325872874	-0.30800915331807777	482895.5	486.0	865212.47	1.8164185000000002	True	True	True	True	True	True	2026-09-14T22:59:41.344133+00:00
2026-09-13	2026-09-14	IT0004712375-MTAA	IT0004712375	SFER	SALVATORE FERRAGAMO	MTAA	Euronext Milan	True	Common Stock	101	PASS				1	borsa_italiana_chart_api	XMIL	corporate_action_adjusted	2021-09-15	2026-09-14	1270.0	8.42	8.4429	225225.0	689.0	1901562.67	-0.12337324310255082	-0.10663129973474805	0.23732549595885377	0.36141049530701697	-0.23175182481751833	-0.31812933025404155	180125.5	602.0	1647215.65	9.253193	True	True	True	True	True	True	2026-09-14T22:59:41.807208+00:00
2026-09-13	2026-09-14	IT0004720733-MTAA	IT0004720733	ARN	ALERION	MTAA	Euronext Milan	True	Common Stock	101	PASS				1	borsa_italiana_chart_api	XMIL	corporate_action_adjusted	2021-09-15	2026-09-14	1270.0	18.8	18.9385	7037.0	164.0	133269.96	-0.06699751861042169	-0.15315315315315314	-0.0031813361611876534	0.22460280722437864	-0.33333333333333326	-0.33333333333333326	6614.5	116.5	127236.83	19.3705765	True	True	True	True	True	True	2026-09-14T22:59:42.429737+00:00
2026-09-13	2026-09-14	IT0004724107-MTAA	IT0004724107	RAT	RATTI	MTAA	Euronext Milan	True	Common Stock	101	PASS				1	borsa_italiana_chart_api	XMIL	corporate_action_adjusted	2021-09-15	2026-09-11	1122.0	1.06	1.050422	6773.0	17.0	7114.51	0.00952380952380949	-0.07017543859649111	-0.19083969465648853	0.294066322674193	-0.4391534391534391	-0.4708994708994708	1635.0	5.0	1706.25	1.0585054999999999	True	True	True	True	True	True	2026-09-14T22:59:43.045395+00:00
2026-09-13	2026-09-14	IT0004729759-MTAA	IT0004729759	SES	SESA	MTAA	Euronext Milan	True	Common Stock	101	PASS				1	borsa_italiana_chart_api	XMIL	corporate_action_adjusted	2021-09-15	2026-09-14	1270.0	96.1	97.2232	21541.0	704.0	2094284.4	0.015319598520866284	-0.037556334501752664	0.25620915032679736	0.38615253719003856	-0.07239382239382242	-0.2533678756476684	20947.5	538.0	1998285.9249999998	94.7597255	True	True	True	True	True	True	2026-09-14T22:59:43.541190+00:00
2026-09-13	2026-09-14	IT0004764699-MTAA	IT0004764699	BC	BRUNELLO CUCINELLI	MTAA	Euronext Milan	True	Common Stock	101	PASS				1	borsa_italiana_chart_api	XMIL	corporate_action_adjusted	2021-09-15	2026-09-14	1270.0	76.16	76.3602	196605.0	2849.0	15012788.74	-0.14503816793893132	-0.12237842820926481	0.045579352004393	0.28294811272452636	-0.28150943396226413	-0.3364150943396226	178240.5	2681.0	14551265.375	86.256063	True	True	True	True	True	True	2026-09-14T22:59:44.042222+00:00
2026-09-13	2026-09-14	IT0004776628-MTAA	IT0004776628	BMED	BANCA MEDIOLANUM	MTAA	Euronext Milan	True	Common Stock	101	PASS				1	borsa_italiana_chart_api	XMIL	corporate_action_adjusted	2021-09-15	2026-09-14	1270.0	23.18	23.2012	410123.0	1246.0	9515341.01	-0.050778050778050865	0.04886877828054281	0.3627278071722515	0.17202568131042525	-0.050778050778050865	-0.18694362017804145	502095.0	1239.5	11926206.045	23.8649515	True	True	True	True	True	True	2026-09-14T22:59:44.506613+00:00
2026-09-13	2026-09-14	IT0004810054-MTAA	IT0004810054	UNI	UNIPOL	MTAA	Euronext Milan	True	Common Stock	101	PASS				1	borsa_italiana_chart_api	XMIL	corporate_action_adjusted	2021-09-15	2026-09-14	1270.0	28.0	28.0102	617199.0	1755.0	17287854.86	-0.029126213592232997	0.14754098360655754	0.4120020171457388	0.24556932679970786	-0.04208005473828258	-0.11498829039812652	835654.5	2097.5	23636158.785	28.143012	True	True	True	True	True	True	2026-09-14T22:59:45.011822+00:00
2026-09-13	2026-09-14	IT0004818297-MTAA	IT0004818297	EUK	EUKEDOS	MTAA	Euronext Milan	True	Common Stock	101	PASS				1	borsa_italiana_chart_api	XMIL	corporate_action_adjusted	2021-09-15	2026-09-09	950.0	0.492	0.491977	177.0	1.0	87.08	-0.26567164179104485	-0.08888888888888902	-0.36103896103896105	0.9315156701567915	-0.4072289156626506	-0.42168674698795183	445.5	1.5	244.73000000000002	0.5108349999999999	True	True	True	True	True	True	2026-09-14T22:59:45.488792+00:00
2026-09-13	2026-09-14	IT0004931058-MTAA	IT0004931058	MAIRE	MAIRE	MTAA	Euronext Milan	True	Common Stock	101	PASS				1	borsa_italiana_chart_api	XMIL	corporate_action_adjusted	2021-09-15	2026-09-14	1270.0	12.1	12.2627	495983.0	1052.0	6082112.645	-0.02497985495568089	-0.23223350253807107	-0.04196357878068102	0.2664929444557785	-0.2675544794188862	-0.2760290556900725	459794.0	1106.5	5530495.65	12.241979	True	True	True	True	True	True	2026-09-14T22:59:45.991338+00:00
2026-09-13	2026-09-14	IT0004931496-MTAA	IT0004931496	RCS	RCS MEDIAGROUP	MTAA	Euronext Milan	True	Common Stock	101	PASS				1	borsa_italiana_chart_api	XMIL	corporate_action_adjusted	2021-09-15	2026-09-14	1270.0	0.93	0.9345	60014.0	64.0	56081.706	-0.010638297872340274	-0.0064102564102563875	0.009771986970684043	0.188056737897352	-0.14364640883977897	-0.20073664825046045	62865.0	104.0	58606.047999999995	0.932016	True	True	True	True	True	True	2026-09-14T22:59:46.423319+00:00
2026-09-13	2026-09-14	IT0004965148-MTAA	IT0004965148	MONC	MONCLER	MTAA	Euronext Milan	True	Common Stock	101	PASS				1	borsa_italiana_chart_api	XMIL	corporate_action_adjusted	2021-09-15	2026-09-14	1270.0	44.34	44.3722	792542.0	3790.0	35166828.795	-0.09399264405394347	-0.17306975009324865	-0.15767477203647406	0.2819539031279008	-0.242827868852459	-0.25546448087431695	908787.0	4050.0	43266110.955	46.765023	True	True	True	True	True	True	2026-09-14T22:59:46.987439+00:00
2026-09-13	2026-09-14	IT0004967292-MTAA	IT0004967292	FILA	FILA	MTAA	Euronext Milan	True	Common Stock	101	PASS				1	borsa_italiana_chart_api	XMIL	corporate_action_adjusted	2021-09-15	2026-09-14	1270.0	10.51	10.4617	137729.0	496.0	1440880.66	0.012524084778420042	0.15876515986769557	0.23792697290930498	0.2768381669850497	-0.036663611365719606	-0.21722113502935425	108340.0	490.5	1136249.5350000001	10.374762	True	True	True	True	True	True	2026-09-14T22:59:47.461438+00:00
2026-09-13	2026-09-14	IT0004998065-MTAA	IT0004998065	ANIM	ANIMA HOLDING	MTAA	Euronext Milan	True	Common Stock	101	PASS				1	borsa_italiana_chart_api	XMIL	corporate_action_adjusted	2021-09-15	2026-09-14	1270.0	6.97	6.953	140776.0	324.0	978821.19	-0.029247910863509752	-0.049113233287858216	0.03874813710879277	0.19827783563841458	-0.051700680272108834	-0.09985734664764623	148570.5	324.5	1042127.87	7.0279805	True	True	True	True	True	True	2026-09-14T22:59:47.916164+00:00
2026-09-13	2026-09-14	IT0005001554-MTAA	IT0005001554	TB	TRIBOO	MTAA	Euronext Milan	True	Common Stock	101	PASS				1	borsa_italiana_chart_api	XMIL	corporate_action_adjusted	2021-09-15	2026-09-14	1233.0	0.351	0.3451	4775.0	6.0	1648.064	0.0	0.06363636363636349	-0.05135135135135138	0.3496282165511422	-0.2182628062360803	-0.3541202672605791	2600.5	5.0	916.9549999999999	0.35602849999999997	True	True	True	True	True	True	2026-09-14T22:59:48.532526+00:00
2026-09-13	2026-09-14	IT0005013013-MTAA	IT0005013013	ZEST	ZEST	MTAA	Euronext Milan	True	Common Stock	101	PASS				1	borsa_italiana_chart_api	XMIL	corporate_action_adjusted	2021-09-15	2026-09-14	1230.0	0.1285	0.1265	120957.0	23.0	15297.0025	0.03629032258064524	0.10300429184549342	0.03629032258064524	0.3359575286811923	-0.22668503525413541	-0.3139462569569761	58215.0	12.0	7096.75	0.1240415	True	True	True	True	True	True	2026-09-14T22:59:48.963107+00:00
2026-09-13	2026-09-14	IT0005023038-MTAA	IT0005023038	GAB	GABETTI	MTAA	Euronext Milan	True	Common Stock	101	PASS				1	borsa_italiana_chart_api	XMIL	corporate_action_adjusted	2021-09-15	2026-09-14	1270.0	0.411	0.4095	57935.0	21.0	23726.504	-0.08463251670378624	-0.05517241379310345	-0.2938144329896907	0.6289120033469453	-0.4145299145299145	-0.5527065527065527	100425.0	42.5	41381.509999999995	0.410019	True	True	True	True	True	True	2026-09-14T22:59:49.431235+00:00
2026-09-13	2026-09-14	IT0005043507-MTAA	IT0005043507	OVS	OVS	MTAA	Euronext Milan	True	Common Stock	101	PASS				1	borsa_italiana_chart_api	XMIL	corporate_action_adjusted	2021-09-15	2026-09-14	1270.0	5.45	5.4485	284667.0	427.0	1551008.895	-0.11310008136696492	-0.13765822784810122	0.24486066697121966	0.18493706467574791	-0.15765069551777433	-0.15765069551777433	240068.0	503.0	1419782.7	5.934965	True	True	True	True	True	True	2026-09-14T22:59:49.926629+00:00
2026-09-13	2026-09-14	IT0005054967-MTAA	IT0005054967	RWAY	RAI WAY	MTAA	Euronext Milan	True	Common Stock	101	PASS				1	borsa_italiana_chart_api	XMIL	corporate_action_adjusted	2021-09-15	2026-09-14	1270.0	4.42	4.452	400010.0	542.0	1780848.71	-0.07434554973821994	-0.18600368324125227	-0.24957555178268254	0.21063871999151887	-0.28938906752411575	-0.295016077170418	325656.5	486.5	1482541.7799999998	4.540585500000001	True	True	True	True	True	True	2026-09-14T22:59:50.395209+00:00
2026-09-13	2026-09-14	IT0005090300-MTAA	IT0005090300	INW	INWIT	MTAA	Euronext Milan	True	Common Stock	101	PASS				1	borsa_italiana_chart_api	XMIL	corporate_action_adjusted	2021-09-15	2026-09-14	1270.0	6.44	6.454	1534054.0	1514.0	9900830.245	0.024661893396976886	-0.013782542113323082	-0.2068965517241378	0.2637759969860937	-0.3458470490449346	-0.3890170807461618	1602695.0	1112.5	9834825.2625	6.1570795	True	True	True	True	True	True	2026-09-14T22:59:50.861770+00:00
2026-09-13	2026-09-14	IT0005107492-MTAA	IT0005107492	LUVE	LUVE	MTAA	Euronext Milan	True	Common Stock	101	PASS				1	borsa_italiana_chart_api	XMIL	corporate_action_adjusted	2021-09-15	2026-09-14	1270.0	60.8	61.7134	71487.0	1276.0	4411702.3	0.07042253521126751	-0.13390313390313402	0.6521739130434783	0.43661282668656226	-0.14726507713884995	-0.24123422159887797	23686.0	516.0	1326325.7000000002	57.417285	True	True	True	True	True	True	2026-09-14T22:59:51.519892+00:00
2026-09-13	2026-09-14	IT0005108219-MTAA	IT0005108219	IGV	I GRANDI VIAGGI	MTAA	Euronext Milan	True	Common Stock	101	PASS				1	borsa_italiana_chart_api	XMIL	corporate_action_adjusted	2021-09-15	2026-09-14	1254.0	1.834	1.8018	1055.0	3.0	1900.87	-0.012917115177610294	-0.1625570776255707	-0.20260869565217376	0.24899591011599462	-0.3496453900709219	-0.36170212765957444	7403.0	13.5	13559.64	1.8202205	True	True	True	True	True	True	2026-09-14T22:59:51.958208+00:00
2026-09-13	2026-09-14	IT0005117848-MTAA	IT0005117848	CLE	CLASS EDITORI	MTAA	Euronext Milan	True	Common Stock	101	PASS				1	borsa_italiana_chart_api	XMIL	corporate_action_adjusted	2021-09-15	2026-09-14	1257.0	0.1365	0.1393	40349.0	13.0	5619.512	-0.08389261744966436	-0.017985611510791366	-0.025000000000000022	0.30700442034922687	-0.14687499999999998	-0.17812499999999998	23095.5	8.5	3167.235	0.13814949999999998	True	True	True	True	True	True	2026-09-14T22:59:52.427455+00:00
2026-09-13	2026-09-14	IT0005119810-MTAA	IT0005119810	AVIO	AVIO	MTAA	Euronext Milan	True	Common Stock	101	PASS				1	borsa_italiana_chart_api	XMIL	corporate_action_adjusted	2021-09-15	2026-09-14	1270.0	28.17	28.158	1012885.0	4969.0	28520808.96	-0.16558056872037907	-0.1851316170089673	-0.23761840324763195	0.4026042057316597	-0.4575717932711174	-0.5397928952495459	588569.0	2778.5	16881515.305	29.708337	True	True	True	True	True	True	2026-09-14T22:59:52.886993+00:00
2026-09-13	2026-09-14	IT0005122400-MTAA	IT0005122400	OEC	OPS ECOM	MTAA	Euronext Milan	True	Common Stock	101	PASS				1	borsa_italiana_chart_api	XMIL	corporate_action_adjusted	2021-09-15	2026-07-28	1219.0	0.0234	0.023337	407538.0	23.0	9510.81	-0.16428571428571426	-0.7340909090909091	-0.8546583850931677	1.9575932933728295	-0.9052631578947369	-0.9408906882591093	444800.0	26.0	10791.385	0.022096	True	True	True	True	True	True	2026-09-14T22:59:53.341431+00:00
2026-09-13	2026-09-14	IT0005138703-MTAA	IT0005138703	ORS	ORSERO	MTAA	Euronext Milan	True	Common Stock	101	PASS				1	borsa_italiana_chart_api	XMIL	corporate_action_adjusted	2021-09-15	2026-09-14	1270.0	15.66	16.2592	97578.0	635.0	1586541.56	-0.05434782608695643	0.011627906976744207	0.08298755186721984	0.28013133081726127	-0.20748987854251022	-0.29554655870445345	28136.0	257.0	465290.48	16.655427000000003	True	True	True	True	True	True	2026-09-14T22:59:53.788601+00:00
2026-09-13	2026-09-14	IT0005144784-MTAA	IT0005144784	GF	GENERALFINANCE	MTAA	Euronext Milan	True	Common Stock	101	PASS				1	borsa_italiana_chart_api	XMIL	corporate_action_adjusted	2022-06-29	2026-09-14	1005.0	20.8	21.0166	14988.0	177.0	314997.2	-0.032558139534883734	-0.2490974729241877	-0.1843137254901961	0.3679550413923695	-0.3268608414239481	-0.3268608414239481	10520.0	147.0	224512.59999999998	21.229171	True	True	True	True	True	True	2026-09-14T22:59:54.315503+00:00
2026-09-13	2026-09-14	IT0005162406-MTAA	IT0005162406	TGYM	TECHNOGYM	MTAA	Euronext Milan	True	Common Stock	101	PASS				1	borsa_italiana_chart_api	XMIL	corporate_action_adjusted	2021-09-15	2026-09-14	1270.0	12.11	12.151	432669.0	1512.0	5257377.92	-0.10495195861049522	-0.28890193775689965	-0.2717979555021046	0.2722784660228892	-0.4439853076216713	-0.4439853076216713	329161.5	999.5	4241554.325	12.939698	True	True	True	True	True	True	2026-09-14T22:59:54.798981+00:00
2026-09-13	2026-09-14	IT0005176406-MTAA	IT0005176406	ENAV	ENAV	MTAA	Euronext Milan	True	Common Stock	101	PASS				1	borsa_italiana_chart_api	XMIL	corporate_action_adjusted	2021-09-15	2026-09-14	1270.0	4.818	4.8304	183822.0	456.0	887936.27	-0.04594059405940598	-0.1279638009049775	-0.05898437500000009	0.17401772488388928	-0.14041034790365758	-0.14041034790365758	230395.5	484.0	1151458.375	4.9810885	True	True	True	True	True	True	2026-09-14T22:59:55.302186+00:00
2026-09-13	2026-09-14	IT0005186371-MTAA	IT0005186371	DNR	INDUSTRIE DE NORA	MTAA	Euronext Milan	True	Common Stock	101	PASS				1	borsa_italiana_chart_api	XMIL	corporate_action_adjusted	2022-06-30	2026-09-14	1068.0	6.425	6.4	211005.0	606.0	1350425.495	-0.04814814814814816	-0.11562284927735722	0.02065131056393965	0.3485924860711477	-0.2382928275044458	-0.3562537048014227	120696.5	375.0	812723.9	6.632331499999999	True	True	True	True	True	True	2026-09-14T22:59:55.773706+00:00
2026-09-13	2026-09-14	IT0005187460-MTAA	IT0005187460	BFG	B.F.	MTAA	Euronext Milan	True	Common Stock	101	PASS				1	borsa_italiana_chart_api	XMIL	corporate_action_adjusted	2021-09-15	2026-09-14	1259.0	6.02	6.1686	22455.0	124.0	138515.9	0.21126760563380276	0.20883534136546156	0.38390804597701145	0.2606366223492328	-0.0066006600660065695	-0.09565217391304337	16038.5	65.5	81500.48000000001	5.092223499999999	True	True	True	True	True	True	2026-09-14T22:59:56.335482+00:00
2026-09-13	2026-09-14	IT0005211237-MTAA	IT0005211237	IG	ITALGAS	MTAA	Euronext Milan	True	Common Stock	101	PASS				1	borsa_italiana_chart_api	XMIL	corporate_action_adjusted	2021-09-15	2026-09-14	1270.0	8.08	8.1146	2023820.0	2263.0	16422391.995	-0.0604651162790697	-0.23809523809523814	-0.2260536398467432	0.20779595232729292	-0.27728085867620744	-0.27728085867620744	1827813.0	1926.5	15734129.6675	8.6615055	True	True	True	True	True	True	2026-09-14T22:59:56.789591+00:00
2026-09-13	2026-09-14	IT0005215329-MTAA	IT0005215329	FF	FINE FOODS & PHARMACEUTICALS NTM	MTAA	Euronext Milan	True	Common Stock	101	PASS				1	borsa_italiana_chart_api	XMIL	corporate_action_adjusted	2021-09-15	2026-09-14	1266.0	6.98	6.9846	27618.0	187.0	192899.52	-0.18837209302325575	-0.20319634703196343	-0.16306954436450838	0.2968770767095012	-0.41097046413502103	-0.4210970464135021	13023.5	101.0	112333.33	8.547515	True	True	True	True	True	True	2026-09-14T22:59:57.232170+00:00
2026-09-13	2026-09-14	IT0005218380-MTAA	IT0005218380	BAMI	BANCO BPM	MTAA	Euronext Milan	True	Common Stock	101	PASS				1	borsa_italiana_chart_api	XMIL	corporate_action_adjusted	2021-09-15	2026-09-14	1270.0	16.1	16.1222	4238381.0	3504.0	68332156.7975	-0.054609512624779755	0.037371134020618646	0.38138138138138156	0.19521375067077001	-0.06286379511059359	-0.165491651205937	3749131.5	3321.0	59957229.849999994	16.130147	True	True	True	True	True	True	2026-09-14T22:59:57.714831+00:00
2026-09-13	2026-09-14	IT0005221517-MTAA	IT0005221517	GPI	GPI	MTAA	Euronext Milan	True	Common Stock	101	PASS				1	borsa_italiana_chart_api	XMIL	corporate_action_adjusted	2021-09-15	2026-09-14	1270.0	14.1	14.1264	20641.0	184.0	291582.58	0.02026049204052094	-0.02219140083217752	-0.1402439024390243	0.2217799400039794	-0.237012987012987	-0.2803030303030303	16998.0	163.0	236883.15	13.8429415	True	True	True	True	True	True	2026-09-14T22:59:58.205684+00:00
2026-09-13	2026-09-14	IT0005239360-MTAA	IT0005239360	UCG	UNICREDIT	MTAA	Euronext Milan	True	Common Stock	101	PASS				1	borsa_italiana_chart_api	XMIL	corporate_action_adjusted	2021-09-15	2026-09-14	1270.0	84.47	84.4062	4385575.0	15030.0	370169877.25	-0.0089170479877978	0.06158099786351645	0.31696289367009656	0.24557651264139627	-0.019500870574579277	-0.24173448626653105	3291313.5	12253.5	275993577.93	83.8203195	True	True	True	True	True	True	2026-09-14T22:59:58.715029+00:00
2026-09-13	2026-09-14	IT0005241192-MTAA	IT0005241192	ECNL	AQUAFIL	MTAA	Euronext Milan	True	Common Stock	101	PASS				1	borsa_italiana_chart_api	XMIL	corporate_action_adjusted	2021-09-15	2026-09-14	1270.0	1.334	1.3347	134975.0	124.0	180145.994	-0.05390070921985801	-0.05390070921985801	-0.057909604519773894	0.19260164370668711	-0.36777251184834114	-0.4075829383886256	70443.0	119.5	95290.44	1.362965	True	True	True	True	True	True	2026-09-14T22:59:59.184357+00:00
2026-09-13	2026-09-14	IT0005244402-MTAA	IT0005244402	BFF	BFF BANK	MTAA	Euronext Milan	True	Common Stock	101	PASS				1	borsa_italiana_chart_api	XMIL	corporate_action_adjusted	2021-09-15	2026-09-14	1270.0	3.014	3.0633	3685067.0	2464.0	11288321.719	-0.06105919003115268	-0.07318573185731858	0.005336891260840471	0.36940308747072526	-0.7372275501307759	-0.8750653879686138	1660421.5	1169.5	5219490.859999999	3.0936405000000002	True	True	True	True	True	True	2026-09-14T22:59:59.637546+00:00
2026-09-13	2026-09-14	IT0005244618-MTAA	IT0005244618	CELL	CELLULARLINE	MTAA	Euronext Milan	True	Common Stock	101	PASS				1	borsa_italiana_chart_api	XMIL	corporate_action_adjusted	2021-09-15	2026-09-14	1265.0	2.6	2.5966	47255.0	61.0	122702.42	0.023622047244094446	0.1981566820276499	0.09243697478991608	0.19919029433336755	-0.11864406779661019	-0.28135593220338984	17989.0	23.0	44502.17	2.5195749999999997	True	True	True	True	True	True	2026-09-14T23:00:00.265552+00:00
2026-09-13	2026-09-14	IT0005245508-MTAA	IT0005245508	INDB	INDEL B	MTAA	Euronext Milan	True	Common Stock	101	PASS				1	borsa_italiana_chart_api	XMIL	corporate_action_adjusted	2021-09-16	2026-09-14	1148.0	18.6	18.7556	257.0	3.0	4820.2	-0.06297229219143574	-0.04370179948586106	-0.06060606060606055	0.1426386991667434	-0.10144927536231874	-0.10144927536231874	291.5	5.5	5526.549999999999	19.093729500000002	True	True	True	True	True	True	2026-09-14T23:00:00.788671+00:00
2026-09-13	2026-09-14	IT0005246191-MTAA	IT0005246191	COM	COMER INDUSTRIES	MTAA	Euronext Milan	True	Common Stock	101	PASS				1	borsa_italiana_chart_api	XMIL	corporate_action_adjusted	2021-09-15	2026-09-14	1259.0	47.8	47.5824	2057.0	76.0	97877.0	0.048245614035087536	-0.051587301587301626	0.1773399014778323	0.30537736877697663	-0.14642857142857146	-0.24712643678160928	5998.0	126.0	287348.9	47.987922	True	True	True	True	True	True	2026-09-14T23:00:01.295193+00:00
2026-09-13	2026-09-14	IT0005253205-MTAA	IT0005253205	ITM	ITALMOBILIARE	MTAA	Euronext Milan	True	Common Stock	101	PASS				1	borsa_italiana_chart_api	XMIL	corporate_action_adjusted	2021-09-15	2026-09-14	1270.0	25.15	25.1734	23251.0	219.0	585306.5	-0.041904761904762	-0.1445578231292517	-0.001984126984126977	0.2450722205731763	-0.24925373134328366	-0.25970149253731345	12801.0	200.0	325382.125	25.7784295	True	True	True	True	True	True	2026-09-14T23:00:01.760954+00:00
2026-09-13	2026-09-14	IT0005262149-MTAA	IT0005262149	SIT	SIT	MTAA	Euronext Milan	True	Common Stock	101	PASS				1	borsa_italiana_chart_api	XMIL	corporate_action_adjusted	2021-09-15	2026-09-14	1253.0	2.5	2.5297	1010.0	3.0	2555.0	-0.019607843137254832	0.13636363636363624	-0.07407407407407418	0.3552590468403456	-0.15254237288135597	-0.29491525423728815	3887.0	8.5	9603.3	2.4696540000000002	True	True	True	True	True	True	2026-09-14T23:00:02.238368+00:00
2026-09-13	2026-09-14	IT0005274094-MTAA	IT0005274094	PHN	PHARMANUTRA	MTAA	Euronext Milan	True	Common Stock	101	PASS				1	borsa_italiana_chart_api	XMIL	corporate_action_adjusted	2021-09-15	2026-09-14	1270.0	72.7	73.4851	77694.0	1626.0	5709354.0	-0.12409638554216862	-0.18680089485458617	0.07069219440353458	0.2613506956265985	-0.21743810548977394	-0.21743810548977394	7236.5	254.0	593817.1	81.8190635	True	True	True	True	True	True	2026-09-14T23:00:02.690576+00:00
2026-09-13	2026-09-14	IT0005275778-MTAA	IT0005275778	NDT	NEODECORTECH	MTAA	Euronext Milan	True	Common Stock	101	PASS				1	borsa_italiana_chart_api	XMIL	corporate_action_adjusted	2021-09-15	2026-09-14	1224.0	5.36	5.3338	32385.0	76.0	172736.2	-0.03597122302158262	0.19111111111111123	0.4972067039106145	0.2816699114685241	-0.049645390070921835	-0.16580310880829008	12774.5	42.5	65879.44	5.292007	True	True	True	True	True	True	2026-09-14T23:00:03.155764+00:00
2026-09-13	2026-09-14	IT0005278236-MTAA	IT0005278236	PIRC	PIRELLI & C	MTAA	Euronext Milan	True	Common Stock	101	PASS				1	borsa_italiana_chart_api	XMIL	corporate_action_adjusted	2021-09-15	2026-09-14	1270.0	6.3	6.3072	1918374.0	1244.0	12099503.88	-0.05899925317401056	-0.005428560359735601	0.10833524931658367	0.22070742232480253	-0.08379737541978438	-0.1454545420419857	1366550.5	997.5	8774763.075	6.560047000000001	True	True	True	True	True	True	2026-09-14T23:00:03.627761+00:00
2026-09-13	2026-09-14	IT0005282865-MTAA	IT0005282865	REY	REPLY	MTAA	Euronext Milan	True	Common Stock	101	PASS				1	borsa_italiana_chart_api	XMIL	corporate_action_adjusted	2021-09-15	2026-09-14	1270.0	117.2	116.819	69328.0	1043.0	8098825.1	-0.028192371475953548	0.1673306772908365	0.42060606060606065	0.3416871024771521	-0.056360708534621606	-0.3778225806451613	62988.0	1084.5	7666759.5	120.8823955	True	True	True	True	True	True	2026-09-14T23:00:04.120400+00:00
2026-09-13	2026-09-14	IT0005283640-MTAA	IT0005283640	SERI	SERI INDUSTRIAL	MTAA	Euronext Milan	True	Common Stock	101	PASS				1	borsa_italiana_chart_api	XMIL	corporate_action_adjusted	2021-09-15	2026-09-14	1270.0	2.3	2.2989	64032.0	89.0	147200.465	-0.04761904761904767	-0.24092409240924095	0.11650485436893199	0.5207840388141637	-0.40026075619295964	-0.4435312024353121	253427.5	142.5	604523.4299999999	2.371271	True	True	True	True	True	True	2026-09-14T23:00:04.694570+00:00
2026-09-13	2026-09-14	IT0005312027-MTAA	IT0005312027	EQUI	EQUITA GROUP	MTAA	Euronext Milan	True	Common Stock	101	PASS				1	borsa_italiana_chart_api	XMIL	corporate_action_adjusted	2021-09-15	2026-09-14	1270.0	5.82	5.8257	77220.0	433.0	449857.49	-0.011884550084889534	-0.013559322033898313	0.09604519774011311	0.152071971104813	-0.09627329192546585	-0.17546583850931685	29416.5	148.0	171471.43	5.83281	True	True	True	True	True	True	2026-09-14T23:00:05.190427+00:00
2026-09-13	2026-09-14	IT0005322612-MTAA	IT0005322612	IGD	IGD	MTAA	Euronext Milan	True	Common Stock	101	PASS				1	borsa_italiana_chart_api	XMIL	corporate_action_adjusted	2021-09-15	2026-09-14	1270.0	3.685	3.6569	55957.0	158.0	204629.035	-0.0717884130982368	-0.14102564102564097	-0.1034063260340633	0.18276198438875715	-0.1901098901098901	-0.19999999999999996	51826.5	200.5	198478.89250000002	3.9337785	True	True	True	True	True	True	2026-09-14T23:00:05.671233+00:00
2026-09-13	2026-09-14	IT0005329815-MTAA	IT0005329815	SOM	SOMEC	MTAA	Euronext Milan	True	Common Stock	101	PASS				1	borsa_italiana_chart_api	XMIL	corporate_action_adjusted	2021-09-15	2026-09-14	1265.0	21.3	21.4831	4305.0	96.0	92484.6	-0.004672897196261627	-0.02739726027397249	0.6384615384615384	0.39756691798057925	-0.22545454545454546	-0.26909090909090905	5667.0	81.5	118685.40000000001	21.19907	True	True	True	True	True	True	2026-09-14T23:00:06.119976+00:00
2026-09-13	2026-09-14	IT0005331019-MTAA	IT0005331019	CRL	CAREL INDUSTRIES	MTAA	Euronext Milan	True	Common Stock	101	PASS				1	borsa_italiana_chart_api	XMIL	corporate_action_adjusted	2021-09-15	2026-09-14	1270.0	25.05	25.5642	113794.0	829.0	2909057.7	-0.08241758241758246	-0.16638935108153075	0.1872037914691942	0.3281548467359617	-0.2339449541284404	-0.2339449541284404	63919.0	444.0	1743215.3	27.029106	True	True	True	True	True	True	2026-09-14T23:00:06.620367+00:00
2026-09-13	2026-09-14	IT0005339160-MTAA	IT0005339160	PLC	PLC	MTAA	Euronext Milan	True	Common Stock	101	PASS				1	borsa_italiana_chart_api	XMIL	corporate_action_adjusted	2021-09-15	2026-09-14	1252.0	3.05	3.053	54768.0	15.0	167204.73	-0.006514657980456029	-0.019292604501607746	0.4186046511627908	0.07820448075480607	-0.18882978723404253	-0.2016460905349795	29907.5	15.0	91774.435	3.0630155	True	True	True	True	True	True	2026-09-14T23:00:07.070115+00:00
2026-09-13	2026-09-14	IT0005345233-MTAA	IT0005345233	GHC	GAROFALO HEALTH CARE	MTAA	Euronext Milan	True	Common Stock	101	PASS				1	borsa_italiana_chart_api	XMIL	corporate_action_adjusted	2021-09-15	2026-09-14	1270.0	5.32	5.2796	2411.0	20.0	12729.12	-0.06338028169014076	0.007575757575757569	0.20090293453724617	0.14148659356938856	-0.09369676320272569	-0.24701873935264063	5249.5	31.5	29623.879999999997	5.627943999999999	True	True	True	True	True	True	2026-09-14T23:00:07.547086+00:00
2026-09-13	2026-09-14	IT0005366767-MTAA	IT0005366767	NEXI	NEXI	MTAA	Euronext Milan	True	Common Stock	101	PASS				1	borsa_italiana_chart_api	XMIL	corporate_action_adjusted	2021-09-15	2026-09-14	1270.0	4.17	4.1659	4345134.0	2802.0	18101276.4765	-0.01650943396226423	0.17663656884875834	0.474019088016967	0.3474497826432519	-0.16766467065868262	-0.44411177644710575	5462480.0	3019.0	23145722.255000003	4.238734	True	True	True	True	True	True	2026-09-14T23:00:08.058571+00:00
2026-09-13	2026-09-14	IT0005373789-MTAA	IT0005373789	PHIL	PHILOGEN	MTAA	Euronext Milan	True	Common Stock	101	PASS				1	borsa_italiana_chart_api	XMIL	corporate_action_adjusted	2021-09-15	2026-09-14	1266.0	23.25	23.3528	11665.0	140.0	272410.55	-0.0021459227467811592	0.008676789587852562	0.019736842105263053	0.2720207083841621	-0.09883720930232565	-0.1991935483870968	15723.5	189.5	366321.775	23.262271	True	True	True	True	True	True	2026-09-14T23:00:08.610021+00:00
2026-09-13	2026-09-14	IT0005383291-MTAA	IT0005383291	YACHT	FERRETTI	MTAA	Euronext Milan	True	Common Stock	101	PASS				1	borsa_italiana_chart_api	XMIL	corporate_action_adjusted	2023-06-27	2026-09-14	815.0	2.976	2.9349	262903.0	377.0	771593.026	-0.008660892738174497	-0.04859335038363177	-0.17516629711751663	0.21035035624637	-0.2927756653992396	-0.32414448669201523	126560.5	384.5	380839.38	3.04665	True	True	True	True	True	True	2026-09-14T23:00:09.110747+00:00
2026-09-13	2026-09-14	IT0005385213-MTAA	IT0005385213	NWL	NEWPRINCES	MTAA	Euronext Milan	True	Common Stock	101	PASS				1	borsa_italiana_chart_api	XMIL	corporate_action_adjusted	2021-09-15	2026-09-14	1270.0	16.99	16.7563	233119.0	1312.0	3906210.86	0.018585131894484297	0.11118378024852849	-0.026918671248568282	0.22864346103150943	-0.3008230452674898	-0.38847736625514406	68465.5	527.5	1078597.685	15.952075	True	True	True	True	True	True	2026-09-14T23:00:09.566894+00:00
2026-09-13	2026-09-14	IT0005395071-MTAA	IT0005395071	ZUC	ZUCCHI	MTAA	Euronext Milan	True	Common Stock	101	PASS				1	borsa_italiana_chart_api	XMIL	corporate_action_adjusted	2021-09-15	2026-09-14	1216.0	0.51	0.51	300.0	2.0	153.0	-0.1499999999999999	-0.1499999999999999	-0.19047619047619047	0.5402165914663459	-0.4642857142857143	-0.4642857142857143	2125.5	4.0	1170.3200000000002	0.5538695	True	True	True	True	True	True	2026-09-14T23:00:10.020492+00:00
2026-09-13	2026-09-14	IT0005411209-MTAA	IT0005411209	GVS	GVS	MTAA	Euronext Milan	True	Common Stock	101	PASS				1	borsa_italiana_chart_api	XMIL	corporate_action_adjusted	2021-09-15	2026-09-14	1270.0	4.715	4.675	46107.0	151.0	215548.77	-0.06075697211155373	0.11597633136094676	0.38472834067547734	0.28818299334420616	-0.06075697211155373	-0.32765531062124253	44496.0	178.0	208999.435	4.7393920000000005	True	True	True	True	True	True	2026-09-14T23:00:10.468546+00:00
2026-09-13	2026-09-14	IT0005412504-MTAA	IT0005412504	CY4	CY4GATE	MTAA	Euronext Milan	True	Common Stock	101	PASS				1	borsa_italiana_chart_api	XMIL	corporate_action_adjusted	2021-09-15	2026-09-14	1270.0	10.1	9.7701	149089.0	656.0	1456609.59	0.039094650205761194	-0.0039447731755425375	0.3377483443708609	0.44501623237854054	-0.04356060606060619	-0.1952662721893491	33617.5	217.5	312419.54000000004	9.3214145	True	True	True	True	True	True	2026-09-14T23:00:10.951562+00:00
2026-09-13	2026-09-14	IT0005438046-MTAA	IT0005438046	IOT	SECO	MTAA	Euronext Milan	True	Common Stock	101	PASS				1	borsa_italiana_chart_api	XMIL	corporate_action_adjusted	2021-09-15	2026-09-14	1270.0	4.225	4.2605	535609.0	886.0	2281980.795	0.23718887262079047	0.37622149837133545	0.6064638783269962	0.5910229738206932	-0.04842342342342354	-0.3436619718309859	333271.5	576.5	1254265.105	3.7306660000000003	True	True	True	True	True	True	2026-09-14T23:00:11.415148+00:00
2026-09-13	2026-09-14	IT0005439085-MTAA	IT0005439085	TISG	THE ITALIAN SEA GROUP	MTAA	Euronext Milan	True	Common Stock	101	PASS				1	borsa_italiana_chart_api	XMIL	corporate_action_adjusted	2021-09-15	2026-09-14	1270.0	1.112	1.1223	247220.0	199.0	277467.334	-0.2034383954154727	-0.16766467065868262	0.059047619047619015	0.807029711234944	-0.7828125	-0.85625	226395.5	198.0	281372.55500000005	1.2851249999999999	True	True	True	True	True	True	2026-09-14T23:00:11.920377+00:00
2026-09-13	2026-09-14	IT0005440893-MTAA	IT0005440893	WIIT	WIIT	MTAA	Euronext Milan	True	Common Stock	101	PASS				1	borsa_italiana_chart_api	XMIL	corporate_action_adjusted	2021-09-15	2026-09-14	1270.0	29.45	29.0877	60959.0	428.0	1773159.55	0.026132404181184565	-0.11694152923538237	0.06896551724137923	0.393059705491872	-0.21883289124668448	-0.3037135278514589	33696.0	353.0	952666.0249999999	28.467817	True	True	True	True	True	True	2026-09-14T23:00:12.347971+00:00
2026-09-13	2026-09-14	IT0005445280-MTAA	IT0005445280	ABT	ABITARE IN	MTAA	Euronext Milan	True	Common Stock	101	PASS				1	borsa_italiana_chart_api	XMIL	corporate_action_adjusted	2021-09-15	2026-09-14	1258.0	2.77	2.7806	164.0	2.0	456.02	-0.010714285714285676	-0.014234875444839923	0.0072727272727273196	0.19436507572553552	-0.09918699186991875	-0.1609756097560976	2237.0	9.5	6317.96	2.8213165	True	True	True	True	True	True	2026-09-14T23:00:12.868024+00:00
2026-09-13	2026-09-14	IT0005453250-MTAA	IT0005453250	ELN	EL.EN.	MTAA	Euronext Milan	True	Common Stock	101	PASS				1	borsa_italiana_chart_api	XMIL	corporate_action_adjusted	2021-09-15	2026-09-14	1270.0	15.97	15.9694	108945.0	763.0	1739782.55	0.02240717029449435	-0.0611405055849501	0.31983471074380176	0.2656826832749645	-0.08638443935926776	-0.2139439507860561	23658.0	236.5	361203.875	15.235865	True	True	True	True	True	True	2026-09-14T23:00:13.356023+00:00
2026-09-13	2026-09-14	IT0005455875-MTAA	IT0005455875	ICOS	INTERCOS	MTAA	Euronext Milan	True	Common Stock	101	PASS				1	borsa_italiana_chart_api	XMIL	corporate_action_adjusted	2021-11-02	2026-09-14	1236.0	12.58	12.587	95103.0	412.0	1197065.14	-0.10780141843971625	0.0031897926634769647	0.09201388888888884	0.35948515954931765	-0.11904761904761896	-0.1695447409733124	70819.0	383.0	931486.9299999999	13.6979625	True	True	True	True	True	True	2026-09-14T23:00:13.844508+00:00
2026-09-13	2026-09-14	IT0005472730-MTAA	IT0005472730	AGP	ALTEA GREEN POWER	MTAA	Euronext Milan	True	Common Stock	101	PASS				1	borsa_italiana_chart_api	XMIL	corporate_action_adjusted	2022-02-01	2026-09-14	1166.0	6.31	6.4558	48840.0	220.0	315301.32	-0.13085399449035817	-0.10113960113960119	-0.014062500000000089	0.26351765242842407	-0.24701670644391416	-0.24701670644391416	13122.5	103.5	91440.515	7.0092795	True	True	True	True	True	True	2026-09-14T23:00:14.350074+00:00
2026-09-13	2026-09-14	IT0005481855-MTAA	IT0005481855	MET	MET.EXTRA GROUP	MTAA	Euronext Milan	True	Common Stock	101	FETCH_FAIL	fetch	ValueError	Missing openPx.	3																												2026-09-14T23:13:51.891975+00:00
2026-09-13	2026-09-14	IT0005482333-MTAA	IT0005482333	TPRO	TECHNOPROBE	MTAA	Euronext Milan	True	Common Stock	101	PASS				1	borsa_italiana_chart_api	XMIL	corporate_action_adjusted	2022-02-15	2026-09-14	1163.0	28.34	28.3991	1802310.0	6823.0	51183962.78	-0.09860050890585248	-0.24102838778789504	0.7902716361339228	0.5695555328647399	-0.25616797900262467	-0.3223097112860892	674887.5	2720.0	18741265.009999998	27.8424245	True	True	True	True	True	True	2026-09-14T23:00:18.489583+00:00
2026-09-13	2026-09-14	IT0005495657-MTAA	IT0005495657	SPM	SAIPEM	MTAA	Euronext Milan	True	Common Stock	101	PASS				1	borsa_italiana_chart_api	XMIL	corporate_action_adjusted	2021-09-15	2026-09-14	1270.0	4.157	4.1916	21690629.0	7801.0	90919463.6365	-0.08757682177348547	-0.1211416490486259	0.23793924955330548	0.34364919728104615	-0.137730761252852	-0.18419415059116362	14821993.5	6052.5	64684350.400000006	4.472373	True	True	True	True	True	True	2026-09-14T23:00:18.946500+00:00
2026-09-13	2026-09-14	IT0005496473-MTAA	IT0005496473	TSL	TESSELLIS	MTAA	Euronext Milan	True	Common Stock	101	PASS				1	borsa_italiana_chart_api	XMIL	corporate_action_adjusted	2021-09-15	2026-09-14	1270.0	0.0875	0.0881	2918293.0	1449.0	257038.5724	-0.1421568627450981	0.054216867469879304	0.3318112633181127	0.48393309903092074	-0.2756622516556292	-0.48178807947019864	3864741.0	249.5	349212.21499999997	0.0896995	True	True	True	True	True	True	2026-09-14T23:00:19.388899+00:00
2026-09-13	2026-09-14	IT0005508921-MTAA	IT0005508921	BMPS	BANCA MONTE PASCHI SIENA	MTAA	Euronext Milan	True	Common Stock	101	PASS				1	borsa_italiana_chart_api	XMIL	corporate_action_adjusted	2021-09-15	2026-09-14	1269.0	11.63	11.6674	17536080.0	12361.0	204600751.57	-0.03341090425531912	0.06171261639583725	0.6112496536436687	0.18554271329566543	-0.03373213692256549	-0.2548663101604278	9635588.0	7924.0	113048943.04	11.602281000000001	True	True	True	True	True	True	2026-09-14T23:00:19.860139+00:00
2026-09-13	2026-09-14	IT0005513202-MTAA	IT0005513202	REVO	REVO INSURANCE	MTAA	Euronext Milan	True	Common Stock	101	PASS				1	borsa_italiana_chart_api	XMIL	corporate_action_adjusted	2022-11-21	2026-09-14	967.0	24.55	24.8455	42957.0	341.0	1067286.15	-0.019960079840319334	-0.03536345776031424	0.13394919168591235	0.33061834546312774	-0.153448275862069	-0.1701323251417769	22457.5	240.5	557783.725	24.784228499999998	True	True	True	True	True	True	2026-09-14T23:00:20.315879+00:00
2026-09-13	2026-09-14	IT0005527616-MTAA	IT0005527616	EGLA	EUROGROUP LAMINATIONS	MTAA	Euronext Milan	True	Common Stock	101	PASS				1	borsa_italiana_chart_api	XMIL	corporate_action_adjusted	2023-02-10	2026-09-14	909.0	0.88	0.8907	342245.0	277.0	304842.5425	-0.17525773195876282	-0.1464597478176527	-0.26050420168067223	0.3593723075171559	-0.7535014005602241	-0.7535014005602241	224776.5	210.0	224220.475	0.983131	True	True	True	True	True	True	2026-09-14T23:00:20.857576+00:00
2026-09-13	2026-09-14	IT0005541336-MTAA	IT0005541336	LTMC	LOTTOMATICA GROUP	MTAA	Euronext Milan	True	Common Stock	101	PASS				1	borsa_italiana_chart_api	XMIL	corporate_action_adjusted	2023-05-03	2026-09-14	854.0	27.2	27.3674	875424.0	3099.0	23958109.14	0.11020408163265305	0.03856433753340971	0.07509881422924902	0.3529696710134806	-0.020525747209218625	-0.17608930500540154	668678.0	2199.0	16738894.605	25.007582499999998	True	True	True	True	True	True	2026-09-14T23:00:21.298261+00:00
2026-09-13	2026-09-14	IT0005543480-MTAA	IT0005543480	DEX	DEXELANCE	MTAA	Euronext Milan	True	Common Stock	101	PASS				1	borsa_italiana_chart_api	XMIL	corporate_action_adjusted	2023-05-18	2026-09-14	843.0	1.96	1.9203	180179.0	176.0	345994.735	-0.06666666666666676	-0.14782608695652166	-0.08189767815201754	0.4292995230735009	-0.641780886323642	-0.669075154095902	95355.5	113.0	216324.04499999998	2.118607	True	True	True	True	True	True	2026-09-14T23:00:21.720346+00:00
2026-09-13	2026-09-14	IT0005545675-MTAA	IT0005545675	OPR	OPS RETAIL	MTAA	Euronext Milan	True	Common Stock	101	PASS				1	borsa_italiana_chart_api	XMIL	corporate_action_adjusted	2021-09-15	2026-04-24	1114.0	0.0109	0.010975	120000.0	7.0	1317.01	-0.22142857142857142	-0.7233502538071066	-0.7205128205128205	1.804199403347834	-0.7943396226415094	-0.8490566037735849	344982.0	13.0	3166.16	0.0105905	True	True	True	True	True	True	2026-09-14T23:00:22.158947+00:00
2026-09-13	2026-09-14	IT0005572778-MTAA	IT0005572778	JUVE	JUVENTUS FC	MTAA	Euronext Milan	True	Common Stock	101	PASS				1	borsa_italiana_chart_api	XMIL	corporate_action_adjusted	2021-09-15	2026-09-14	1270.0	1.916	1.926	832956.0	702.0	1604290.479	-0.06809338521400787	-0.08413001912045892	-0.11542012927054479	0.1904182472648901	-0.36387782204515273	-0.36387782204515273	440195.0	348.5	885418.87	2.0535265000000003	True	True	True	True	True	True	2026-09-14T23:00:22.603995+00:00
2026-09-13	2026-09-14	IT0005573065-MTAA	IT0005573065	UD	UNIDATA	MTAA	Euronext Milan	True	Common Stock	101	PASS				1	borsa_italiana_chart_api	XMIL	corporate_action_adjusted	2021-09-15	2026-09-14	1247.0	3.37	3.4249	80288.0	145.0	274976.84	0.1233333333333333	0.17832167832167833	0.1196013289036546	0.26259196835717546	-0.026011560693641522	-0.21965317919075134	52407.0	75.5	170467.84	3.1944169999999996	True	True	True	True	True	True	2026-09-14T23:00:23.282334+00:00
2026-09-13	2026-09-14	IT0005577868-MTAA	IT0005577868	OPS	OPS ITALIA	MTAA	Euronext Milan	True	Common Stock	101	PASS				1	borsa_italiana_chart_api	XMIL	corporate_action_adjusted	2021-09-15	2026-04-30	1164.0	0.1	0.101354	150325.0	23.0	15236.09	0.6339869281045754	-0.33333333333333326	-0.3975903614457831	1.4857212290172905	-0.576271186440678	-0.7627118644067796	152841.0	26.5	19949.355	0.1306735	True	True	True	True	True	True	2026-09-14T23:00:23.735218+00:00
2026-09-13	2026-09-14	IT0005595423-MTAA	IT0005595423	SYS	SYS-DAT	MTAA	Euronext Milan	True	Common Stock	101	PASS				1	borsa_italiana_chart_api	XMIL	corporate_action_adjusted	2024-07-02	2026-09-14	553.0	8.2	8.1002	65537.0	430.0	530859.78	0.14845938375350132	0.4487632508833921	0.7596566523605148	0.33743227238039014	-0.014423076923077094	-0.33836858006042303	45118.0	241.5	353927.32	7.6188649999999996	True	True	True	True	True	True	2026-09-14T23:00:24.171701+00:00
2026-09-13	2026-09-14	IT0005599938-MTAA	IT0005599938	FCT	FINCANTIERI	MTAA	Euronext Milan	True	Common Stock	101	PASS				1	borsa_italiana_chart_api	XMIL	corporate_action_adjusted	2021-09-15	2026-09-14	1270.0	12.295	12.3787	1637638.0	2662.0	20271784.435	-0.07102380052890056	0.08373732921992061	-0.05713190184049077	0.40563667118615443	-0.5432763744427935	-0.6357355126300149	1412506.5	2335.5	17674901.705	12.399243	True	True	True	True	True	True	2026-09-14T23:00:24.709411+00:00
2026-09-13	2026-09-14	IT0005610958-MTAA	IT0005610958	DOV	DOVALUE	MTAA	Euronext Milan	True	Common Stock	101	PASS				1	borsa_italiana_chart_api	XMIL	corporate_action_adjusted	2021-09-15	2026-09-14	1270.0	1.744	1.7403	801482.0	568.0	1394808.647	-0.07085775173148645	-0.2508591065292096	-0.16714422158548226	0.6553046023615203	-0.4633846153846154	-0.5089230769230769	1092882.0	755.5	1916596.475	1.7403175	True	True	True	True	True	True	2026-09-14T23:00:25.196946+00:00
2026-09-13	2026-09-14	IT0005611642-MTAA	IT0005611642	BES	BESTBE HOLDING	MTAA	Euronext Milan	True	Common Stock	101	PASS				1	borsa_italiana_chart_api	XMIL	corporate_action_adjusted	2021-09-15	2025-11-25	1051.0	0.058	0.056564	13476.0	3.0	762.26	-0.033333333333333215	-0.033333333333333215	-0.5827338129496403	0.49329332929880315	-0.9290953545232273	-0.9327628361858191	21151.0	6.0	1214.0349999999999	0.0584965	True	True	True	True	True	True	2026-09-14T23:00:25.620691+00:00
2026-09-13	2026-09-14	IT0005619843-MTAA	IT0005619843	LNDR	LANDI RENZO	MTAA	Euronext Milan	True	Common Stock	101	PASS				1	borsa_italiana_chart_api	XMIL	corporate_action_adjusted	2021-09-15	2026-09-14	1269.0	0.68	0.6717	32341.0	30.0	21722.8	-0.011627906976743985	-0.03409090909090895	-0.16049382716049387	0.4419761656031762	-0.4127806563039723	-0.4818652849740932	8244.5	10.0	5457.965	0.66859	True	True	True	True	True	True	2026-09-14T23:00:26.103251+00:00
2026-09-13	2026-09-14	IT0005634610-MTAA	IT0005634610	OLI	OLIDATA	MTAA	Euronext Milan	True	Common Stock	101	PASS				1	borsa_italiana_chart_api	XMIL	corporate_action_adjusted	2023-04-03	2026-09-14	873.0	1.49	1.5279	85406.0	86.0	130487.906	-0.04974489795918369	-0.17222222222222228	-0.11834319526627213	0.4562546290158863	-0.4772846868970356	-0.543939659708823	15270.5	19.5	23247.684999999998	1.5697990000000002	True	True	True	True	True	True	2026-09-14T23:00:26.532588+00:00
2026-09-13	2026-09-14	IT0005654683-MTAA	IT0005654683	FDA	FIDIA	MTAA	Euronext Milan	True	Common Stock	101	PASS				1	borsa_italiana_chart_api	XMIL	corporate_action_adjusted	2021-09-15	2026-09-14	1252.0	0.0088	0.0089	5714961.0	67.0	50753.475	0.07317073170731714	-0.13725490196078427	-0.6834532374100719	0.8267521340662881	-0.9683339330694495	-0.9877653832313782	6425656.0	74.5	55179.697499999995	0.0078605	True	True	True	True	True	True	2026-09-14T23:00:26.982758+00:00
2026-09-13	2026-09-14	IT0005704439-MTAA	IT0005704439	PRO	BCA PROFILO	MTAA	Euronext Milan	True	Common Stock	101	PASS				1	borsa_italiana_chart_api	XMIL	corporate_action_adjusted	2021-09-15	2026-09-14	1270.0	1.676	1.6651	30083.0	41.0	50090.93	-0.04228571428571437	0.02822085889570558	0.060759493670885956	0.2193082305980786	-0.16823821339950384	-0.2059553349875931	31465.5	65.0	52463.19	1.700229	True	True	True	True	True	True	2026-09-14T23:00:27.448310+00:00
2026-09-13	2026-09-14	IT0005707341-MTAA	IT0005707341	KK	KRUSO KAPITAL	MTAA	Euronext Milan	True	Common Stock	101	PASS				1	borsa_italiana_chart_api	XMIL	corporate_action_adjusted	2024-01-25	2026-09-14	285.0	0.0184	0.0183	23298733.0	41.0	426449.646	0.01098901098901095	-0.04166666666666663	0.10625787231739992	0.30277644694813804	-0.1441860465116278	-0.2600000196000032	2769930.0	17.0	50418.84	0.018153000000000002	True	True	True	True	True	True	2026-09-14T23:00:27.851670+00:00
2026-09-13	2026-09-14	IT0005708174-MTAA	IT0005708174	AEDES	AEDES	MTAA	Euronext Milan	True	Common Stock	101	PASS				1	borsa_italiana_chart_api	XMIL	corporate_action_adjusted	2021-09-15	2026-09-14	1219.0	0.848	0.8285	24552.0	10.0	20341.118	-0.02304147465437789	-0.011655011655011704	0.02168674698795181	0.2875601766945375	-0.3086017121891561	-0.5739910313901345	2689.0	4.0	2262.755	0.8465860000000001	True	True	True	True	True	True	2026-09-14T23:00:28.313931+00:00
2026-09-13	2026-09-14	IT0005709909-MTAA	IT0005709909	TFIN	TREVI FIN IND	MTAA	Euronext Milan	True	Common Stock	101	PASS				1	borsa_italiana_chart_api	XMIL	corporate_action_adjusted	2021-09-15	2026-09-14	1270.0	4.71	4.7096	92053.0	490.0	433533.992	0.01948051948051943	0.42038600723763575	-0.05106342547003795	0.4524674022748899	-0.37566845561293016	-0.6392010009028815	122679.0	359.0	570924.52	4.6677365	True	True	True	True	True	True	2026-09-14T23:00:28.767085+00:00
2026-09-13	2026-09-14	IT0005712671-MTAA	IT0005712671	TIT	TELECOM ITALIA	MTAA	Euronext Milan	True	Common Stock	101	PASS				1	borsa_italiana_chart_api	XMIL	corporate_action_adjusted	2021-09-15	2026-09-14	1270.0	7.593	7.6277	4634320.0	4342.0	35349311.401	-0.0051100628930816905	-0.052059925093632886	0.22270531400966176	0.2012664644233896	-0.06708440840398078	-0.12696969696969695	7283313.5	6143.5	55617082.879999995	7.6721	True	True	True	True	True	True	2026-09-14T23:00:29.236630+00:00
2026-09-13	2026-09-14	IT0005713232-MTAA	IT0005713232	OROX	GENS AUREA	MTAA	Euronext Milan	True	Common Stock	101	PASS				1	borsa_italiana_chart_api	XMIL	corporate_action_adjusted	2026-07-14	2026-09-14	45.0	12.1	12.1281	48317.0	150.0	585995.32	0.2384851586489254						93444.0	345.5	1100194.47	11.982323000000001	True	False	False	False	False	True	2026-09-14T23:00:29.592430+00:00
2026-09-13	2026-09-14	IT0005730095-MTAA	IT0005730095	EPH	EPH INVEST	MTAA	Euronext Milan	True	Common Stock	101	FETCH_FAIL	fetch	ValueError	Missing volCap.	3																												2026-09-14T23:13:55.720050+00:00
2026-09-13	2026-09-14	LU2592315662-MTAA	LU2592315662	DIS	D'AMICO	MTAA	Euronext Milan	True	Common Stock	101	PASS				1	borsa_italiana_chart_api	XMIL	corporate_action_adjusted	2021-09-15	2026-09-14	1270.0	7.895	7.946	262761.0	659.0	2087894.595	0.09349030470914133	0.03337696335078544	0.06401617250673852	0.461496191635795	-0.13479452054794527	-0.2778082191780822	273832.0	674.0	2050341.3824999998	7.412907	True	True	True	True	True	True	2026-09-14T23:00:33.692953+00:00
2026-09-13	2026-09-14	LU2598331598-MTAA	LU2598331598	TEN	TENARIS	MTAA	Euronext Milan	True	Common Stock	101	PASS				1	borsa_italiana_chart_api	XMIL	corporate_action_adjusted	2021-09-15	2026-09-14	1270.0	23.67	24.1315	1000564.0	2628.0	24145108.09	0.019379844961240345	-0.08397832817337458	-0.018249688925756846	0.273930119786393	-0.1451787648970747	-0.19212712170458646	1210774.0	2480.0	28510784.335	23.976734999999998	True	True	True	True	True	True	2026-09-14T23:00:34.170533+00:00
2026-09-13	2026-09-14	NL0000226223-MTAA	NL0000226223	STMMI	STMICROELECTRONICS	MTAA	Euronext Milan	True	Common Stock	101	PASS				1	borsa_italiana_chart_api	XMIL	corporate_action_adjusted	2021-09-15	2026-09-14	1270.0	41.765	42.0347	5515622.0	25129.0	231847295.9925	-0.10548297279931462	-0.35923596195151897	0.4285958611253635	0.6216703734131207	-0.39776496034607056	-0.39776496034607056	3155249.5	13306.0	138299765.26	43.725365499999995	True	True	True	True	True	True	2026-09-14T23:00:34.687004+00:00
2026-09-13	2026-09-14	NL0011585146-MTAA	NL0011585146	RACE	FERRARI	MTAA	Euronext Milan	True	Common Stock	101	PASS				1	borsa_italiana_chart_api	XMIL	corporate_action_adjusted	2021-09-15	2026-09-14	1270.0	352.15	352.7106	274066.0	10474.0	96665974.525	-0.013032511210762432	0.1334084325716125	0.2031089853091903	0.24385342900885637	-0.17509955493089713	-0.35863199812602475	341108.5	10321.5	123150589.93	357.1057545	True	True	True	True	True	True	2026-09-14T23:00:35.190435+00:00
2026-09-13	2026-09-14	NL0013995087-MTAA	NL0013995087	CEM	CEMENTIR HOLDING	MTAA	Euronext Milan	True	Common Stock	101	PASS				1	borsa_italiana_chart_api	XMIL	corporate_action_adjusted	2021-09-15	2026-09-14	1270.0	13.72	13.7765	59453.0	515.0	819053.17	-0.0723461798512508	-0.13493064312736436	-0.06793478260869568	0.26349439141517156	-0.32246913580246905	-0.3481481481481482	76115.5	457.0	1070976.17	14.4162925	True	True	True	True	True	True	2026-09-14T23:00:35.696475+00:00
2026-09-13	2026-09-14	NL00150001Q9-MTAA	NL00150001Q9	STLAM	STELLANTIS	MTAA	Euronext Milan	True	Common Stock	101	PASS				1	borsa_italiana_chart_api	XMIL	corporate_action_adjusted	2021-09-15	2026-09-14	1270.0	4.54	4.5598	33155861.0	20131.0	151182634.74175	-0.017316017316017285	-0.2141249783624719	-0.22775982309916643	0.42269506220344427	-0.5640483963894757	-0.5793163049740733	34008785.5	19561.0	151712507.740875	4.5861719999999995	True	True	True	True	True	True	2026-09-14T23:00:36.204335+00:00
2026-09-13	2026-09-14	NL0015000K93-MTAA	NL0015000K93	ECMPM	EUROCOMMERCIAL PROPERTIES	MTAA	Euronext Milan	True	Common Stock	101	PASS				1	borsa_italiana_chart_api	XMIL	corporate_action_adjusted	2023-05-16	2026-09-11	561.0	26.65	26.65	30.0	1.0	799.5	-0.022018348623853212	-0.023809523809523836	0.026974951830443183	0.30791036534063254	-0.09966216216216228	-0.132404181184669	105.0	1.0	2953.125	27.2	True	True	True	True	True	True	2026-09-14T23:00:36.703848+00:00
2026-09-13	2026-09-14	NL0015000LU4-MTAA	NL0015000LU4	IVG	IVECO GROUP	MTAA	Euronext Milan	True	Common Stock	101	PASS				1	borsa_italiana_chart_api	XMIL	corporate_action_adjusted	2022-01-03	2026-09-14	1194.0	14.07	14.0758	874595.0	890.0	12310650.25	0.008602150537634579	0.011502516175413424	0.043791001438458155	0.01959475527609396	0.0	-0.015254742737472404	789820.0	568.0	11063029.100000001	13.9640575	True	True	True	True	True	True	2026-09-14T23:00:37.214304+00:00
2026-09-13	2026-09-14	NL0015000N33-MTAA	NL0015000N33	ARIS	ARISTON HOLDING	MTAA	Euronext Milan	True	Common Stock	101	PASS				1	borsa_italiana_chart_api	XMIL	corporate_action_adjusted	2021-11-26	2026-09-14	1218.0	3.536	3.5149	404539.0	697.0	1421913.178	-0.04792676359719972	0.04677323860272353	-0.04690026954177895	0.29779613956258777	-0.3588395285584768	-0.43535811423390747	285237.5	536.0	1056641.06	3.7391755	True	True	True	True	True	True	2026-09-14T23:00:37.975452+00:00
2026-09-13	2026-09-14	NL0015001KT6-MTAA	NL0015001KT6	BRE	BREMBO	MTAA	Euronext Milan	True	Common Stock	101	PASS				1	borsa_italiana_chart_api	XMIL	corporate_action_adjusted	2021-09-15	2026-09-14	1270.0	10.07	10.0792	223525.0	578.0	2252952.56	-0.014677103718199636	-0.07359705611775524	0.1628175519630486	0.2685890477237601	-0.16292601828761422	-0.31484876260311645	223771.5	608.5	2254660.645	10.0584945	True	True	True	True	True	True	2026-09-14T23:00:38.428880+00:00
2026-09-13	2026-09-14	NL0015001OI1-MTAA	NL0015001OI1	MFEA	MFE A	MTAA	Euronext Milan	True	Common Stock	101	PASS				1	borsa_italiana_chart_api	XMIL	corporate_action_adjusted	2021-12-13	2026-09-14	1206.0	2.512	2.517	951022.0	614.0	2393698.596	-0.06547619047619058	-0.1801566579634465	0.0337448559670781	0.28179011437118484	-0.3188720173535792	-0.3552060737527115	1573150.0	783.0	4041613.55	2.5287125	True	True	True	True	True	True	2026-09-14T23:00:38.874019+00:00
2026-09-13	2026-09-14	NL0015001OJ9-MTAA	NL0015001OJ9	MFEB	MFE B	MTAA	Euronext Milan	True	Common Stock	101	PASS				1	borsa_italiana_chart_api	XMIL	corporate_action_adjusted	2021-09-15	2026-09-14	1269.0	3.498	3.502	205001.0	330.0	717923.75	-0.036894273127753285	-0.06119162640901765	0.10000000000000009	0.2686004570862334	-0.3194552529182878	-0.38871595330739295	217649.0	362.5	771019.225	3.5926265	True	True	True	True	True	True	2026-09-14T23:00:39.320537+00:00
2026-09-13	2026-09-14	NL0015435975-MTAA	NL0015435975	CPR	CAMPARI	MTAA	Euronext Milan	True	Common Stock	101	PASS				1	borsa_italiana_chart_api	XMIL	corporate_action_adjusted	2021-09-15	2026-09-14	1270.0	6.036	6.0046	14067875.0	9173.0	84471653.023	0.00033145508783549715	0.11488732914665678	-0.011464133639043639	0.24384452247778504	-0.10418521816562787	-0.20837043633125563	4019548.0	2397.0	23248515.655	5.808534	True	True	True	True	True	True	2026-09-14T23:00:39.758950+00:00
2026-09-13	2026-09-14	BE0003818359-XAMS	BE0003818359	LKFT	LAKEFRONT BIOTHERAPEUTICS	XAMS	Euronext Amsterdam	True	Common Stock	101	PASS				1	euronext_full_download_csv	XAMS	provider_default	2024-09-16	2026-09-14	509.0	23.36	23.428	71073.0	662.0	1665097.0	-0.02259414225941414	-0.056542810985460545	-0.19169550173010375	0.2906690198729794	-0.26633165829145733	-0.29396984924623115	75369.5	707.0	1886465.0	24.62175	True	True	True	True	True	True	2026-09-14T23:00:40.273771+00:00
2026-09-13	2026-09-14	BMG0112X1056-XAMS	BMG0112X1056	AGN	AEGON	XAMS	Euronext Amsterdam	True	Common Stock	101	PASS				1	euronext_full_download_csv	XAMS	provider_default	2024-09-16	2026-09-14	509.0	7.856	7.8765	3103827.0	3021.0	24447420.0	-0.04497933381959651	0.05195500803427966	0.28449967298888157	0.16341224571773474	-0.05212355212355213	-0.1432269197584124	4202229.5	3636.0	33178035.0	7.92455	True	True	True	True	True	True	2026-09-14T23:00:44.470755+00:00
2026-09-13	2026-09-14	BMG3602E1084-XAMS	BMG3602E1084	FLOW	FLOW TRADERS	XAMS	Euronext Amsterdam	True	Common Stock	101	PASS				1	euronext_full_download_csv	XAMS	provider_default	2024-09-16	2026-09-14	509.0	28.9	28.8586	73099.0	558.0	2109537.0	0.04862119013062416	0.11410948342328431	0.051673944687045115	0.1683730194893616	-0.04746209624258413	-0.20171390903098219	71146.5	502.5	2051128.0	28.8288	True	True	True	True	True	True	2026-09-14T23:00:46.546234+00:00
2026-09-13	2026-09-14	BMG455841020-XAMS	BMG455841020	HAL	HAL TRUST	XAMS	Euronext Amsterdam	True	Common Stock	101	FEATURE_FAIL	feature	ValueError	Market observation series cannot be empty.	1																												2026-09-14T23:13:57.835400+00:00
2026-09-13	2026-09-14	BMG7209L1000-XAMS	BMG7209L1000	PPLAA	PPLA Class A voting common share	XAMS	Euronext Amsterdam	True	Common Stock	101	PASS				1	euronext_full_download_csv	XAMS	provider_default	2024-09-16	2026-09-14	509.0	0.3	0.0	0.0	0.0	0.0	0.0	0.0	0.0	0.0	0.0	0.0	0.0	0.0	0.0	0.0	True	True	True	True	True	True	2026-09-14T23:00:50.144381+00:00
2026-09-13	2026-09-14	BMG7209L1182-XAMS	BMG7209L1182	PPLAB	PPLA Class B non voting common shares	XAMS	Euronext Amsterdam	True	Common Stock	101	PASS				1	euronext_full_download_csv	XAMS	provider_default	2024-09-16	2026-09-14	509.0	0.3	0.0	0.0	0.0	0.0	0.0	0.0	0.0	0.0	0.0	0.0	0.0	0.0	0.0	0.0	True	True	True	True	True	True	2026-09-14T23:00:50.703051+00:00
2026-09-13	2026-09-14	CH1216478797-XAMS	CH1216478797	DSFIR	DSM FIRMENICH AG	XAMS	Euronext Amsterdam	True	Common Stock	101	PASS				1	euronext_full_download_csv	XAMS	provider_default	2024-09-16	2026-09-14	509.0	90.86	91.2555	493419.0	4901.0	45027180.0	0.011804008908685937	0.21763602251407121	0.5239852398523985	0.35238868813205787	-0.05097138082306241	-0.2696362677912493	581256.5	4853.0	54878768.0	92.47319999999999	True	True	True	True	True	True	2026-09-14T23:00:51.428270+00:00
2026-09-13	2026-09-14	CWN814651014-XAMS	CWN814651014	MORE	MOREFIELD GROUP N.V.	XAMS	Euronext Amsterdam	True	Common Stock	101	PASS				1	euronext_full_download_csv	XAMS	provider_default	2024-09-16	2026-09-14	509.0	0.99	0.99	850.0	4.0	842.0	0.03125	0.09999999999999987	0.19277108433734935	0.3220540216472941	-0.01980198019801982	-0.07446808510638292	1429.0	4.0	1374.0	0.97	True	True	True	True	True	True	2026-09-14T23:00:52.805656+00:00
2026-09-13	2026-09-14	CY0200751713-XAMS	CY0200751713	THEON	THEON INTERNATIONAL PLC	XAMS	Euronext Amsterdam	True	Common Stock	101	PASS				1	euronext_full_download_csv	XAMS	provider_default	2024-09-16	2026-09-14	509.0	30.54	30.9616	135222.0	1083.0	4186683.0	-0.20302713987473908	-0.09376854599406537	-0.04413145539906105	0.3653442527762993	-0.20302713987473908	-0.32377050077137437	91742.0	749.0	3114054.5	33.1825	True	True	True	True	True	True	2026-09-14T23:00:53.588203+00:00
2026-09-13	2026-09-14	CZ0009008942-XAMS	CZ0009008942	COLT	COLT CZ GROUP	XAMS	Euronext Amsterdam	True	Common Stock	101	PASS				1	euronext_full_download_csv	XAMS	provider_default	2026-04-14	2026-09-14	109.0	39.6	36.6905	503.0	15.0	18455.0	0.05600000000000005	-0.05714285714285716		0.6348278176784617			249.5	11.0	9828.0	39.48185	True	True	False	True	False	True	2026-09-14T23:00:54.006990+00:00
2026-09-13	2026-09-14	GB00B2B0DG97-XAMS	GB00B2B0DG97	REN	RELX	XAMS	Euronext Amsterdam	True	Common Stock	101	PASS				1	euronext_full_download_csv	XAMS	provider_default	2024-09-16	2026-09-14	509.0	30.58	30.5195	1139145.0	2868.0	34766089.0	0.026863666890530435	0.07827926657263751	0.0032808398950130435	0.3507675986350786	-0.2501226091221187	-0.4266797449730261	786586.0	1789.0	23423228.5	30.4424	True	True	True	True	True	True	2026-09-14T23:00:56.159480+00:00
2026-09-13	2026-09-14	GB00B94QM994-XAMS	GB00B94QM994	ECT	EUROCASTLE INVESTM	XAMS	Euronext Amsterdam	True	Common Stock	101	PASS				1	euronext_full_download_csv	XAMS	provider_default	2024-09-16	2026-09-14	509.0	13.5	13.5	33.0	2.0	446.0	0.0	0.03846153846153855	0.09756097560975596	0.5558534573366153	-0.09999999999999998	-0.2466666666666666	0.0	0.0	0.0	0.0	True	True	True	True	True	True	2026-09-14T23:00:57.360940+00:00
2026-09-13	2026-09-14	GB00BDCPN049-XAMS	GB00BDCPN049	CCEP	Coca-Cola Europacific Partners plc	XAMS	Euronext Amsterdam	True	Common Stock	101	PASS				1	euronext_full_download_csv	XAMS	provider_default	2024-09-16	2026-09-14	509.0	91.0	90.695	10409.0	266.0	944045.0	-0.023605150214592308	0.07438016528925617	0.02824858757062154	0.2499178883239818	-0.07237512742099894	-0.17148981779206862	6685.0	149.5	609741.5	92.34415	True	True	True	True	True	True	2026-09-14T23:00:59.213015+00:00
2026-09-13	2026-09-14	GB00BMXH3352-XAMS	GB00BMXH3352	MTRK	MOTORK PLC	XAMS	Euronext Amsterdam	True	Common Stock	101	PASS				1	euronext_full_download_csv	XAMS	provider_default	2024-09-16	2026-09-14	509.0	2.2	2.2	25.0	1.0	55.0	-0.022222222222222143	-0.11999999999999988	-0.3015873015873015	0.40026291533345243	-0.53781512605042	-0.53781512605042	67.5	2.0	151.5	2.205	True	True	True	True	True	True	2026-09-14T23:01:00.199999+00:00
2026-09-13	2026-09-14	GB00BN0VZ646-XAMS	GB00BN0VZ646	FERGR	FERRARI GROUP	XAMS	Euronext Amsterdam	True	Common Stock	101	PASS				1	euronext_full_download_csv	XAMS	provider_default	2025-02-12	2026-09-14	405.0	8.02	8.0635	36181.0	190.0	291745.0	-0.003726708074534346	0.021656050955414008	-0.060889929742388715	0.23823973715314722	-0.2813620071684588	-0.3593189964157706	24584.0	176.5	192071.0	7.9572	True	True	True	True	True	True	2026-09-14T23:01:00.771180+00:00
2026-09-13	2026-09-14	GB00BNTJ3546-XAMS	GB00BNTJ3546	ALLFG	ALLFUNDS GROUP PLC	XAMS	Euronext Amsterdam	True	Common Stock	101	PASS				1	euronext_full_download_csv	XAMS	provider_default	2024-09-16	2026-09-14	509.0	9.05	9.0745	136048.0	486.0	1234571.0	0.026659103800340533	0.06470588235294117	0.059718969555035306	0.12911714032272453	-0.007675438596491113	-0.08014981273408239	186929.5	412.0	1685387.0	9.00505	True	True	True	True	True	True	2026-09-14T23:01:01.673547+00:00
2026-09-13	2026-09-14	GB00BP6MXD84-XAMS	GB00BP6MXD84	SHELL	SHELL PLC	XAMS	Euronext Amsterdam	True	Common Stock	101	PASS				1	euronext_full_download_csv	XAMS	provider_default	2024-09-16	2026-09-14	509.0	41.91	42.0291	5038017.0	15263.0	211743514.0	0.07544264819091606	0.19367701509541435	0.04266699838288335	0.19000202303934563	0.0	-0.18170746559493367	4395579.0	11650.5	175172699.0	40.01425	True	True	True	True	True	True	2026-09-14T23:01:04.983254+00:00
2026-09-13	2026-09-14	GB00BQQFX454-XAMS	GB00BQQFX454	AXS	ACCSYS TECHNOLOGIES PLC	XAMS	Euronext Amsterdam	True	Common Stock	101	PASS				1	euronext_full_download_csv	XAMS	provider_default	2024-09-16	2026-09-14	509.0	0.804	0.8065	90657.0	70.0	73112.0	-0.03712574850299388	-0.1026785714285714	0.1166666666666667	0.18781642796863762	-0.1308108108108108	-0.1428571428571428	55132.5	58.0	45019.0	0.81745	True	True	True	True	True	True	2026-09-14T23:01:05.384486+00:00
2026-09-13	2026-09-14	GB00BVZK7T90-XAMS	GB00BVZK7T90	UNA	UNILEVER PLC	XAMS	Euronext Amsterdam	True	Common Stock	101	PASS				1	euronext_full_download_csv	XAMS	provider_default	2024-09-16	2026-09-14	509.0	54.92	54.7045	1229579.0	4760.0	67263448.0	0.019491368108409235	0.0875247524752476	-0.032928332452896614	0.2560538526936446	-0.12714558169103618	-0.2505562619198983	920782.5	3369.0	51295130.0	55.1049	True	True	True	True	True	True	2026-09-14T23:01:06.622808+00:00
2026-09-13	2026-09-14	GG00B1GHHH78-XAMS	GG00B1GHHH78	VTA	Volta Finance Limited	XAMS	Euronext Amsterdam	True	Common Stock	101	PASS				1	euronext_full_download_csv	XAMS	provider_default	2024-09-16	2026-09-14	509.0	6.06	6.0865	10305.0	31.0	62722.0	0.016778523489932917	-0.006557377049180357	0.030612244897959107	0.11289216857407763	-0.1367521367521367	-0.21082621082621078	8101.5	18.0	49060.5	6.0088	True	True	True	True	True	True	2026-09-14T23:01:08.762129+00:00
2026-09-13	2026-09-14	GG00B1RMC548-XAMS	GG00B1RMC548	TFG	TETRAGON FINANCIAL GROUP	XAMS	Euronext Amsterdam	True	Common Stock	101	PASS				1	euronext_full_download_csv	XAMS	provider_default	2024-09-16	2026-09-14	509.0	14.0	14.0301	2516.0	4.0	35300.0	0.05660377358490565	0.10671936758893286	-0.007092198581560294	0.14789644473510705	-0.2783505154639174	-0.38659793814432986	3695.5	10.5	51412.5	13.991	True	True	True	True	True	True	2026-09-14T23:01:09.982414+00:00
2026-09-13	2026-09-14	GG00BMB5XZ39-XAMS	GG00BMB5XZ39	CABLE	Global InterConnection Group Limited	XAMS	Euronext Amsterdam	True	Common Stock	101	PASS				1	euronext_full_download_csv	XAMS	provider_default	2024-09-16	2026-09-14	509.0	2.78	0.0	0.0	0.0	0.0	0.0	0.0	-0.0071428571428571175	0.0	-0.0071428571428571175	-0.0071428571428571175	0.0	0.0	0.0	0.0	True	True	True	True	True	True	2026-09-14T23:01:10.620777+00:00
2026-09-13	2026-09-14	JE00BRX98089-XAMS	JE00BRX98089	CVC	CVC CAPITAL	XAMS	Euronext Amsterdam	True	Common Stock	101	PASS				1	euronext_full_download_csv	XAMS	provider_default	2024-09-16	2026-09-14	509.0	13.52	13.5804	867559.0	1719.0	11781825.0	-0.13444302176696543	0.01501501501501501	0.19434628975265	0.3011892167428064	-0.1415873015873016	-0.3130990415335464	945982.0	1711.0	13394493.0	14.26375	True	True	True	True	True	True	2026-09-14T23:01:11.195966+00:00
2026-09-13	2026-09-14	KYG137071075-XAMS	KYG137071075	BACE	BM3EAC Corp.	XAMS	Euronext Amsterdam	True	Common Stock	101	PASS				1	euronext_full_download_csv	XAMS	provider_default	2024-09-16	2026-09-14	509.0	10.0	0.0	0.0	0.0	0.0	0.0	0.0	0.0	0.0	0.0	0.0	0.0	0.0	0.0	0.0	True	True	True	True	True	True	2026-09-14T23:01:11.814319+00:00
2026-09-13	2026-09-14	LU0383812293-XAMS	LU0383812293	REINA	REINET INVESTMENTS	XAMS	Euronext Amsterdam	True	Common Stock	101	PASS				1	euronext_full_download_csv	XAMS	provider_default	2024-09-16	2026-09-14	509.0	23.0	23.0321	2101.0	17.0	48390.0	-0.11538461538461542	-0.06141603754335845	-0.2068965517241379	0.4726888547046895	-0.2767295597484277	-0.29182389937106923	166.5	3.0	4033.0	23.320349999999998	True	True	True	True	True	True	2026-09-14T23:01:13.066665+00:00
2026-09-13	2026-09-14	LU0569974404-XAMS	LU0569974404	APAM	APERAM	XAMS	Euronext Amsterdam	True	Common Stock	101	PASS				1	euronext_full_download_csv	XAMS	provider_default	2024-09-16	2026-09-14	509.0	44.6	44.5062	106905.0	1110.0	4757939.0	-0.059468578658793736	-0.08942425479787663	0.30715123094958985	0.3710826453953451	-0.15928369462770964	-0.2616487455197133	107598.0	992.0	4884297.5	46.41395	True	True	True	True	True	True	2026-09-14T23:01:14.303583+00:00
2026-09-13	2026-09-14	LU1598757687-XAMS	LU1598757687	MT	ARCELORMITTAL SA	XAMS	Euronext Amsterdam	True	Common Stock	101	PASS				1	euronext_full_download_csv	XAMS	provider_default	2024-09-16	2026-09-14	509.0	62.64	62.6155	1451561.0	7144.0	90890281.0	-0.017257609036711696	0.08336215842269112	0.3861473777384379	0.3530385723365595	-0.07254960023689672	-0.2619465917076599	1376586.5	6372.0	87235249.0	64.13730000000001	True	True	True	True	True	True	2026-09-14T23:01:16.489227+00:00
2026-09-13	2026-09-14	LU2290522684-XAMS	LU2290522684	INPST	INPOST S.A.	XAMS	Euronext Amsterdam	True	Common Stock	101	PASS				1	euronext_full_download_csv	XAMS	provider_default	2024-09-16	2026-09-14	509.0	15.57	15.5641	493367.0	379.0	7678807.0	0.005164622336991664	0.0169823644676681	0.03386454183266929	0.018485293277196665	0.0	-0.16427931960608766	406957.5	403.5	6323533.5	15.54345	True	True	True	True	True	True	2026-09-14T23:01:17.379085+00:00
2026-09-13	2026-09-14	NL0000008977-XAMS	NL0000008977	HEIO	HEINEKEN HOLDING	XAMS	Euronext Amsterdam	True	Common Stock	101	PASS				1	euronext_full_download_csv	XAMS	provider_default	2024-09-16	2026-09-14	509.0	67.95	67.9532	143652.0	1101.0	9761613.0	-0.025107604017216678	0.06755695208169676	0.03087170222890867	0.22945378124211496	-0.09279038718291055	-0.18761811645575133	143620.5	1060.0	9732315.5	67.90375	True	True	True	True	True	True	2026-09-14T23:01:18.315036+00:00
2026-09-13	2026-09-14	NL0000009082-XAMS	NL0000009082	KPN	KPN KON	XAMS	Euronext Amsterdam	True	Common Stock	101	PASS				1	euronext_full_download_csv	XAMS	provider_default	2024-09-16	2026-09-14	509.0	4.164	4.1649	10602781.0	4026.0	44159731.0	0.021840490797545797	-0.027557216254086914	-0.14461791290057535	0.19974979835622356	-0.14479359211337028	-0.18771821729307858	9104340.5	3111.5	37150209.0	4.0851500000000005	True	True	True	True	True	True	2026-09-14T23:01:19.215545+00:00
2026-09-13	2026-09-14	NL0000009165-XAMS	NL0000009165	HEIA	HEINEKEN	XAMS	Euronext Amsterdam	True	Common Stock	101	PASS				1	euronext_full_download_csv	XAMS	provider_default	2024-09-16	2026-09-14	509.0	72.04	72.0173	759572.0	4067.0	54702318.0	-0.020130576713819237	0.025334471961286686	0.023877202956225307	0.2152674268688449	-0.10084872690963553	-0.1954568147778334	522119.0	2415.0	37898661.5	72.31285	True	True	True	True	True	True	2026-09-14T23:01:20.079329+00:00
2026-09-13	2026-09-14	NL0000009322-XAMS	NL0000009322	INPHI	PHILIPS BUY BACK	XAMS	Euronext Amsterdam	True	Common Stock	101	PASS				1	euronext_full_download_csv	XAMS	provider_default	2024-09-16	2026-09-14	509.0	29.4	0.0	0.0	0.0	0.0	0.0	0.0	0.0	0.0	0.0	0.0	0.0	0.0	0.0	0.0	True	True	True	True	True	True	2026-09-14T23:01:20.579707+00:00
2026-09-13	2026-09-14	NL0000009538-XAMS	NL0000009538	PHIA	KON.PHILIPS N.V.	XAMS	Euronext Amsterdam	True	Common Stock	101	PASS				1	euronext_full_download_csv	XAMS	provider_default	2024-09-16	2026-09-14	509.0	21.66	21.6447	1641851.0	3277.0	35537363.0	-0.08453085376162295	-0.06436285097192218	-0.11879576891781929	0.22141733941768987	-0.21436343852013062	-0.23322451940515054	1292507.5	2403.5	30398217.5	22.98885	True	True	True	True	True	True	2026-09-14T23:01:21.385455+00:00
2026-09-13	2026-09-14	NL0000018034-XAMS	NL0000018034	AJAX	AJAX	XAMS	Euronext Amsterdam	True	Common Stock	101	PASS				1	euronext_full_download_csv	XAMS	provider_default	2024-09-16	2026-09-14	509.0	8.68	8.6857	6840.0	35.0	59410.0	-0.03555555555555556	0.018779342723004744	0.016393442622950838	0.14181565597946555	-0.10699588477366262	-0.14197530864197538	1419.5	23.5	12754.0	8.9557	True	True	True	True	True	True	2026-09-14T23:01:21.844017+00:00
2026-09-13	2026-09-14	NL0000285278-XAMS	NL0000285278	BEVER	BEVER HOLDING Gewone aandelen	XAMS	Euronext Amsterdam	True	Common Stock	101	PASS				1	euronext_full_download_csv	XAMS	provider_default	2024-09-16	2026-09-14	509.0	2.8	0.0	0.0	0.0	0.0	-0.034482758620689724	0.11111111111111094	0.11999999999999988	0.25562635023303554	-0.04109589041095896	-0.21232876712328774	0.0	0.0	0.0	0.0	True	True	True	True	True	True	2026-09-14T23:01:22.621109+00:00
2026-09-13	2026-09-14	NL0000289213-XAMS	NL0000289213	WHA	WERELDHAVE Gewone aandelen	XAMS	Euronext Amsterdam	True	Common Stock	101	PASS				1	euronext_full_download_csv	XAMS	provider_default	2024-09-16	2026-09-14	509.0	17.96	17.9672	45715.0	301.0	821372.0	-0.032327586206896464	-0.1086848635235731	-0.1665893271461717	0.15474648710447794	-0.22918454935622312	-0.22918454935622312	59957.0	319.5	1107304.0	18.46775	True	True	True	True	True	True	2026-09-14T23:01:24.136688+00:00
2026-09-13	2026-09-14	NL0000302636-XAMS	NL0000302636	VLK	V LANSCHOT KEMPEN	XAMS	Euronext Amsterdam	True	Common Stock	101	PASS				1	euronext_full_download_csv	XAMS	provider_default	2024-09-16	2026-09-14	509.0	67.05	66.8831	22877.0	412.0	1530085.0	0.0166793025018952	-0.035251798561151126	0.18253968253968234	0.18478258859296326	-0.05095541401273895	-0.11475409836065564	41692.0	526.5	2743825.0	66.56025	True	True	True	True	True	True	2026-09-14T23:01:25.059649+00:00
2026-09-13	2026-09-14	NL0000313286-XAMS	NL0000313286	ACOMO	ACOMO N.V.	XAMS	Euronext Amsterdam	True	Common Stock	101	PASS				1	euronext_full_download_csv	XAMS	provider_default	2024-09-16	2026-09-14	509.0	23.4	23.5693	29453.0	271.0	694187.0	-0.002132196162046962	0.03083700440528636	-0.09826589595375723	0.1669247092509704	-0.15217391304347838	-0.19927536231884058	19510.0	220.5	468836.0	23.99135	True	True	True	True	True	True	2026-09-14T23:01:25.908637+00:00
2026-09-13	2026-09-14	NL0000334118-XAMS	NL0000334118	ASM	ASM International N.V.	XAMS	Euronext Amsterdam	True	Common Stock	101	PASS				1	euronext_full_download_csv	XAMS	provider_default	2024-09-16	2026-09-14	509.0	759.2	759.0653	342899.0	24698.0	260282729.0	-0.15059297381964631	-0.27418738049713187	0.11614231108497508	0.5610505920980786	-0.29638554216867463	-0.3327154772937906	130660.5	7255.0	108901154.0	827.72365	True	True	True	True	True	True	2026-09-14T23:01:26.730197+00:00
2026-09-13	2026-09-14	NL0000336303-XAMS	NL0000336303	PBH	PB HOLDING N.V.	XAMS	Euronext Amsterdam	True	Common Stock	101	PASS				1	euronext_full_download_csv	XAMS	provider_default	2024-09-16	2026-09-14	509.0	3.4	3.4	180.0	1.0	612.0	-0.005847953216374324	-0.03409090909090917	-0.03409090909090917	0.21241742693287893	-0.0710382513661203	-0.0710382513661203	0.0	0.0	0.0	0.0	True	True	True	True	True	True	2026-09-14T23:01:27.774757+00:00
2026-09-13	2026-09-14	NL0000337319-XAMS	NL0000337319	BAMNB	Koninklijke BAM Groep N.V.	XAMS	Euronext Amsterdam	True	Common Stock	101	PASS				1	euronext_full_download_csv	XAMS	provider_default	2024-09-16	2026-09-14	509.0	11.11	11.1329	554894.0	890.0	6177594.0	-0.07647547797173737	-0.09306122448979592	0.22289488167308735	0.3083158190537846	-0.12519685039370076	-0.16220472440944878	564835.0	920.0	6512407.0	11.5152	True	True	True	True	True	True	2026-09-14T23:01:28.649451+00:00
2026-09-13	2026-09-14	NL0000345577-XAMS	NL0000345577	CTAC	CTAC	XAMS	Euronext Amsterdam	True	Common Stock	101	PASS				1	euronext_full_download_csv	XAMS	provider_default	2024-09-16	2026-09-14	509.0	2.79	2.7267	1593.0	7.0	4344.0	-0.010638297872340385	-0.06999999999999995	-0.037931034482758585	0.34921936631730527	-0.17455621301775148	-0.22189349112426038	383.5	4.5	1053.0	2.7257	True	True	True	True	True	True	2026-09-14T23:01:29.497905+00:00
2026-09-13	2026-09-14	NL0000345627-XAMS	NL0000345627	EAS2P	EASE2PAY NV	XAMS	Euronext Amsterdam	True	Common Stock	101	PASS				1	euronext_full_download_csv	XAMS	provider_default	2024-09-16	2026-09-14	509.0	0.5	0.4998	48921.0	34.0	24449.0	0.22249388753056243	0.28205128205128194	0.25	0.7238395562059359	-0.180327868852459	-0.2845849802371542	112185.0	64.5	57285.5	0.49695	True	True	True	True	True	True	2026-09-14T23:01:30.479839+00:00
2026-09-13	2026-09-14	NL0000360618-XAMS	NL0000360618	SBMO	SBM OFFSHORE	XAMS	Euronext Amsterdam	True	Common Stock	101	PASS				1	euronext_full_download_csv	XAMS	provider_default	2024-09-16	2026-09-14	509.0	35.18	35.4107	442665.0	1961.0	15675071.0	-0.010129431626336505	0.07190737355271182	0.061557030778515376	0.41446972642697855	-0.04918918918918924	-0.19027027027027021	390828.0	1626.0	13919461.5	35.3765	True	True	True	True	True	True	2026-09-14T23:01:32.736373+00:00
2026-09-13	2026-09-14	NL0000371243-XAMS	NL0000371243	NEDAP	NEDAP	XAMS	Euronext Amsterdam	True	Common Stock	101	PASS				1	euronext_full_download_csv	XAMS	provider_default	2024-09-16	2026-09-14	509.0	91.5	91.6463	3761.0	162.0	344682.0	-0.05377456049638063	-0.06153846153846154	0.12962962962962954	0.2369741023156845	-0.12356321839080464	-0.24904214559386972	3720.5	172.0	347768.0	92.42385	True	True	True	True	True	True	2026-09-14T23:01:33.582838+00:00
2026-09-13	2026-09-14	NL0000378669-XAMS	NL0000378669	PORF	KONINKLIJKE PORCELEYNE FLES	XAMS	Euronext Amsterdam	True	Common Stock	101	PASS				1	euronext_full_download_csv	XAMS	provider_default	2024-09-16	2026-09-14	509.0	14.0	0.0	0.0	0.0	0.0	0.09375	0.1200000000000001	-0.03448275862068961	0.27755561787653266	-0.05405405405405406	-0.19594594594594594	72.5	1.5	1015.0	13.7308	True	True	True	True	True	True	2026-09-14T23:01:34.379648+00:00
2026-09-13	2026-09-14	NL0000379121-XAMS	NL0000379121	RAND	Randstad N.V.	XAMS	Euronext Amsterdam	True	Common Stock	101	PASS				1	euronext_full_download_csv	XAMS	provider_default	2024-09-16	2026-09-14	509.0	38.24	38.426	348845.0	3293.0	13404716.0	-0.029195227215029207	0.4242085661080075	0.5156559651208878	0.4669707340860078	-0.05416769725451387	-0.4401554404145078	329608.0	2785.0	12727525.0	39.0914	True	True	True	True	True	True	2026-09-14T23:01:35.553793+00:00
2026-09-13	2026-09-14	NL0000395903-XAMS	NL0000395903	WKL	WOLTERS KLUWER	XAMS	Euronext Amsterdam	True	Common Stock	101	PASS				1	euronext_full_download_csv	XAMS	provider_default	2024-09-16	2026-09-14	509.0	70.72	70.1534	1876465.0	10747.0	131640328.0	0.01347090856979083	0.18260869565217397	0.06698853349426681	0.401557234601856	-0.3929613733905579	-0.5208583690987125	1096553.0	6808.0	76565216.5	69.7989	True	True	True	True	True	True	2026-09-14T23:01:36.611203+00:00
2026-09-13	2026-09-14	NL0000440311-XAMS	NL0000440311	HOLCO	Holland Colours	XAMS	Euronext Amsterdam	True	Common Stock	101	PASS				1	euronext_full_download_csv	XAMS	provider_default	2024-09-16	2026-09-14	509.0	80.0	80.0	291.0	7.0	23280.0	0.02564102564102555	-0.05882352941176472	-0.14438502673796794	0.32790464602192715	-0.23809523809523814	-0.28095238095238095	136.5	7.0	10741.0	77.71549999999999	True	True	True	True	True	True	2026-09-14T23:01:37.538079+00:00
2026-09-13	2026-09-14	NL0000817179-XAMS	NL0000817179	SLIGR	Sligro Food Group N.V.	XAMS	Euronext Amsterdam	True	Common Stock	101	PASS				1	euronext_full_download_csv	XAMS	provider_default	2024-09-16	2026-09-14	509.0	10.26	10.2827	35584.0	222.0	365899.0	-0.042910447761194126	-0.13197969543147214	-0.21917808219178092	0.2602287967333575	-0.2943603851444291	-0.3039889958734525	44432.5	304.5	467329.0	10.47665	True	True	True	True	True	True	2026-09-14T23:01:38.401327+00:00
2026-09-13	2026-09-14	NL0000852523-XAMS	NL0000852523	TWEKA	TKH GROUP N.V.	XAMS	Euronext Amsterdam	True	Common Stock	101	PASS				1	euronext_full_download_csv	XAMS	provider_default	2024-09-16	2026-09-14	509.0	50.25	50.5113	65188.0	688.0	3292732.0	-0.03735632183908055	0.12315601251676345	0.31201044386422994	0.31271517027886175	-0.03735632183908055	-0.1511721907841551	64367.0	708.0	3290742.0	50.453649999999996	True	True	True	True	True	True	2026-09-14T23:01:38.911453+00:00
2026-09-13	2026-09-14	NL0000852531-XAMS	NL0000852531	KENDR	KENDRION N.V.	XAMS	Euronext Amsterdam	True	Common Stock	101	PASS				1	euronext_full_download_csv	XAMS	provider_default	2024-09-16	2026-09-14	509.0	18.66	18.7189	15788.0	209.0	295534.0	-0.05757575757575761	-0.07851851851851854	0.09764705882352942	0.2332890060911311	-0.13611111111111118	-0.14537037037037037	19082.0	239.0	373099.0	19.3382	True	True	True	True	True	True	2026-09-14T23:01:39.928690+00:00
2026-09-13	2026-09-14	NL0000852564-XAMS	NL0000852564	AALB	AALBERTS N.V.	XAMS	Euronext Amsterdam	True	Common Stock	101	PASS				1	euronext_full_download_csv	XAMS	provider_default	2024-09-16	2026-09-14	509.0	40.24	40.3552	365425.0	2004.0	14746805.0	-0.08211678832116787	0.006000000000000005	0.2856230031948883	0.2703892422124284	-0.10736468500443652	-0.1777777777777777	195852.0	1379.5	8304205.0	42.70315	True	True	True	True	True	True	2026-09-14T23:01:41.159951+00:00
2026-09-13	2026-09-14	NL0000888691-XAMS	NL0000888691	AMG	AMG Critical Materials N.V.	XAMS	Euronext Amsterdam	True	Common Stock	101	PASS				1	euronext_full_download_csv	XAMS	provider_default	2024-09-16	2026-09-14	509.0	29.16	29.1328	149732.0	1189.0	4362106.0	-0.1523255813953488	-0.205449591280654	-0.13982300884955745	0.43102756825330596	-0.3076923076923076	-0.36657169990503324	159128.0	984.0	5082962.0	31.93165	True	True	True	True	True	True	2026-09-14T23:01:42.000170+00:00
2026-09-13	2026-09-14	NL0006237562-XAMS	NL0006237562	ARCAD	ARCADIS	XAMS	Euronext Amsterdam	True	Common Stock	101	PASS				1	euronext_full_download_csv	XAMS	provider_default	2024-09-16	2026-09-14	509.0	43.44	43.39	198582.0	895.0	8616479.0	0.0013831258644536604	0.27017543859649096	0.5459074733096083	0.37451986038752944	-0.14403940886699507	-0.4849261083743842	122338.5	859.5	5358582.5	43.82695	True	True	True	True	True	True	2026-09-14T23:01:43.254830+00:00
2026-09-13	2026-09-14	NL0009169515-XAMS	NL0009169515	EARTH	GREEN EARTH GROUP N.V.	XAMS	Euronext Amsterdam	True	Common Stock	101	PASS				1	euronext_full_download_csv	XAMS	provider_default	2024-09-16	2026-09-14	509.0	0.986	0.9716	10104.0	24.0	9817.0	-0.08703703703703713	-0.14260869565217382	-0.20803212851405628	0.4671624193685959	-0.38181818181818183	-0.3918495297805643	8735.0	16.0	8701.0	1.0343499999999999	True	True	True	True	True	True	2026-09-14T23:01:44.328060+00:00
2026-09-13	2026-09-14	NL0009269109-XAMS	NL0009269109	HEIJM	Koninklijke Heijmans N.V.	XAMS	Euronext Amsterdam	True	Common Stock	101	PASS				1	euronext_full_download_csv	XAMS	provider_default	2024-09-16	2026-09-14	509.0	84.35	84.6541	66491.0	1073.0	5628736.0	-0.0781420765027323	-0.2671589921807125	0.08141025641025634	0.3430027637010281	-0.2796754910333049	-0.2869342442356959	34759.5	679.5	3014756.5	87.4574	True	True	True	True	True	True	2026-09-14T23:01:45.186554+00:00
2026-09-13	2026-09-14	NL0009312842-XAMS	NL0009312842	NEDSE	MKB Nedsense N.V.	XAMS	Euronext Amsterdam	True	Common Stock	101	PASS				1	euronext_full_download_csv	XAMS	provider_default	2024-09-16	2026-09-14	509.0	0.081	0.0783	81251.0	13.0	6365.0	0.025316455696202445	0.060209424083769836	-0.1336898395721925	0.555569144508924	-0.6383928571428572	-0.6741071428571429	18637.0	6.5	1387.0	0.0764	True	True	True	True	True	True	2026-09-14T23:01:46.186768+00:00
2026-09-13	2026-09-14	NL0009391242-XAMS	NL0009391242	HYDRA	HYDRATEC Gewone aandelen	XAMS	Euronext Amsterdam	True	Common Stock	101	PASS				1	euronext_full_download_csv	XAMS	provider_default	2024-09-16	2026-09-14	509.0	276.0	274.4593	209.0	16.0	57362.0	0.022222222222222143	0.2777777777777777	0.2777777777777777	0.2949217570831004	-0.014285714285714235	-0.10052910052910058	109.5	10.0	30080.0	270.0	True	True	True	True	True	True	2026-09-14T23:01:47.050835+00:00
2026-09-13	2026-09-14	NL0009432491-XAMS	NL0009432491	VPK	VOPAK	XAMS	Euronext Amsterdam	True	Common Stock	101	PASS				1	euronext_full_download_csv	XAMS	provider_default	2024-09-16	2026-09-14	509.0	47.52	47.434	104087.0	714.0	4937261.0	-0.005025125628140614	0.044395604395604416	0.001686340640809636	0.19759864521904155	-0.029808084932625434	-0.14505403158769736	92770.0	820.5	4418655.5	47.71825	True	True	True	True	True	True	2026-09-14T23:01:48.993817+00:00
2026-09-13	2026-09-14	NL0009739416-XAMS	NL0009739416	PNL	POSTNL	XAMS	Euronext Amsterdam	True	Common Stock	101	PASS				1	euronext_full_download_csv	XAMS	provider_default	2024-09-16	2026-09-14	509.0	0.865	0.8647	1911081.0	646.0	1652447.0	-0.05412793876435207	-0.09801876955161626	-0.20642201834862395	0.19663087792229397	-0.31240063593004774	-0.31240063593004774	1526926.0	588.5	1371246.5	0.8945000000000001	True	True	True	True	True	True	2026-09-14T23:01:49.898415+00:00
2026-09-13	2026-09-14	NL0009822014-XAMS	NL0009822014	NSE	New Sources Energy N.V.	XAMS	Euronext Amsterdam	True	Common Stock	101	PASS				1	euronext_full_download_csv	XAMS	provider_default	2024-09-16	2026-09-14	509.0	0.0295	0.0288	3679.0	4.0	106.0	0.09259259259259256	0.34090909090909083	-0.22368421052631582	1.249492677357302	-0.3979591836734695	-0.5510204081632654	9000.0	5.0	267.0	0.029	True	True	True	True	True	True	2026-09-14T23:01:50.763539+00:00
2026-09-13	2026-09-14	NL0010273215-XAMS	NL0010273215	ASML	ASML HOLDING	XAMS	Euronext Amsterdam	True	Common Stock	101	PASS				1	euronext_full_download_csv	XAMS	provider_default	2024-09-16	2026-09-14	509.0	1387.8	1393.5705	731348.0	57374.0	1019184984.0	-0.12142314510002528	-0.16215889881671097	0.16250628245937349	0.4797203470517749	-0.19379574764726393	-0.20866736377367257	464659.0	37165.0	686274207.5	1494.4387	True	True	True	True	True	True	2026-09-14T23:01:52.024115+00:00
2026-09-13	2026-09-14	NL0010389508-XAMS	NL0010389508	ERC	ER Capital N.V.	XAMS	Euronext Amsterdam	True	Common Stock	101	PASS				1	euronext_full_download_csv	XAMS	provider_default	2024-09-16	2026-09-14	509.0	2.22	2.22	232.0	4.0	515.0	-0.04310344827586188	0.13846153846153864	-0.03478260869565197	0.8156407005832297	-0.4585365853658535	-0.5853658536585366	281.0	5.5	636.0	2.27215	True	True	True	True	True	True	2026-09-14T23:01:53.000201+00:00
2026-09-13	2026-09-14	NL0010391025-XAMS	NL0010391025	PHARM	PHARMING GROUP	XAMS	Euronext Amsterdam	True	Common Stock	101	PASS				1	euronext_full_download_csv	XAMS	provider_default	2024-09-16	2026-09-14	509.0	0.9354	0.9379	8803922.0	2340.0	8257113.0	-0.058764338901187374	-0.1703769401330376	-0.30246085011185675	0.5027488398361203	-0.47449438202247196	-0.5079775280898876	5628102.5	1452.0	5572633.5	0.9824999999999999	True	True	True	True	True	True	2026-09-14T23:01:54.110618+00:00
2026-09-13	2026-09-14	NL0010407946-XAMS	NL0010407946	TRIO	TRIODOS BANK N.V.	XAMS	Euronext Amsterdam	True	Common Stock	101	PASS				1	euronext_full_download_csv	XAMS	provider_default	2025-06-17	2026-09-14	319.0	39.95	39.1128	47584.0	545.0	1861143.0	0.10664819944598336	0.4242424242424243	0.36768230058199247	0.36559817807396006	-0.027980535279805263	-0.14677419354838717	29668.5	323.0	1069776.0	35.743399999999994	True	True	True	True	True	True	2026-09-14T23:01:54.559696+00:00
2026-09-13	2026-09-14	NL0010545679-XAMS	NL0010545679	LVIDE	LAVIDE HOLDING	XAMS	Euronext Amsterdam	True	Common Stock	101	PASS				1	euronext_full_download_csv	XAMS	provider_default	2024-09-16	2026-09-14	509.0	0.442	0.442	500.0	1.0	221.0	-0.11422845691382766	-0.21908127208480555	-0.07916666666666661	0.4388871049905759	-0.29841269841269846	-0.29841269841269846	1610.0	4.5	814.0	0.5041	True	True	True	True	True	True	2026-09-14T23:01:55.496392+00:00
2026-09-13	2026-09-14	NL0010556726-XAMS	NL0010556726	HWK	HAWICK DATA NV	XAMS	Euronext Amsterdam	True	Common Stock	101	PASS				1	euronext_full_download_csv	XAMS	provider_default	2024-09-16	2026-09-14	509.0	2.36	2.36	3317.0	8.0	7828.0	0.04424778761061954	0.04424778761061954	0.07272727272727253	0.18157363276876418	-0.11940298507462699	-0.25373134328358216	0.0	0.0	0.0	0.0	True	True	True	True	True	True	2026-09-14T23:01:55.881536+00:00
2026-09-13	2026-09-14	NL0010558797-XAMS	NL0010558797	OCI	OCI N.V.	XAMS	Euronext Amsterdam	True	Common Stock	101	PASS				1	euronext_full_download_csv	XAMS	provider_default	2024-09-16	2026-09-14	509.0	4.062	4.073	83853.0	175.0	341533.0	0.0004926108374385674	0.11593406593406597	0.16657093624353814	0.16771890642819443	-0.15726141078838174	-0.4502074688796681	130790.5	275.0	530386.5	4.06485	True	True	True	True	True	True	2026-09-14T23:01:56.806159+00:00
2026-09-13	2026-09-14	NL0010583399-XAMS	NL0010583399	CRBN	CORBION	XAMS	Euronext Amsterdam	True	Common Stock	101	PASS				1	euronext_full_download_csv	XAMS	provider_default	2024-09-16	2026-09-14	509.0	22.66	22.5644	205387.0	793.0	4634427.0	0.13186813186813184	0.11406096361848572	0.21708309868497544	0.23563266029789431	0.0	-0.17116276286602272	104548.5	548.5	2094690.5	20.21385	True	True	True	True	True	True	2026-09-14T23:01:57.809300+00:00
2026-09-13	2026-09-14	NL0010661864-XAMS	NL0010661864	VALUE	VALUE8	XAMS	Euronext Amsterdam	True	Common Stock	101	PASS				1	euronext_full_download_csv	XAMS	provider_default	2024-09-16	2026-09-14	509.0	6.75	0.0	0.0	0.0	0.0	0.03846153846153855	0.00746268656716409	0.03846153846153855	0.18033860902075327	-0.02877697841726623	-0.08633093525179869	97.5	2.0	645.0	6.4932	True	True	True	True	True	True	2026-09-14T23:01:58.716292+00:00
2026-09-13	2026-09-14	NL0010696704-XAMS	NL0010696704	AMUND	Almunda Professional N.V.	XAMS	Euronext Amsterdam	True	Common Stock	101	PASS				1	euronext_full_download_csv	XAMS	provider_default	2024-09-16	2026-09-14	509.0	1.02	0.0	0.0	0.0	0.0	-0.07272727272727275	-0.09734513274336276	-0.05555555555555558	0.5529042284280921	-0.1428571428571428	-0.24369747899159655	3.0	0.5	3.0	0.47755	True	True	True	True	True	True	2026-09-14T23:01:59.516028+00:00
2026-09-13	2026-09-14	NL0010773842-XAMS	NL0010773842	NN	NN GROUP	XAMS	Euronext Amsterdam	True	Common Stock	101	PASS				1	euronext_full_download_csv	XAMS	provider_default	2024-09-16	2026-09-14	509.0	78.44	78.554	545843.0	2825.0	42878143.0	-0.004062976130015383	0.05572005383580092	0.1669146087473965	0.15075979695162942	-0.038725490196078405	-0.07905138339920958	491638.5	2489.5	37934747.0	77.9257	True	True	True	True	True	True	2026-09-14T23:02:00.197247+00:00
2026-09-13	2026-09-14	NL0010776944-XAMS	NL0010776944	BRNL	BRUNEL INTERNAT	XAMS	Euronext Amsterdam	True	Common Stock	101	PASS				1	euronext_full_download_csv	XAMS	provider_default	2024-09-16	2026-09-14	509.0	7.27	7.3103	44722.0	190.0	326933.0	-0.02807486631016054	0.006925207756232732	0.18045396849788897	0.22322956917180412	-0.08314255047394858	-0.24878640611402425	51937.5	191.5	391227.5	7.4628	True	True	True	True	True	True	2026-09-14T23:02:01.278724+00:00
2026-09-13	2026-09-14	NL0010801007-XAMS	NL0010801007	IMCD	IMCD	XAMS	Euronext Amsterdam	True	Common Stock	101	PASS				1	euronext_full_download_csv	XAMS	provider_default	2024-09-16	2026-09-14	509.0	97.14	97.3772	76673.0	1317.0	7466203.0	-0.00816826628548084	0.12015682656826576	0.31305758313057575	0.30537414117937517	-0.05643516270033999	-0.2642737195633922	122890.5	2064.0	12003637.0	97.14855	True	True	True	True	True	True	2026-09-14T23:02:02.076505+00:00
2026-09-13	2026-09-14	NL0011540547-XAMS	NL0011540547	ABN	ABN AMRO BANK N.V.	XAMS	Euronext Amsterdam	True	Common Stock	101	PASS				1	euronext_full_download_csv	XAMS	provider_default	2024-09-16	2026-09-14	509.0	43.08	43.0616	1448724.0	4229.0	62384372.0	0.03982621288921062	0.1583759075020168	0.5769357407836835	0.23920195403884104	-0.01011029411764719	-0.17970206258213373	1554541.0	4253.5	64702505.0	41.6901	True	True	True	True	True	True	2026-09-14T23:02:02.863077+00:00
2026-09-13	2026-09-14	NL0011660485-XAMS	NL0011660485	SIFG	SIF HOLDING	XAMS	Euronext Amsterdam	True	Common Stock	101	PASS				1	euronext_full_download_csv	XAMS	provider_default	2024-09-16	2026-09-14	509.0	3.4	3.4174	48118.0	190.0	164440.0	-0.13265306122448983	-0.4444444444444444	-0.42760942760942766	0.6086103958648974	-0.5728643216080402	-0.5728643216080402	42788.5	143.0	156136.5	3.7308	True	True	True	True	True	True	2026-09-14T23:02:03.680184+00:00
2026-09-13	2026-09-14	NL0011794037-XAMS	NL0011794037	AD	KONINKLIJKE AHOLD DELHAIZE N.V.	XAMS	Euronext Amsterdam	True	Common Stock	101	PASS				1	euronext_full_download_csv	XAMS	provider_default	2024-09-16	2026-09-14	509.0	31.79	31.6384	1882895.0	4366.0	59571722.0	-0.018827160493827155	-0.10172365074879919	-0.252	0.23006169648164787	-0.252	-0.28094117647058825	2390322.5	4697.5	73455336.5	31.041800000000002	True	True	True	True	True	True	2026-09-14T23:02:04.543670+00:00
2026-09-13	2026-09-14	NL0011821202-XAMS	NL0011821202	INGA	ING GROEP N.V.	XAMS	Euronext Amsterdam	True	Common Stock	101	PASS				1	euronext_full_download_csv	XAMS	provider_default	2024-09-16	2026-09-14	509.0	31.92	31.8957	5127438.0	10085.0	163543112.0	0.03351141330743079	0.16114950891233182	0.4145801019277642	0.20545377838333884	-0.010079082028221276	-0.16877152698048226	4829734.0	8258.0	148378173.0	30.6048	True	True	True	True	True	True	2026-09-14T23:02:05.579443+00:00
2026-09-13	2026-09-14	NL0011821392-XAMS	NL0011821392	LIGHT	SIGNIFY NV	XAMS	Euronext Amsterdam	True	Common Stock	101	PASS				1	euronext_full_download_csv	XAMS	provider_default	2024-09-16	2026-09-14	509.0	14.53	14.576	569438.0	1155.0	8300107.0	-0.06858974358974357	-0.29874517374517373	-0.2221627408993576	0.41938608273773514	-0.38588334742180896	-0.4095519864750634	438748.5	980.0	6676142.5	15.2708	True	True	True	True	True	True	2026-09-14T23:02:06.272631+00:00
2026-09-13	2026-09-14	NL0011832811-XAMS	NL0011832811	FFARM	FORFARMERS	XAMS	Euronext Amsterdam	True	Common Stock	101	PASS				1	euronext_full_download_csv	XAMS	provider_default	2024-09-16	2026-09-14	509.0	5.54	5.5459	114370.0	298.0	634284.0	-0.04317789291882557	-0.1107544141252007	-0.1644042232277526	0.18926294967382223	-0.19124087591240868	-0.1970802919708029	81918.5	256.5	462840.0	5.7064	True	True	True	True	True	True	2026-09-14T23:02:06.907705+00:00
2026-09-13	2026-09-14	NL0011872643-XAMS	NL0011872643	ASRNL	ASR NEDERLAND	XAMS	Euronext Amsterdam	True	Common Stock	101	PASS				1	euronext_full_download_csv	XAMS	provider_default	2024-09-16	2026-09-14	509.0	73.22	73.3622	291270.0	1787.0	21368197.0	0.03593661573288043	0.10570824524312905	0.24312393887945682	0.13397311648435734	-0.01612469766191893	-0.08572339069470991	480047.0	2488.0	34281305.5	72.65180000000001	True	True	True	True	True	True	2026-09-14T23:02:07.625696+00:00
2026-09-13	2026-09-14	NL0011872650-XAMS	NL0011872650	BFIT	BASIC-FIT	XAMS	Euronext Amsterdam	True	Common Stock	101	PASS				1	euronext_full_download_csv	XAMS	provider_default	2024-09-16	2026-09-14	509.0	32.64	32.6662	91945.0	837.0	3003495.0	-0.04672897196261683	0.026415094339622636	0.04347826086956519	0.27351239117050424	-0.09484193011647257	-0.17936694021101984	84219.5	607.5	2849818.5	33.8026	True	True	True	True	True	True	2026-09-14T23:02:08.275868+00:00
2026-09-13	2026-09-14	NL0012059018-XAMS	NL0012059018	EXO	EXOR	XAMS	Euronext Amsterdam	True	Common Stock	101	PASS				1	euronext_full_download_csv	XAMS	provider_default	2024-09-16	2026-09-14	509.0	71.25	71.2345	180039.0	2071.0	12824996.0	0.01279317697228155	0.07791225416036318	0.030368763557483636	0.18601339902329686	-0.18338108882521487	-0.2739255014326647	144708.0	1385.5	10446624.5	71.64670000000001	True	True	True	True	True	True	2026-09-14T23:02:09.229242+00:00
2026-09-13	2026-09-14	NL0012194724-XAMS	NL0012194724	ALX	ALUMEXX N.V.	XAMS	Euronext Amsterdam	True	Common Stock	101	PASS				1	euronext_full_download_csv	XAMS	provider_default	2024-09-16	2026-09-14	509.0	1.34	1.3784	732.0	4.0	1009.0	-0.05633802816901401	-0.042857142857142705	-0.10666666666666658	0.18557480709702556	-0.14649681528662417	-0.14649681528662417	490.0	3.0	691.0	1.40165	True	True	True	True	True	True	2026-09-14T23:02:09.991928+00:00
2026-09-13	2026-09-14	NL0012365084-XAMS	NL0012365084	NSI	NSI N.V.	XAMS	Euronext Amsterdam	True	Common Stock	101	PASS				1	euronext_full_download_csv	XAMS	provider_default	2024-09-16	2026-09-14	509.0	16.3	16.3187	42096.0	159.0	686952.0	-0.035502958579881505	-0.04789719626168221	-0.1053787047200877	0.1498945814374634	-0.23474178403755863	-0.23474178403755863	40128.5	157.0	673293.5	16.7712	True	True	True	True	True	True	2026-09-14T23:02:10.880118+00:00
2026-09-13	2026-09-14	NL0012747059-XAMS	NL0012747059	CMCOM	CM.COM	XAMS	Euronext Amsterdam	True	Common Stock	101	PASS				1	euronext_full_download_csv	XAMS	provider_default	2024-09-16	2026-09-14	509.0	6.83	6.8974	5204.0	56.0	35894.0	-0.029829545454545414	-0.028449502133712667	0.3632734530938124	0.22350236297636494	-0.07951482479784366	-0.20488721804511278	11377.0	80.5	77491.0	6.8971	True	True	True	True	True	True	2026-09-14T23:02:11.621538+00:00
2026-09-13	2026-09-14	NL0012817175-XAMS	NL0012817175	ALFEN	ALFEN	XAMS	Euronext Amsterdam	True	Common Stock	101	PASS				1	euronext_full_download_csv	XAMS	provider_default	2024-09-16	2026-09-14	509.0	11.22	11.0618	210371.0	613.0	2327086.0	-0.16017964071856283	-0.3026724673710378	0.2834591626630061	0.4331328749829743	-0.4295882053889172	-0.4356888662938486	226343.0	561.0	2563343.5	11.8656	True	True	True	True	True	True	2026-09-14T23:02:12.305967+00:00
2026-09-13	2026-09-14	NL0012866412-XAMS	NL0012866412	BESI	BE Semiconductor Industries N.V.	XAMS	Euronext Amsterdam	True	Common Stock	101	PASS				1	euronext_full_download_csv	XAMS	provider_default	2024-09-16	2026-09-14	509.0	175.95	175.9711	771511.0	15131.0	135763606.0	-0.24646680942184163	-0.43260238632699133	-0.06633059166887767	0.5936892567798283	-0.45067124570714956	-0.45067124570714956	374585.0	6635.0	77601028.0	195.20159999999998	True	True	True	True	True	True	2026-09-14T23:02:13.173708+00:00
2026-09-13	2026-09-14	NL0012969182-XAMS	NL0012969182	ADYEN	ADYEN	XAMS	Euronext Amsterdam	True	Common Stock	101	PASS				1	euronext_full_download_csv	XAMS	provider_default	2024-09-16	2026-09-14	509.0	951.5	943.5824	132857.0	12865.0	125361531.0	-0.10371137905048977	0.07114713497692216	0.04388370817334075	0.49936688892317493	-0.37467139852786535	-0.48396424815983174	98331.0	8398.0	105678088.5	1046.07935	True	True	True	True	True	True	2026-09-14T23:02:14.341857+00:00
2026-09-13	2026-09-14	NL0013267909-XAMS	NL0013267909	AKZA	AKZO NOBEL	XAMS	Euronext Amsterdam	True	Common Stock	101	PASS				1	euronext_full_download_csv	XAMS	provider_default	2024-09-16	2026-09-14	509.0	57.62	57.614	377423.0	1977.0	21744859.0	-0.07452618053324767	-0.02338983050847465	0.11063993831919805	0.225946057033584	-0.13275135460565923	-0.2373427926475331	365020.5	2650.5	21909235.5	60.46445	True	True	True	True	True	True	2026-09-14T23:02:15.438441+00:00
2026-09-13	2026-09-14	NL0013332471-XAMS	NL0013332471	TOM2	TOMTOM	XAMS	Euronext Amsterdam	True	Common Stock	101	PASS				1	euronext_full_download_csv	XAMS	provider_default	2024-09-16	2026-09-14	509.0	3.942	3.9247	198682.0	475.0	779758.0	-0.07464788732394356	-0.2013776337115073	-0.1616333475116971	0.4585809234353124	-0.437660485021398	-0.5087018544935806	274033.0	537.5	1116479.5	4.0584	True	True	True	True	True	True	2026-09-14T23:02:16.265730+00:00
2026-09-13	2026-09-14	NL0013654783-XAMS	NL0013654783	PRX	PROSUS	XAMS	Euronext Amsterdam	True	Common Stock	101	PASS				1	euronext_full_download_csv	XAMS	provider_default	2024-09-16	2026-09-14	509.0	35.92	35.8575	2286232.0	9998.0	81978560.0	-0.03944377590586978	-0.0839071665391482	-0.2284394801847277	0.35485536930503503	-0.42426670940855904	-0.43428434043917297	2373564.0	10590.0	89038598.0	37.2922	True	True	True	True	True	True	2026-09-14T23:02:17.221606+00:00
2026-09-13	2026-09-14	NL0013654809-XAMS	NL0013654809	FAST	FASTNED	XAMS	Euronext Amsterdam	True	Common Stock	101	PASS				1	euronext_full_download_csv	XAMS	provider_default	2024-09-16	2026-09-14	509.0	38.8	38.9876	14475.0	307.0	564345.0	0.027814569536423805	0.286898839137645	0.83451536643026	0.43441346758051796	-0.08920187793427237	-0.29226736566186107	20980.0	368.0	853872.0	37.857600000000005	True	True	True	True	True	True	2026-09-14T23:02:18.044105+00:00
2026-09-13	2026-09-14	NL00150000S7-XAMS	NL00150000S7	CABKA	CABKA N.V.	XAMS	Euronext Amsterdam	True	Common Stock	101	PASS				1	euronext_full_download_csv	XAMS	provider_default	2024-09-16	2026-09-14	509.0	2.0	2.0497	2260.0	9.0	4632.0	0.020408163265306145	-0.00990099009900991	0.22699386503067487	0.4187133840986941	-0.04761904761904767	-0.29040404040404033	892.5	6.0	1769.5	2.00305	True	True	True	True	True	True	2026-09-14T23:02:18.708277+00:00
2026-09-13	2026-09-14	NL00150002Q7-XAMS	NL00150002Q7	VVY	VIVORYON THERAPEUTICS N.V.	XAMS	Euronext Amsterdam	True	Common Stock	101	PASS				1	euronext_full_download_csv	XAMS	provider_default	2024-09-16	2026-09-14	509.0	1.115	1.1069	10629.0	24.0	11765.0	-0.0044642857142858094	0.013636363636363447	-0.17772861356932157	0.5924622267530152	-0.33630952380952384	-0.40476190476190477	15115.5	24.0	16932.0	1.1205	True	True	True	True	True	True	2026-09-14T23:02:19.490482+00:00
2026-09-13	2026-09-14	NL00150002R5-XAMS	NL00150002R5	DSC2S	CABKA DSC2 TREASURY SHARES	XAMS	Euronext Amsterdam	True	Common Stock	101	PASS				1	euronext_full_download_csv	XAMS	provider_default	2024-09-16	2026-09-14	509.0	0.01	0.0	0.0	0.0	0.0	0.0	0.0	0.0	0.0	0.0	0.0	0.0	0.0	0.0	0.0	True	True	True	True	True	True	2026-09-14T23:02:20.013344+00:00
2026-09-13	2026-09-14	NL00150003E1-XAMS	NL00150003E1	FUR	FUGRO	XAMS	Euronext Amsterdam	True	Common Stock	101	PASS				1	euronext_full_download_csv	XAMS	provider_default	2024-09-16	2026-09-14	509.0	8.055	8.101	510425.0	993.0	4134937.0	-0.1153212520593081	-0.29030837004405285	-0.21643968871595332	0.3501472148286163	-0.3477732793522267	-0.3477732793522267	268099.0	671.5	2296779.5	8.92795	True	True	True	True	True	True	2026-09-14T23:02:20.984364+00:00
2026-09-13	2026-09-14	NL00150006R6-XAMS	NL00150006R6	CTPNV	CTP NV	XAMS	Euronext Amsterdam	True	Common Stock	101	PASS				1	euronext_full_download_csv	XAMS	provider_default	2024-09-16	2026-09-14	509.0	13.14	13.2047	158172.0	578.0	2088618.0	-0.09504132231404949	-0.15877080665813048	-0.18079800498753107	0.23895706653656448	-0.32959183673469394	-0.32959183673469394	158434.5	503.5	2213725.5	14.25915	True	True	True	True	True	True	2026-09-14T23:02:21.729778+00:00
2026-09-13	2026-09-14	NL00150006Z9-XAMS	NL00150006Z9	AZRN	AZERION GROUP N.V.	XAMS	Euronext Amsterdam	True	Common Stock	101	PASS				1	euronext_full_download_csv	XAMS	provider_default	2024-09-16	2026-09-14	509.0	0.9	0.938	35918.0	39.0	33690.0	-0.1428571428571429	-0.06639004149377592	-0.036402569593147804	0.32287381422098543	-0.34545454545454546	-0.49963636363636366	35979.0	31.5	36633.0	0.97195	True	True	True	True	True	True	2026-09-14T23:02:22.094768+00:00
2026-09-13	2026-09-14	NL0015000CF4-XAMS	NL0015000CF4	NAITR	NEW AMSTERDAM INVEST N.V. TREASURY SHARES	XAMS	Euronext Amsterdam	True	Common Stock	101	PASS				1	euronext_full_download_csv	XAMS	provider_default	2024-09-16	2026-09-14	509.0	0.04	0.0	0.0	0.0	0.0	0.0	0.0	0.0	0.0	0.0	0.0	0.0	0.0	0.0	0.0	True	True	True	True	True	True	2026-09-14T23:02:22.676181+00:00
2026-09-13	2026-09-14	NL0015000CG2-XAMS	NL0015000CG2	NAI	NEW AMSTERDAM INVEST N.V. ORDINARY SHARES	XAMS	Euronext Amsterdam	True	Common Stock	101	PASS				1	euronext_full_download_csv	XAMS	provider_default	2024-09-16	2026-09-14	509.0	8.65	0.0	0.0	0.0	0.0	0.01764705882352935	-0.03888888888888886	-0.022598870056497078	0.22216523286718634	-0.07978723404255317	-0.12234042553191493	45.5	1.0	392.5	8.514800000000001	True	True	True	True	True	True	2026-09-14T23:02:23.207558+00:00
2026-09-13	2026-09-14	NL0015000D50-XAMS	NL0015000D50	NXFIL	NX FILTRATION N.V.	XAMS	Euronext Amsterdam	True	Common Stock	101	PASS				1	euronext_full_download_csv	XAMS	provider_default	2024-09-16	2026-09-14	509.0	3.07	3.0858	41457.0	118.0	127929.0	-0.09705882352941175	-0.05392912172573194	0.12867647058823506	0.46351262624027256	-0.24477244772447737	-0.33793103448275863	34669.5	104.0	109572.0	3.2113	True	True	True	True	True	True	2026-09-14T23:02:24.023768+00:00
2026-09-13	2026-09-14	NL0015000GX8-XAMS	NL0015000GX8	ENVI	ENVIPCO HOLDING N.V.	XAMS	Euronext Amsterdam	True	Common Stock	101	PASS				1	euronext_full_download_csv	XAMS	provider_default	2024-09-16	2026-09-14	509.0	3.155	3.1387	65870.0	138.0	206749.0	-0.2092731829573936	-0.19206145966709343	-0.33718487394957986	0.5208099356017233	-0.5581232492997199	-0.5581232492997199	53896.5	124.5	197723.5	3.7515	True	True	True	True	True	True	2026-09-14T23:02:24.825697+00:00
2026-09-13	2026-09-14	NL0015000IY2-XAMS	NL0015000IY2	UMG	UNIVERSAL MUSIC GROUP	XAMS	Euronext Amsterdam	True	Common Stock	101	PASS				1	euronext_full_download_csv	XAMS	provider_default	2024-09-16	2026-09-14	509.0	14.79	14.7767	1811765.0	2925.0	26771894.0	-0.010371361659417988	-0.2061191626409018	-0.14136429608127732	0.5820933263784555	-0.41472101305896325	-0.445191927186387	2656587.0	3637.0	37712918.0	14.673449999999999	True	True	True	True	True	True	2026-09-14T23:02:25.376810+00:00
2026-09-13	2026-09-14	NL0015000K93-XAMS	NL0015000K93	ECMPA	EUROCOMMERCIAL PROPERTIES	XAMS	Euronext Amsterdam	True	Common Stock	101	PASS				1	euronext_full_download_csv	XAMS	provider_default	2024-09-16	2026-09-14	509.0	26.6	26.636	33642.0	283.0	896089.0	-0.014814814814814725	-0.029197080291970656	-0.005607476635513975	0.14957660989023652	-0.08747855917667224	-0.11247803163444636	38899.0	313.0	1052377.5	26.9955	True	True	True	True	True	True	2026-09-14T23:02:26.296934+00:00
2026-09-13	2026-09-14	NL0015000NL9-XAMS	NL0015000NL9	QEVT	SPEAR INVESTMENTS I TREASURY SHARES	XAMS	Euronext Amsterdam	True	Common Stock	101	PASS				1	euronext_full_download_csv	XAMS	provider_default	2024-09-16	2026-09-14	509.0	0.01	0.0	0.0	0.0	0.0	0.0	0.0	0.0	0.0	0.0	0.0	0.0	0.0	0.0	0.0	True	True	True	True	True	True	2026-09-14T23:02:26.792941+00:00
2026-09-13	2026-09-14	NL0015000NM7-XAMS	NL0015000NM7	QEV	SPEAR INVESTMENTS I B.V. ORDINARY SHARES	XAMS	Euronext Amsterdam	True	Common Stock	101	PASS				1	euronext_full_download_csv	XAMS	provider_default	2024-09-16	2026-09-14	509.0	6.7	0.0	0.0	0.0	0.0	0.0	0.0	0.0	0.0	-0.02898550724637683	-0.02898550724637683	0.0	0.0	0.0	0.0	True	True	True	True	True	True	2026-09-14T23:02:27.415781+00:00
2026-09-13	2026-09-14	NL0015000RT3-XAMS	NL0015000RT3	NRP	NEPI ROCKCASTLE N.V.	XAMS	Euronext Amsterdam	True	Common Stock	101	PASS				1	euronext_full_download_csv	XAMS	provider_default	2024-09-16	2026-09-14	509.0	7.75	7.7476	342.0	12.0	2650.0	-0.04674046740467419	0.006493506493506551	0.07044198895027631	0.23331597830801132	-0.05717761557177625	-0.19464720194647211	3316.0	17.5	26629.0	8.0265	True	True	True	True	True	True	2026-09-14T23:02:28.173384+00:00
2026-09-13	2026-09-14	NL0015000X07-XAMS	NL0015000X07	BNJ	BANIJAY GROUP N.V.	XAMS	Euronext Amsterdam	True	Common Stock	101	PASS				1	euronext_full_download_csv	XAMS	provider_default	2024-09-16	2026-09-14	509.0	8.6	8.5948	3282.0	47.0	28208.0	-0.16504854368932043	0.026252983293555854	0.023809523809523725	0.35301108894281424	-0.18867924528301883	-0.24056603773584895	7066.5	54.0	61145.5	8.7124	True	True	True	True	True	True	2026-09-14T23:02:28.707136+00:00
2026-09-13	2026-09-14	NL0015002AG2-XAMS	NL0015002AG2	EBUS	EBUSCO HOLDING N.V.	XAMS	Euronext Amsterdam	True	Common Stock	101	PASS				1	euronext_full_download_csv	XAMS	provider_default	2024-09-16	2026-09-14	509.0	0.199	0.2007	334560.0	129.0	67160.0	-0.10561797752808988	-0.31141868512110715	-0.3231292517006802	0.5922495802770912	-0.6195028680688337	-0.6195028680688337	365849.0	126.0	88264.0	0.23025	True	True	True	True	True	True	2026-09-14T23:02:29.294848+00:00
2026-09-13	2026-09-14	NL0015002IE0-XAMS	NL0015002IE0	AVTX	AVANTIUM	XAMS	Euronext Amsterdam	True	Common Stock	101	PASS				1	euronext_full_download_csv	XAMS	provider_default	2024-09-16	2026-09-14	509.0	4.84	4.8702	91132.0	298.0	443830.0	-0.31541725601131543	-0.3896595208070618	-0.2429219458783044	0.5397351727867841	-0.493723849372385	-0.4989539748953975	114800.0	339.0	559035.5	4.9682	True	True	True	True	True	True	2026-09-14T23:02:30.248276+00:00
2026-09-13	2026-09-14	NL0015002K83-XAMS	NL0015002K83	HAVAS	HAVAS	XAMS	Euronext Amsterdam	True	Common Stock	101	PASS				1	euronext_full_download_csv	XAMS	provider_default	2024-12-13	2026-09-14	445.0	18.2	18.1079	53126.0	333.0	961999.0	-0.0395778364116095	0.058139534883721034	0.17419354838709666	0.21575568096413064	-0.05699481865284983	-0.2160180485053581	59523.5	344.5	1111338.5	18.51585	True	True	True	True	True	True	2026-09-14T23:02:30.748499+00:00
2026-09-13	2026-09-14	NL0015002MS2-XAMS	NL0015002MS2	MICC	THE MAGNUM ICE CREAM COMPANY N.V.	XAMS	Euronext Amsterdam	True	Common Stock	101	PASS				1	euronext_full_download_csv	XAMS	provider_default	2025-12-05	2026-09-14	196.0	17.196	17.1981	689646.0	3145.0	11860615.0	0.010815894662591141	0.15378421900161032	0.25499927017953605	0.25030201324931933			1052541.0	3627.0	17499784.0	16.9581	True	True	True	True	False	True	2026-09-14T23:02:31.222190+00:00
2026-09-13	2026-09-14	NL0015073TS8-XAMS	NL0015073TS8	CSG	CSG N.V.	XAMS	Euronext Amsterdam	True	Common Stock	101	PASS				1	euronext_full_download_csv	XAMS	provider_default	2026-01-22	2026-09-14	165.0	15.77	15.8519	825864.0	2756.0	13091477.0	-0.19194507071121125	0.07133152173913038	-0.44975575715282623	0.5632241283518428			903493.5	2859.5	16805570.5	17.871000000000002	True	True	True	True	False	True	2026-09-14T23:02:31.706395+00:00
2026-09-13	2026-09-14	SGXPZ11CH7U7-XAMS	SGXPZ11CH7U7	SWICH	SWI CAPITAL HOLDING	XAMS	Euronext Amsterdam	True	Common Stock	101	PASS				1	euronext_full_download_csv	XAMS	provider_default	2026-02-18	2026-09-14	146.0	11.5	11.487	5863.0	23.0	67349.0	0.4375	0.796875	1.2593320235756384	0.694548043775977			3892.0	22.0	44046.5	10.7233	True	True	True	True	False	True	2026-09-14T23:02:32.307611+00:00
2026-09-13	2026-09-14	US69355L1098-XAMS	US69355L1098	PPLA	PPLA European Unit	XAMS	Euronext Amsterdam	True	Common Stock	101	PASS				1	euronext_full_download_csv	XAMS	provider_default	2024-09-16	2026-09-14	509.0	0.3	0.0	0.0	0.0	0.0	0.0	0.0	0.0	0.0	0.0	0.0	0.0	0.0	0.0	0.0	True	True	True	True	True	True	2026-09-14T23:02:32.897297+00:00
2026-09-13	2026-09-14	VGG885761301-XAMS	VGG885761301	AGIL	Agility Capital Holding Inc.	XAMS	Euronext Amsterdam	True	Common Stock	101	PASS				1	euronext_full_download_csv	XAMS	provider_default	2024-09-16	2026-09-14	509.0	2.2	0.0	0.0	0.0	0.0	0.0185185185185186	-0.04347826086956508	-0.11999999999999988	0.31463519132272305	-0.29032258064516125	-0.3354838709677419	0.0	0.0	0.0	0.0	True	True	True	True	True	True	2026-09-14T23:02:33.610223+00:00
2026-09-13	2026-09-14	BE0003008019-XBRU	BE0003008019	BNB	BQUE NAT. BELGIQUE	XBRU	Euronext Brussels	True	Common Stock	101	PASS				1	euronext_full_download_csv	XBRU	provider_default	2024-09-16	2026-09-14	509.0	370.0	368.2	10.0	6.0	3682.0	-0.0237467018469657	-0.013333333333333308	-0.0997566909975669	0.27060174462869924	-0.17594654788418707	-0.22048997772828505	28.0	10.5	10554.5	376.94645	True	True	True	True	True	True	2026-09-14T23:02:35.760273+00:00
2026-09-13	2026-09-14	BE0003463685-XBRU	BE0003463685	CLEX	CUMULEX	XBRU	Euronext Brussels	True	Common Stock	101	PASS				1	euronext_full_download_csv	XBRU	provider_default	2024-09-16	2026-09-14	509.0	0.94	0.0	0.0	0.0	0.0	-0.015706806282722474	0.2702702702702702	0.261744966442953	0.9753141717327036	-0.015706806282722474	-0.1258278145695364	0.0	0.0	0.0	0.0	True	True	True	True	True	True	2026-09-14T23:02:36.375434+00:00
2026-09-13	2026-09-14	BE0003470755-XBRU	BE0003470755	SOLB	SOLVAY	XBRU	Euronext Brussels	True	Common Stock	101	PASS				1	euronext_full_download_csv	XBRU	provider_default	2024-09-16	2026-09-14	509.0	25.78	25.8124	281959.0	800.0	7278050.0	-0.021260440394836655	-0.0672937771345875	-0.033733133433283324	0.14477881252315888	-0.10672210672210669	-0.14574616457461642	282404.5	867.5	7314572.5	25.8243	True	True	True	True	True	True	2026-09-14T23:02:38.455209+00:00
2026-09-13	2026-09-14	BE0003545531-XBRU	BE0003545531	SOLV	SOLVAC NOM(RETAIL)	XBRU	Euronext Brussels	True	Common Stock	101	PASS				1	euronext_full_download_csv	XBRU	provider_default	2024-09-16	2026-09-14	509.0	84.0	82.9688	1776.0	19.0	147353.0	-0.0117647058823529	0.09090909090909083	0.2574850299401199	0.26539032244642036	-0.06666666666666665	-0.28888888888888886	1262.5	14.0	105518.5	83.57465	True	True	True	True	True	True	2026-09-14T23:02:39.260427+00:00
2026-09-13	2026-09-14	BE0003555639-XBRU	BE0003555639	TESB	TESSENDERLO GROUP	XBRU	Euronext Brussels	True	Common Stock	101	PASS				1	euronext_full_download_csv	XBRU	provider_default	2024-09-16	2026-09-14	509.0	21.1	21.0449	9383.0	159.0	197464.0	0.0	0.024271844660194164	-0.17416829745596862	0.35084422209420796	-0.2660869565217391	-0.32730434782608697	11362.0	183.0	252458.0	21.8463	True	True	True	True	True	True	2026-09-14T23:02:40.422219+00:00
2026-09-13	2026-09-14	BE0003565737-XBRU	BE0003565737	KBC	KBC	XBRU	Euronext Brussels	True	Common Stock	101	PASS				1	euronext_full_download_csv	XBRU	provider_default	2024-09-16	2026-09-14	509.0	130.75	130.7937	385739.0	3333.0	50452240.0	-0.0072133637053909405	0.0909470171047142	0.227699530516432	0.18081310975982584	-0.027157738095238138	-0.1595918367346939	274569.5	1672.5	36599540.0	131.42645	True	True	True	True	True	True	2026-09-14T23:02:41.897294+00:00
2026-09-13	2026-09-14	BE0003592038-XBRU	BE0003592038	COMB	CIE BOIS SAUVAGE	XBRU	Euronext Brussels	True	Common Stock	101	PASS				1	euronext_full_download_csv	XBRU	provider_default	2024-09-16	2026-09-14	509.0	301.0	301.0861	720.0	88.0	216782.0	0.006688963210702337	-0.016339869281045805	-0.06230529595015577	0.16804248727705565	-0.09880239520958078	-0.1227544910179641	478.5	66.0	142214.5	296.79895	True	True	True	True	True	True	2026-09-14T23:02:42.942336+00:00
2026-09-13	2026-09-14	BE0003599108-XBRU	BE0003599108	IMMO	IMMOBEL	XBRU	Euronext Brussels	True	Common Stock	101	PASS				1	euronext_full_download_csv	XBRU	provider_default	2024-09-16	2026-09-14	509.0	19.4	19.5588	17569.0	126.0	343629.0	-0.07619047619047625	-0.15652173913043488	-0.1601731601731603	0.2729278599960843	-0.25384615384615394	-0.25384615384615394	1958.5	28.0	40458.0	20.486649999999997	True	True	True	True	True	True	2026-09-14T23:02:43.811292+00:00
2026-09-13	2026-09-14	BE0003602134-XBRU	BE0003602134	MOUR	MOURY CONSTRUCT	XBRU	Euronext Brussels	True	Common Stock	101	PASS				1	euronext_full_download_csv	XBRU	provider_default	2024-09-16	2026-09-14	509.0	734.0	734.0	33.0	6.0	24222.0	-0.008108108108108136	-0.06852791878172593	0.09552238805970159	0.20113442828350947	-0.08250000000000002	-0.129746835443038	33.5	7.0	25148.0	740.0	True	True	True	True	True	True	2026-09-14T23:02:44.597268+00:00
2026-09-13	2026-09-14	BE0003604155-XBRU	BE0003604155	LOTB	LOTUS BAKERIES	XBRU	Euronext Brussels	True	Common Stock	101	PASS				1	euronext_full_download_csv	XBRU	provider_default	2024-09-16	2026-09-14	509.0	12100.0	12104.2753	683.0	257.0	8267220.0	-0.017857142857142905	0.07079646017699126	0.1793372319688109	0.26915093668413886	-0.07633587786259544	-0.11878787878787878	678.5	263.5	8496840.0	12432.59095	True	True	True	True	True	True	2026-09-14T23:02:46.092472+00:00
2026-09-13	2026-09-14	BE0003656676-XBRU	BE0003656676	RECT	RECTICEL	XBRU	Euronext Brussels	True	Common Stock	101	PASS				1	euronext_full_download_csv	XBRU	provider_default	2024-09-16	2026-09-14	509.0	12.6	12.5712	39439.0	252.0	495797.0	-0.009433962264151052	0.18867924528301883	0.34615384615384626	0.3011883864308282	-0.08163265306122458	-0.21614583333333337	33131.0	254.0	422131.5	12.73875	True	True	True	True	True	True	2026-09-14T23:02:47.356533+00:00
2026-09-13	2026-09-14	BE0003696102-XBRU	BE0003696102	ACCB	ACCENTIS	XBRU	Euronext Brussels	True	Common Stock	101	PASS				1	euronext_full_download_csv	XBRU	provider_default	2024-09-16	2026-09-14	509.0	0.026	0.026	87112.0	7.0	2264.0	-0.018867924528301883	0.0	-0.018867924528301883	0.3877979205715412	-0.08771929824561409	-0.12280701754385959	63707.5	7.0	1656.5	0.026	True	True	True	True	True	True	2026-09-14T23:02:48.212288+00:00
2026-09-13	2026-09-14	BE0003699130-XBRU	BE0003699130	GIMB	GIMV	XBRU	Euronext Brussels	True	Common Stock	101	PASS				1	euronext_full_download_csv	XBRU	provider_default	2024-09-16	2026-09-14	509.0	45.55	45.4553	18894.0	384.0	858832.0	0.03640500568828209	0.011098779134295134	0.004410143329658167	0.17182470081235418	-0.08350100603621746	-0.1378269617706238	18168.0	316.5	819908.0	44.277	True	True	True	True	True	True	2026-09-14T23:02:49.629732+00:00
2026-09-13	2026-09-14	BE0003717312-XBRU	BE0003717312	SOF	SOFINA	XBRU	Euronext Brussels	True	Common Stock	101	PASS				1	euronext_full_download_csv	XBRU	provider_default	2024-09-16	2026-09-14	509.0	255.2	254.5098	11327.0	646.0	2882832.0	0.023255813953488413	0.14336917562724016	0.12225153913808251	0.17250067466376703	-0.03406510219530656	-0.21347464042392117	13614.0	640.0	3305691.5	246.6555	True	True	True	True	True	True	2026-09-14T23:02:50.567838+00:00
2026-09-13	2026-09-14	BE0003720340-XBRU	BE0003720340	RET	RETAIL ESTATES	XBRU	Euronext Brussels	True	Common Stock	101	PASS				1	euronext_full_download_csv	XBRU	provider_default	2024-09-16	2026-09-14	509.0	63.6	63.4664	7857.0	229.0	498656.0	-0.01851851851851849	-0.08489208633093526	-0.05074626865671639	0.17116722093328693	-0.11173184357541888	-0.11173184357541888	7799.0	174.5	505204.0	65.46834999999999	True	True	True	True	True	True	2026-09-14T23:02:51.642226+00:00
2026-09-13	2026-09-14	BE0003724383-XBRU	BE0003724383	WEHB	WERELDHAVE BELGIUM	XBRU	Euronext Brussels	True	Common Stock	101	PASS				1	euronext_full_download_csv	XBRU	provider_default	2024-09-16	2026-09-14	509.0	49.7	49.8775	3076.0	71.0	153423.0	-0.0515267175572518	-0.0515267175572518	-0.11565836298932386	0.11374274491442476	-0.13414634146341453	-0.13414634146341453	1452.5	51.0	76087.0	51.42485	True	True	True	True	True	True	2026-09-14T23:02:52.560910+00:00
2026-09-13	2026-09-14	BE0003730448-XBRU	BE0003730448	QFG	QUESTFOR GR-PRICAF	XBRU	Euronext Brussels	True	Common Stock	101	PASS				1	euronext_full_download_csv	XBRU	provider_default	2024-09-16	2026-09-14	509.0	2.901	2.9385	3033.0	13.0	8912.0	-0.04822834645669294	-0.02454606590450581	-0.32060889929742387	0.1831226211866405	-0.35790172642762286	-0.38247011952191234	3287.5	11.0	9754.5	2.96965	True	True	True	True	True	True	2026-09-14T23:02:53.496431+00:00
2026-09-13	2026-09-14	BE0003731453-XBRU	BE0003731453	MIKO	MIKO	XBRU	Euronext Brussels	True	Common Stock	101	PASS				1	euronext_full_download_csv	XBRU	provider_default	2024-09-16	2026-09-14	509.0	66.5	66.2633	712.0	12.0	47180.0	0.01526717557251911	0.01526717557251911	0.0657051282051282	0.23798327663536226	-0.036231884057971064	-0.10144927536231885	86.5	5.0	5768.5	66.58709999999999	True	True	True	True	True	True	2026-09-14T23:02:54.296817+00:00
2026-09-13	2026-09-14	BE0003734481-XBRU	BE0003734481	WEB	WAREHOUSES ESTATES BELGIUM - W.E.B.	XBRU	Euronext Brussels	True	Common Stock	101	PASS				1	euronext_full_download_csv	XBRU	provider_default	2024-09-16	2026-09-14	509.0	37.2	37.3779	1197.0	29.0	44741.0	-0.03626943005181338	-0.08823529411764697	-0.06532663316582898	0.17366224407287756	-0.15068493150684914	-0.15068493150684914	411.5	11.0	15674.5	38.129450000000006	True	True	True	True	True	True	2026-09-14T23:02:55.215089+00:00
2026-09-13	2026-09-14	BE0003735496-XBRU	BE0003735496	OBEL	ORANGE BELGIUM	XBRU	Euronext Brussels	True	Common Stock	101	PASS				1	euronext_full_download_csv	XBRU	provider_default	2024-09-16	2026-09-14	509.0	22.0	22.0	1460.0	8.0	32120.0	-0.004524886877828149	0.023255813953488413	0.10831234256926936	0.0884796884112009	-0.009009009009009028	-0.03865979381443296	479.0	10.5	10563.5	22.001350000000002	True	True	True	True	True	True	2026-09-14T23:02:56.262387+00:00
2026-09-13	2026-09-14	BE0003739530-XBRU	BE0003739530	UCB	UCB	XBRU	Euronext Brussels	True	Common Stock	101	PASS				1	euronext_full_download_csv	XBRU	provider_default	2024-09-16	2026-09-14	509.0	210.5	210.1762	226890.0	2537.0	47686869.0	-0.008478568064060332	-0.1660063391442156	-0.1837921675067855	0.38449128230434915	-0.2624386825508058	-0.2932725998598458	211626.5	2288.0	45238852.0	217.28655	True	True	True	True	True	True	2026-09-14T23:02:57.081404+00:00
2026-09-13	2026-09-14	BE0003741551-XBRU	BE0003741551	ROU	ROULARTA	XBRU	Euronext Brussels	True	Common Stock	101	PASS				1	euronext_full_download_csv	XBRU	provider_default	2024-09-16	2026-09-14	509.0	12.3	12.3	10.0	1.0	123.0	0.004081632653061273	-0.053846153846153766	-0.07518796992481203	0.30394586271942736	-0.1151079136690647	-0.12949640287769792	17.5	1.0	218.5	12.3	True	True	True	True	True	True	2026-09-14T23:02:58.108709+00:00
2026-09-13	2026-09-14	BE0003748622-XBRU	BE0003748622	IEP	IEP INVEST	XBRU	Euronext Brussels	True	Common Stock	101	PASS				1	euronext_full_download_csv	XBRU	provider_default	2024-09-16	2026-09-14	509.0	0.002	0.0	0.0	0.0	0.0	0.0	-0.9995867768595041	-0.9996396396396396	2.053369476050008	-0.9996396396396396	-0.9996396396396396	0.0	0.0	0.0	0.0	True	True	True	True	True	True	2026-09-14T23:02:58.838740+00:00
2026-09-13	2026-09-14	BE0003752665-XBRU	BE0003752665	FOU	FOUNTAIN	XBRU	Euronext Brussels	True	Common Stock	101	PASS				1	euronext_full_download_csv	XBRU	provider_default	2024-09-16	2026-09-14	509.0	1.3	0.0	0.0	0.0	0.0	0.0	-0.10344827586206895	-0.1823899371069182	0.38948909090613276	-0.2896174863387978	-0.30601092896174864	0.0	0.0	0.0	0.0	True	True	True	True	True	True	2026-09-14T23:02:59.722393+00:00
2026-09-13	2026-09-14	BE0003754687-XBRU	BE0003754687	VASTB	VASTNED NV	XBRU	Euronext Brussels	True	Common Stock	101	PASS				1	euronext_full_download_csv	XBRU	provider_default	2024-09-16	2026-09-14	509.0	28.0	28.0407	17112.0	245.0	479832.0	-0.02777777777777779	-0.05084745762711862	-0.05084745762711862	0.12168959779455535	-0.11671924290220814	-0.1182965299684543	7905.5	160.5	224645.5	28.514200000000002	True	True	True	True	True	True	2026-09-14T23:03:00.652444+00:00
2026-09-13	2026-09-14	BE0003755692-XBRU	BE0003755692	AGFB	AGFA-GEVAERT	XBRU	Euronext Brussels	True	Common Stock	101	PASS				1	euronext_full_download_csv	XBRU	provider_default	2024-09-16	2026-09-14	509.0	0.39	0.3972	195632.0	76.0	77711.0	0.026315789473684292	-0.0714285714285714	-0.17372881355932202	0.5070826936414992	-0.5828877005347594	-0.6042780748663101	142074.5	71.0	64009.0	0.4279	True	True	True	True	True	True	2026-09-14T23:03:01.579624+00:00
2026-09-13	2026-09-14	BE0003764785-XBRU	BE0003764785	ACKB	ACKERMANS V.HAAREN	XBRU	Euronext Brussels	True	Common Stock	101	PASS				1	euronext_full_download_csv	XBRU	provider_default	2024-09-16	2026-09-14	509.0	267.8	268.5385	23394.0	823.0	6282189.0	0.013626040878122803	-0.06754874651810572	0.004501125281320295	0.2540381676021448	-0.10134228187919458	-0.13691275167785244	27142.0	835.0	7191631.5	268.9744	True	True	True	True	True	True	2026-09-14T23:03:02.422266+00:00
2026-09-13	2026-09-14	BE0003766806-XBRU	BE0003766806	IBAB	ION BEAM APPLICATIONS	XBRU	Euronext Brussels	True	Common Stock	101	PASS				1	euronext_full_download_csv	XBRU	provider_default	2024-09-16	2026-09-14	509.0	15.46	15.3663	15657.0	160.0	240591.0	-0.03615960099750615	-0.07535885167464107	0.061813186813186816	0.2592097448353266	-0.1275395033860044	-0.2264150943396226	18216.0	205.0	290842.0	15.76135	True	True	True	True	True	True	2026-09-14T23:03:03.193677+00:00
2026-09-13	2026-09-14	BE0003770840-XBRU	BE0003770840	NEXTA	NEXTENSA	XBRU	Euronext Brussels	True	Common Stock	101	PASS				1	euronext_full_download_csv	XBRU	provider_default	2024-09-16	2026-09-14	509.0	46.6	46.4991	493.0	15.0	22924.0	0.01304347826086949	-0.004273504273504147	0.010845986984815648	0.17588973481050266	-0.04703476482617586	-0.11728395061728403	553.5	23.5	25580.0	46.2759	True	True	True	True	True	True	2026-09-14T23:03:03.972311+00:00
2026-09-13	2026-09-14	BE0003789063-XBRU	BE0003789063	DECB	DECEUNINCK	XBRU	Euronext Brussels	True	Common Stock	101	PASS				1	euronext_full_download_csv	XBRU	provider_default	2024-09-16	2026-09-14	509.0	2.42	2.4156	88138.0	150.0	212907.0	0.07079646017699126	0.03862660944205998	0.20398009950248763	0.2477190190187132	-0.020242914979757165	-0.19433198380566807	92010.0	158.5	222466.5	2.407	True	True	True	True	True	True	2026-09-14T23:03:04.936102+00:00
2026-09-13	2026-09-14	BE0003797140-XBRU	BE0003797140	GBLB	GBL	XBRU	Euronext Brussels	True	Common Stock	101	PASS				1	euronext_full_download_csv	XBRU	provider_default	2024-09-16	2026-09-14	509.0	74.85	74.9515	79046.0	685.0	5924612.0	0.0	-0.051330798479087614	-0.05552050473186132	0.11213717961826955	-0.12302284710017575	-0.1552431165787932	76999.0	728.0	5724135.5	73.71324999999999	True	True	True	True	True	True	2026-09-14T23:03:05.905445+00:00
2026-09-13	2026-09-14	BE0003798155-XBRU	BE0003798155	SPA	SPADEL	XBRU	Euronext Brussels	True	Common Stock	101	PASS				1	euronext_full_download_csv	XBRU	provider_default	2024-09-16	2026-09-14	509.0	348.0	348.0	1.0	1.0	348.0	-0.005714285714285672	-0.033333333333333326	0.27941176470588225	0.4011573606010184	-0.2232142857142857	-0.2276785714285714	8.5	2.0	3042.0	356.0	True	True	True	True	True	True	2026-09-14T23:03:06.639059+00:00
2026-09-13	2026-09-14	BE0003808251-XBRU	BE0003808251	EXM	EXMAR ord.	XBRU	Euronext Brussels	True	Common Stock	101	PASS				1	euronext_full_download_csv	XBRU	provider_default	2024-09-16	2026-09-14	509.0	11.75	11.8213	2423.0	45.0	28643.0	0.030701754385964897	0.04444444444444451	0.17500000000000004	0.290925284897191	-0.02083333333333337	-0.1116071428571429	1391.0	17.5	16079.5	11.45985	True	True	True	True	True	True	2026-09-14T23:03:07.639048+00:00
2026-09-13	2026-09-14	BE0003810273-XBRU	BE0003810273	PROX	PROXIMUS	XBRU	Euronext Brussels	True	Common Stock	101	PASS				1	euronext_full_download_csv	XBRU	provider_default	2024-09-16	2026-09-14	509.0	6.305	6.2754	298374.0	610.0	1872402.0	0.003980891719745028	0.007188498402555865	-0.11818181818181828	0.20060510873081208	-0.25560802833530116	-0.31936245572609223	195778.0	449.5	1211483.0	6.25955	True	True	True	True	True	True	2026-09-14T23:03:08.679205+00:00
2026-09-13	2026-09-14	BE0003816338-XBRU	BE0003816338	CMBT	CMB.TECH	XBRU	Euronext Brussels	True	Common Stock	101	PASS				1	euronext_full_download_csv	XBRU	provider_default	2024-09-16	2026-09-14	509.0	16.72	16.7462	73330.0	330.0	1228000.0	0.12365591397849451	0.2921174652241112	0.5424354243542435	0.35281475214541375	-0.004761904761904856	-0.17662682602921642	123303.0	496.0	2033285.0	15.90295	True	True	True	True	True	True	2026-09-14T23:03:09.459510+00:00
2026-09-13	2026-09-14	BE0003820371-XBRU	BE0003820371	EVS	EVS	XBRU	Euronext Brussels	True	Common Stock	101	PASS				1	euronext_full_download_csv	XBRU	provider_default	2024-09-16	2026-09-14	509.0	27.65	27.8945	32627.0	374.0	910113.0	-0.03321678321678334	-0.0721476510067115	-0.17585692995529056	0.19817868615352544	-0.26657824933687013	-0.3023872679045093	19401.5	289.5	569614.0	29.10445	True	True	True	True	True	True	2026-09-14T23:03:10.388916+00:00
2026-09-13	2026-09-14	BE0003822393-XBRU	BE0003822393	ELI	ELIA GROUP	XBRU	Euronext Brussels	True	Common Stock	101	PASS				1	euronext_full_download_csv	XBRU	provider_default	2024-09-16	2026-09-14	509.0	114.3	114.6209	63279.0	948.0	7253099.0	-0.11119751166407466	-0.1444610778443114	-0.1638624725676664	0.2739293476376218	-0.19165487977369167	-0.19165487977369167	77544.0	959.0	9506457.0	126.00665000000001	True	True	True	True	True	True	2026-09-14T23:03:11.197313+00:00
2026-09-13	2026-09-14	BE0003823409-XBRU	BE0003823409	TUB	TUBIZE-FIN	XBRU	Euronext Brussels	True	Common Stock	101	PASS				1	euronext_full_download_csv	XBRU	provider_default	2024-09-16	2026-09-14	509.0	178.6	178.3049	15196.0	579.0	2709521.0	-0.01975850713501648	-0.1918552036199095	-0.17885057471264365	0.34100725055198466	-0.2783838383838384	-0.29292929292929293	14382.5	605.5	2640020.0	185.10885000000002	True	True	True	True	True	True	2026-09-14T23:03:12.006551+00:00
2026-09-13	2026-09-14	BE0003825420-XBRU	BE0003825420	CAMB	CAMPINE	XBRU	Euronext Brussels	True	Common Stock	101	PASS				1	euronext_full_download_csv	XBRU	provider_default	2024-09-16	2026-09-14	509.0	188.0	186.9087	356.0	45.0	66540.0	-0.055276381909547756	-0.17903930131004364	-0.02083333333333337	0.4144333758230295	-0.3403508771929824	-0.40701754385964917	425.5	50.5	81184.5	190.71425	True	True	True	True	True	True	2026-09-14T23:03:12.747300+00:00
2026-09-13	2026-09-14	BE0003837540-XBRU	BE0003837540	ATEB	ATENOR	XBRU	Euronext Brussels	True	Common Stock	101	PASS				1	euronext_full_download_csv	XBRU	provider_default	2024-09-16	2026-09-14	509.0	1.05	1.0554	25070.0	36.0	26459.0	-0.21641791044776115	-0.39655172413793105	-0.5138888888888888	0.45056421026267357	-0.6656050955414012	-0.6656050955414012	13741.5	28.0	17552.0	1.2517	True	True	True	True	True	True	2026-09-14T23:03:13.622620+00:00
2026-09-13	2026-09-14	BE0003839561-XBRU	BE0003839561	VAN	VAN DE VELDE	XBRU	Euronext Brussels	True	Common Stock	101	PASS				1	euronext_full_download_csv	XBRU	provider_default	2024-09-16	2026-09-14	509.0	30.0	30.0004	2313.0	54.0	69391.0	0.016949152542372836	-0.013157894736842035	-0.0016638935108153063	0.12952344372865315	-0.08814589665653494	-0.10942249240121571	2347.5	50.5	69892.0	30.0101	True	True	True	True	True	True	2026-09-14T23:03:14.619337+00:00
2026-09-13	2026-09-14	BE0003851681-XBRU	BE0003851681	AED	AEDIFICA	XBRU	Euronext Brussels	True	Common Stock	101	PASS				1	euronext_full_download_csv	XBRU	provider_default	2024-09-16	2026-09-14	509.0	65.6	65.7487	51082.0	660.0	3358575.0	-0.034584253127299625	-0.04996379435191889	-0.10687542545949635	0.1430551429126747	-0.17223974763406946	-0.17223974763406946	93115.0	707.0	6293115.5	67.47695	True	True	True	True	True	True	2026-09-14T23:03:15.596817+00:00
2026-09-13	2026-09-14	BE0003853703-XBRU	BE0003853703	MONT	MONTEA NV	XBRU	Euronext Brussels	True	Common Stock	101	PASS				1	euronext_full_download_csv	XBRU	provider_default	2024-09-16	2026-09-14	509.0	63.4	63.474	21680.0	406.0	1376117.0	-0.03500761035007616	-0.0408472012102874	-0.09298998569384842	0.1791964937095532	-0.19132653061224503	-0.19132653061224503	24548.0	453.0	1621250.5	65.11735	True	True	True	True	True	True	2026-09-14T23:03:16.386041+00:00
2026-09-13	2026-09-14	BE0003856730-XBRU	BE0003856730	ASCE	ASCENCIO	XBRU	Euronext Brussels	True	Common Stock	101	PASS				1	euronext_full_download_csv	XBRU	provider_default	2024-09-16	2026-09-14	509.0	52.3	52.3153	3042.0	122.0	159143.0	0.0038387715930900956	0.011605415860734825	0.025490196078431282	0.0858575782160972	-0.06939501779359436	-0.13345195729537362	3444.0	114.0	179722.5	52.35725	True	True	True	True	True	True	2026-09-14T23:03:17.154404+00:00
2026-09-13	2026-09-14	BE0003858751-XBRU	BE0003858751	JEN	JENSEN-GROUP	XBRU	Euronext Brussels	True	Common Stock	101	PASS				1	euronext_full_download_csv	XBRU	provider_default	2024-09-16	2026-09-14	509.0	74.0	74.194	3686.0	140.0	273479.0	0.0364145658263304	-0.1148325358851674	0.05714285714285716	0.40197043209422684	-0.1513761467889908	-0.22477064220183496	3894.5	134.0	289432.0	73.7985	True	True	True	True	True	True	2026-09-14T23:03:18.124301+00:00
2026-09-13	2026-09-14	BE0003867844-XBRU	BE0003867844	KBCA	KBC ANCORA ord	XBRU	Euronext Brussels	True	Common Stock	101	PASS				1	euronext_full_download_csv	XBRU	provider_default	2024-09-16	2026-09-14	509.0	93.4	93.3339	46102.0	644.0	4302878.0	0.005382131324004336	0.13075060532687677	0.3008356545961004	0.16919719133895747	-0.024033437826541215	-0.14498141263940523	41903.0	579.5	3943185.0	93.6705	True	True	True	True	True	True	2026-09-14T23:03:18.922558+00:00
2026-09-13	2026-09-14	BE0003870871-XBRU	BE0003870871	BANI	BANIMMO A	XBRU	Euronext Brussels	True	Common Stock	101	PASS				1	euronext_full_download_csv	XBRU	provider_default	2024-09-16	2026-09-14	509.0	2.96	2.9601	161.0	2.0	477.0	-0.02631578947368418	0.020689655172413834	0.04225352112676051	0.1720118435212279	-0.06918238993710701	-0.15923566878980888	707.5	4.0	2138.0	3.02	True	True	True	True	True	True	2026-09-14T23:03:19.695713+00:00
2026-09-13	2026-09-14	BE0003874915-XBRU	BE0003874915	FAGR	FAGRON	XBRU	Euronext Brussels	True	Common Stock	101	PASS				1	euronext_full_download_csv	XBRU	provider_default	2024-09-16	2026-09-14	509.0	21.15	21.074	88405.0	446.0	1863045.0	-0.06000000000000005	-0.11691022964509401	-0.04514672686230248	0.14401964255624952	-0.1623762376237624	-0.16831683168316836	73927.5	396.0	1629327.0	22.265700000000002	True	True	True	True	True	True	2026-09-14T23:03:20.455561+00:00
2026-09-13	2026-09-14	BE0003878957-XBRU	BE0003878957	VGP	VGP	XBRU	Euronext Brussels	True	Common Stock	101	PASS				1	euronext_full_download_csv	XBRU	provider_default	2024-09-16	2026-09-14	509.0	71.0	70.9884	26156.0	563.0	1856772.0	-0.11027568922305764	-0.12453760789149193	-0.2406417112299465	0.2838506385449089	-0.36036036036036034	-0.36036036036036034	19427.5	425.0	1579609.0	80.14125	True	True	True	True	True	True	2026-09-14T23:03:21.240827+00:00
2026-09-13	2026-09-14	BE0003883031-XBRU	BE0003883031	CFEB	CFE	XBRU	Euronext Brussels	True	Common Stock	101	PASS				1	euronext_full_download_csv	XBRU	provider_default	2024-09-16	2026-09-14	509.0	10.75	10.7781	2784.0	35.0	30006.0	-0.10416666666666663	-0.16015625	-0.03153153153153154	0.26538770776373694	-0.22661870503597126	-0.22661870503597126	1765.0	24.0	20441.0	11.33215	True	True	True	True	True	True	2026-09-14T23:03:22.203964+00:00
2026-09-13	2026-09-14	BE0003893139-XBRU	BE0003893139	IMMOU	IMMO MOURY (D)	XBRU	Euronext Brussels	True	Common Stock	101	PASS				1	euronext_full_download_csv	XBRU	provider_default	2024-09-16	2026-09-14	509.0	32.0	32.0	1.0	1.0	32.0	0.0062893081761006275	-0.024390243902438935	-0.06976744186046513	0.19717739261603034	-0.22705314009661837	-0.2657004830917874	74.5	2.5	2395.0	32.5	True	True	True	True	True	True	2026-09-14T23:03:22.924366+00:00
2026-09-13	2026-09-14	BE0003898187-XBRU	BE0003898187	SIP	SIPEF	XBRU	Euronext Brussels	True	Common Stock	101	PASS				1	euronext_full_download_csv	XBRU	provider_default	2024-09-16	2026-09-14	509.0	105.6	105.9196	4950.0	216.0	524302.0	0.029239766081871288	0.13670613562970924	0.13062098501070651	0.2192473255132241	-0.007518796992481258	-0.12352941176470578	3162.0	187.5	328180.5	104.48145	True	True	True	True	True	True	2026-09-14T23:03:23.838003+00:00
2026-09-13	2026-09-14	BE0165385973-XBRU	BE0165385973	MELE	MELEXIS	XBRU	Euronext Brussels	True	Common Stock	101	PASS				1	euronext_full_download_csv	XBRU	provider_default	2024-09-16	2026-09-14	509.0	63.8	63.7968	43786.0	928.0	2793407.0	-0.09823321554770326	-0.20990712074303408	0.20263901979264842	0.4169624681470443	-0.2564102564102564	-0.27370721048798263	44768.0	832.0	2898227.0	65.69885	True	True	True	True	True	True	2026-09-14T23:03:24.755727+00:00
2026-09-13	2026-09-14	BE0974256852-XBRU	BE0974256852	COLR	Colruyt Group N.V.	XBRU	Euronext Brussels	True	Common Stock	101	PASS				1	euronext_full_download_csv	XBRU	provider_default	2024-09-16	2026-09-14	509.0	38.7	38.5821	37670.0	659.0	1453388.0	0.009389671361502261	0.10571428571428587	0.11591695501730115	0.16056632006830454	-0.024205748865355314	-0.20252498684902687	37013.0	393.0	1422106.0	38.8825	True	True	True	True	True	True	2026-09-14T23:03:25.565555+00:00
2026-09-13	2026-09-14	BE0974258874-XBRU	BE0974258874	BEKB	BEKAERT	XBRU	Euronext Brussels	True	Common Stock	101	PASS				1	euronext_full_download_csv	XBRU	provider_default	2024-09-16	2026-09-14	509.0	37.1	36.9936	47456.0	455.0	1755570.0	-0.03886010362694303	-0.12705882352941178	-0.0678391959798994	0.2315972940247182	-0.17002237136465326	-0.17002237136465326	38451.5	417.5	1484811.5	38.297700000000006	True	True	True	True	True	True	2026-09-14T23:03:26.369166+00:00
2026-09-13	2026-09-14	BE0974259880-XBRU	BE0974259880	DIE	D'IETEREN GROUP	XBRU	Euronext Brussels	True	Common Stock	101	PASS				1	euronext_full_download_csv	XBRU	provider_default	2024-09-16	2026-09-14	509.0	168.0	167.0486	100364.0	2198.0	16765665.0	-0.03724928366762181	0.0035842293906809264	-0.028901734104046284	0.2715896630776218	-0.1510864072764022	-0.2127337038908539	37259.0	888.5	6472059.0	174.79325	True	True	True	True	True	True	2026-09-14T23:03:27.415955+00:00
2026-09-13	2026-09-14	BE0974260896-XBRU	BE0974260896	CYAD	CELYAD ONCOLOGY	XBRU	Euronext Brussels	True	Common Stock	101	PASS				1	euronext_full_download_csv	XBRU	provider_default	2024-09-16	2026-09-14	509.0	0.226	0.2413	38279.0	45.0	9237.0	-0.15671641791044777	-0.1598513011152417	-0.27331189710610926	0.7983792595449569	-0.5434343434343434	-0.5515151515151515	7155.5	20.5	1912.5	0.26825	True	True	True	True	True	True	2026-09-14T23:03:28.185294+00:00
2026-09-13	2026-09-14	BE0974263924-XBRU	BE0974263924	TEXF	TEXAF	XBRU	Euronext Brussels	True	Common Stock	101	PASS				1	euronext_full_download_csv	XBRU	provider_default	2024-09-16	2026-09-14	509.0	37.0	36.7754	528.0	13.0	19417.0	-0.10628019323671489	-0.09756097560975607	-0.07035175879396982	0.1915796457629474	-0.1741071428571428	-0.1741071428571428	195.0	7.0	7767.5	41.113600000000005	True	True	True	True	True	True	2026-09-14T23:03:29.194725+00:00
2026-09-13	2026-09-14	BE0974264930-XBRU	BE0974264930	AGS	AGEAS	XBRU	Euronext Brussels	True	Common Stock	101	PASS				1	euronext_full_download_csv	XBRU	provider_default	2024-09-16	2026-09-14	509.0	75.25	75.2569	165168.0	1016.0	12430039.0	0.028708133971291794	0.11070110701107017	0.2275693311582383	0.14166623508243145	-0.015052356020942459	-0.07720320466132558	246943.5	1177.5	18251912.5	74.58245	True	True	True	True	True	True	2026-09-14T23:03:30.096313+00:00
2026-09-13	2026-09-14	BE0974265945-XBRU	BE0974265945	FLUX	FLUXYS BELGIUM	XBRU	Euronext Brussels	True	Common Stock	101	PASS				1	euronext_full_download_csv	XBRU	provider_default	2024-09-16	2026-09-14	509.0	21.7	21.835	8022.0	64.0	175160.0	0.05853658536585371	0.09319899244332475	0.033333333333333215	0.30956993630637325	-0.05652173913043479	-0.18627450980392146	3027.5	46.5	64859.0	22.209600000000002	True	True	True	True	True	True	2026-09-14T23:03:31.016286+00:00
2026-09-13	2026-09-14	BE0974268972-XBRU	BE0974268972	BPOST	BPOST	XBRU	Euronext Brussels	True	Common Stock	101	PASS				1	euronext_full_download_csv	XBRU	provider_default	2024-09-16	2026-09-14	509.0	1.22	1.2171	292517.0	410.0	356011.0	-0.1223021582733812	-0.2570036540803897	-0.32596685082872934	0.29568412111805825	-0.49377593360995853	-0.49377593360995853	235456.5	324.5	307441.5	1.291	True	True	True	True	True	True	2026-09-14T23:03:31.942866+00:00
2026-09-13	2026-09-14	BE0974271034-XBRU	BE0974271034	VIO	VIOHALCO	XBRU	Euronext Brussels	True	Common Stock	101	PASS				1	euronext_full_download_csv	XBRU	provider_default	2024-09-16	2026-09-14	509.0	15.86	16.1339	4283.0	50.0	69102.0	-0.11297539149888136	-0.17823834196891197	0.15766423357664228	0.399475444996473	-0.30132158590308367	-0.30132158590308367	1938.5	36.5	32711.0	17.0232	True	True	True	True	True	True	2026-09-14T23:03:32.604942+00:00
2026-09-13	2026-09-14	BE0974272040-XBRU	BE0974272040	QRF	QRF	XBRU	Euronext Brussels	True	Common Stock	101	PASS				1	euronext_full_download_csv	XBRU	provider_default	2024-09-16	2026-09-14	509.0	10.0	10.0492	682.0	9.0	6854.0	-0.033816425120772875	-0.0922160522164589	-0.0922160522164589	0.19228970847887847	-0.1345280135539837	-0.1345280135539837	3388.5	15.0	34235.0	10.12695	True	True	True	True	True	True	2026-09-14T23:03:33.491026+00:00
2026-09-13	2026-09-14	BE0974273055-XBRU	BE0974273055	CPINV	CARE PROPERTY INVEST	XBRU	Euronext Brussels	True	Common Stock	101	PASS				1	euronext_full_download_csv	XBRU	provider_default	2024-09-16	2026-09-14	509.0	12.3	12.2146	48003.0	256.0	586338.0	0.004901960784313708	-0.00646203554119551	-0.028436018957345932	0.1465937470572655	-0.11637931034482751	-0.14942528735632188	36595.5	209.5	454836.0	12.204450000000001	True	True	True	True	True	True	2026-09-14T23:03:34.252881+00:00
2026-09-13	2026-09-14	BE0974274061-XBRU	BE0974274061	KIN	KINEPOLIS GROUP	XBRU	Euronext Brussels	True	Common Stock	101	PASS				1	euronext_full_download_csv	XBRU	provider_default	2024-09-16	2026-09-14	509.0	48.15	48.2007	44620.0	543.0	2150716.0	0.16164053075995155	0.36402266288951846	0.9107142857142858	0.24798438636091602	-0.02825428859737633	-0.24613003095975217	49214.0	628.0	2301368.5	46.85695	True	True	True	True	True	True	2026-09-14T23:03:35.169966+00:00
2026-09-13	2026-09-14	BE0974276082-XBRU	BE0974276082	ONTEX	ONTEX GROUP	XBRU	Euronext Brussels	True	Common Stock	101	PASS				1	euronext_full_download_csv	XBRU	provider_default	2024-09-16	2026-09-14	509.0	2.16	2.1834	92352.0	198.0	201641.0	-0.12903225806451601	-0.10743801652892548	-0.47317073170731694	0.4895937220699385	-0.6771300448430493	-0.6778774289985052	133376.5	225.5	321260.5	2.47265	True	True	True	True	True	True	2026-09-14T23:03:35.835911+00:00
2026-09-13	2026-09-14	BE0974278104-XBRU	BE0974278104	ABO	ABO GROUP ENVIRONMENT	XBRU	Euronext Brussels	True	Common Stock	101	PASS				1	euronext_full_download_csv	XBRU	provider_default	2024-09-16	2026-09-14	509.0	3.76	3.7002	744.0	9.0	2753.0	-0.04081632653061229	-0.14155251141552516	-0.17180616740088106	0.3313180861581773	-0.3935483870967742	-0.40645161290322585	435.0	5.0	1690.0	3.8579	True	True	True	True	True	True	2026-09-14T23:03:36.552986+00:00
2026-09-13	2026-09-14	BE0974280126-XBRU	BE0974280126	BIOS	BIOSENIC	XBRU	Euronext Brussels	True	Common Stock	101	PASS				1	euronext_full_download_csv	XBRU	provider_default	2024-09-16	2026-09-14	509.0	0.002	0.0	0.0	0.0	0.0	0.0	0.0	-0.13043478260869557	0.0	-0.23076923076923073	-0.23076923076923073	0.0	0.0	0.0	0.0	True	True	True	True	True	True	2026-09-14T23:03:37.189104+00:00
2026-09-13	2026-09-14	BE0974282148-XBRU	BE0974282148	TINC	TINC	XBRU	Euronext Brussels	True	Common Stock	101	PASS				1	euronext_full_download_csv	XBRU	provider_default	2024-09-16	2026-09-14	509.0	11.02	11.0673	24205.0	166.0	267884.0	-0.01782531194295911	-0.058119658119658135	-0.045060658578856105	0.1194546641145978	-0.10260586319218234	-0.10260586319218234	12479.5	102.0	139564.0	11.14675	True	True	True	True	True	True	2026-09-14T23:03:37.868205+00:00
2026-09-13	2026-09-14	BE0974288202-XBRU	BE0974288202	XIOR	XIOR	XBRU	Euronext Brussels	True	Common Stock	101	PASS				1	euronext_full_download_csv	XBRU	provider_default	2024-09-16	2026-09-14	509.0	25.35	25.286	53084.0	395.0	1342284.0	-0.06972477064220173	-0.02499999999999991	-0.08976660682226212	0.15291316958135193	-0.15780730897009965	-0.15946843853820603	45538.5	362.5	1218940.5	26.9175	True	True	True	True	True	True	2026-09-14T23:03:38.511133+00:00
2026-09-13	2026-09-14	BE0974293251-XBRU	BE0974293251	ABI	AB INBEV	XBRU	Euronext Brussels	True	Common Stock	101	PASS				1	euronext_full_download_csv	XBRU	provider_default	2024-09-16	2026-09-14	509.0	69.02	68.9857	2168400.0	7608.0	149588627.0	0.005829204313611003	-0.022379603399433456	0.08795712484237073	0.2380514766632466	-0.08218085106382989	-0.14298169136878813	1568361.5	6148.5	106899481.5	67.8469	True	True	True	True	True	True	2026-09-14T23:03:39.442695+00:00
2026-09-13	2026-09-14	BE0974294267-XBRU	BE0974294267	NYR	NYRSTAR	XBRU	Euronext Brussels	True	Common Stock	101	PASS				1	euronext_full_download_csv	XBRU	provider_default	2024-09-16	2026-09-14	509.0	0.0562	0.0571	31465.0	7.0	1797.0	-0.0726072607260726	-0.13538461538461544	-0.38913043478260867	0.5865690063345744	-0.5026548672566371	-0.5132743362831859	32050.5	9.5	1878.0	0.05935	True	True	True	True	True	True	2026-09-14T23:03:40.262888+00:00
2026-09-13	2026-09-14	BE0974303357-XBRU	BE0974303357	CENER	CENERGY	XBRU	Euronext Brussels	True	Common Stock	101	PASS				1	euronext_full_download_csv	XBRU	provider_default	2024-09-16	2026-09-14	509.0	22.1	22.3277	23258.0	247.0	519297.0	-0.046591889559965405	-0.06908171861836554	0.19848156182212584	0.44430701165664027	-0.20503597122302153	-0.27913669064748203	11826.0	141.0	265598.5	22.847	True	True	True	True	True	True	2026-09-14T23:03:40.877860+00:00
2026-09-13	2026-09-14	BE0974313455-XBRU	BE0974313455	ECONB	ECONOCOM GROUP	XBRU	Euronext Brussels	True	Common Stock	101	PASS				1	euronext_full_download_csv	XBRU	provider_default	2024-09-16	2026-09-14	509.0	1.525	1.4958	71174.0	67.0	106463.0	0.026936026936026813	-0.009740259740259827	0.038828337874659447	0.32340765476588185	-0.17567567567567577	-0.2540540540540541	40459.0	60.0	60092.5	1.48035	True	True	True	True	True	True	2026-09-14T23:03:41.671111+00:00
2026-09-13	2026-09-14	BE0974314461-XBRU	BE0974314461	BELYS	BELYSSE GROUP NV	XBRU	Euronext Brussels	True	Common Stock	101	PASS				1	euronext_full_download_csv	XBRU	provider_default	2024-09-16	2026-09-14	509.0	0.469	0.469	100.0	3.0	47.0	0.019565217391304346	-0.1625000000000001	-0.2671875	0.5521191501476763	-0.5356435643564357	-0.5821782178217823	5761.0	9.0	2561.5	0.4664	True	True	True	True	True	True	2026-09-14T23:03:42.332394+00:00
2026-09-13	2026-09-14	BE0974320526-XBRU	BE0974320526	UMI	UMICORE	XBRU	Euronext Brussels	True	Common Stock	101	PASS				1	euronext_full_download_csv	XBRU	provider_default	2024-09-16	2026-09-14	509.0	21.5	21.4325	582565.0	1667.0	12485801.0	-0.08276450511945399	-0.10192147034252297	0.2736966824644551	0.39099474061888906	-0.18867924528301883	-0.28724394785847296	396023.0	1215.5	9025117.5	23.0604	True	True	True	True	True	True	2026-09-14T23:03:43.301178+00:00
2026-09-13	2026-09-14	BE0974338700-XBRU	BE0974338700	TITC	TITAN S.A.	XBRU	Euronext Brussels	True	Common Stock	101	PASS				1	euronext_full_download_csv	XBRU	provider_default	2024-09-16	2026-09-14	509.0	50.1	50.4908	6368.0	192.0	321526.0	-0.01860920666013699	-0.06355140186915886	0.11333333333333329	0.26838802318452315	-0.14358974358974352	-0.25897435897435894	5635.5	182.0	291471.5	52.31115	True	True	True	True	True	True	2026-09-14T23:03:43.988569+00:00
2026-09-13	2026-09-14	BE0974340722-XBRU	BE0974340722	SEQUA	SEQUANA MEDICAL	XBRU	Euronext Brussels	True	Common Stock	101	PASS				1	euronext_full_download_csv	XBRU	provider_default	2024-09-16	2026-09-14	509.0	0.611	0.0	0.0	0.0	0.0	0.0	0.0	0.21471172962226648	0.0	-0.37843336724313326	-0.5233977619532044	0.0	0.0	0.0	0.0	True	True	True	True	True	True	2026-09-14T23:03:44.522825+00:00
2026-09-13	2026-09-14	BE0974349814-XBRU	BE0974349814	WDP	WAREHOUSES DE PAUW	XBRU	Euronext Brussels	True	Common Stock	101	PASS				1	euronext_full_download_csv	XBRU	provider_default	2024-09-16	2026-09-14	509.0	20.98	20.9985	213227.0	850.0	4477454.0	-0.013170272812794037	-0.03584558823529416	-0.11922753988245172	0.18746423943327542	-0.19431643625192008	-0.19892473118279574	321869.5	1000.0	6843527.0	21.31215	True	True	True	True	True	True	2026-09-14T23:03:45.442939+00:00
2026-09-13	2026-09-14	BE0974358906-XBRU	BE0974358906	NYXH	NYXOAH SA	XBRU	Euronext Brussels	True	Common Stock	101	PASS				1	euronext_full_download_csv	XBRU	provider_default	2024-09-16	2026-09-14	509.0	1.386	1.3862	169967.0	316.0	235601.0	-0.011412268188302432	-0.0558583106267031	-0.49044117647058827	0.6477285656266096	-0.7686143572621036	-0.8076794657762938	140965.5	244.0	201105.0	1.4222000000000001	True	True	True	True	True	True	2026-09-14T23:03:46.116096+00:00
2026-09-13	2026-09-14	BE0974362940-XBRU	BE0974362940	BAR	BARCO	XBRU	Euronext Brussels	True	Common Stock	101	PASS				1	euronext_full_download_csv	XBRU	provider_default	2024-09-16	2026-09-14	509.0	7.375	7.4015	124615.0	592.0	922342.0	-0.07115869017632248	-0.14690572585309425	-0.2580482897384305	0.21244306018904524	-0.48026779422128263	-0.48026779422128263	84488.5	430.5	652386.5	7.755599999999999	True	True	True	True	True	True	2026-09-14T23:03:47.002873+00:00
2026-09-13	2026-09-14	BE0974363955-XBRU	BE0974363955	HYL	HYLORIS	XBRU	Euronext Brussels	True	Common Stock	101	PASS				1	euronext_full_download_csv	XBRU	provider_default	2024-09-16	2026-09-14	509.0	4.2	4.2	2175.0	13.0	9135.0	-0.0687361419068735	-0.08695652173913038	-0.2953020134228188	0.3407971884902861	-0.4814814814814814	-0.4814814814814814	1117.5	10.0	4913.5	4.4085	True	True	True	True	True	True	2026-09-14T23:03:47.505337+00:00
2026-09-13	2026-09-14	BE0974371032-XBRU	BE0974371032	BANQ	BANQUP GROUP	XBRU	Euronext Brussels	True	Common Stock	101	PASS				1	euronext_full_download_csv	XBRU	provider_default	2024-09-16	2026-09-14	509.0	2.25	2.1857	615.0	7.0	1344.0	0.022727272727272707	0.19680851063829796	-0.34782608695652173	0.7020152090732328	-0.4552058111380145	-0.6355932203389831	5004.5	16.5	10771.0	2.1847000000000003	True	True	True	True	True	True	2026-09-14T23:03:48.116269+00:00
2026-09-13	2026-09-14	BE0974374069-XBRU	BE0974374069	INCLU	INCLUSIO SA/NV	XBRU	Euronext Brussels	True	Common Stock	101	PASS				1	euronext_full_download_csv	XBRU	provider_default	2024-09-16	2026-09-14	509.0	16.35	16.3131	1653.0	21.0	26966.0	-0.05217391304347818	-0.03823529411764692	-0.07887323943661961	0.13737381927914727	-0.1394736842105262	-0.1473684210526316	629.0	12.5	10737.0	16.97	True	True	True	True	True	True	2026-09-14T23:03:48.731848+00:00
2026-09-13	2026-09-14	BE0974380124-XBRU	BE0974380124	EKOP	EKOPAK NV	XBRU	Euronext Brussels	True	Common Stock	101	PASS				1	euronext_full_download_csv	XBRU	provider_default	2024-09-16	2026-09-14	509.0	3.83	3.7566	864.0	12.0	3246.0	-0.07710843373493981	-0.04249999999999998	-0.2933579335793358	0.49967420324889705	-0.4196969696969697	-0.47878787878787876	3357.5	20.0	12489.5	3.7553	True	True	True	True	True	True	2026-09-14T23:03:49.252849+00:00
2026-09-13	2026-09-14	BE0974386188-XBRU	BE0974386188	BTLS	BIOTALYS NV	XBRU	Euronext Brussels	True	Common Stock	101	PASS				1	euronext_full_download_csv	XBRU	provider_default	2024-09-16	2026-09-14	509.0	1.96	2.0109	33737.0	113.0	67842.0	-0.18672199170124493	-0.379746835443038	-0.15517241379310343	0.49515422881154864	-0.6259541984732825	-0.6832061068702291	21130.5	61.0	48578.0	2.48975	True	True	True	True	True	True	2026-09-14T23:03:49.840355+00:00
2026-09-13	2026-09-14	BE0974400328-XBRU	BE0974400328	AZE	AZELIS GROUP NV	XBRU	Euronext Brussels	True	Common Stock	101	PASS				1	euronext_full_download_csv	XBRU	provider_default	2024-09-16	2026-09-14	509.0	12.0	12.011	149788.0	458.0	1799100.0	-0.0057995028997515075	0.19641076769690935	0.5989340439706863	0.2940390173668721	-0.04534606205250602	-0.4335236541598695	191140.5	552.5	2307143.5	12.11205	True	True	True	True	True	True	2026-09-14T23:03:50.505051+00:00
2026-09-13	2026-09-14	BE0974409410-XBRU	BE0974409410	HOMI	HOME INVEST BELGIUM	XBRU	Euronext Brussels	True	Common Stock	101	PASS				1	euronext_full_download_csv	XBRU	provider_default	2024-09-16	2026-09-14	509.0	18.1	18.1128	14963.0	109.0	271022.0	-0.07653061224489799	-0.07084188911704303	-0.024784482758620552	0.15476095912864893	-0.10396039603960383	-0.10805300713557597	7820.0	94.5	147149.0	18.9205	True	True	True	True	True	True	2026-09-14T23:03:51.422686+00:00
2026-09-13	2026-09-14	BE0974413453-XBRU	BE0974413453	DEME	DEME GROUP	XBRU	Euronext Brussels	True	Common Stock	101	PASS				1	euronext_full_download_csv	XBRU	provider_default	2024-09-16	2026-09-14	509.0	178.2	178.8307	6341.0	432.0	1133965.0	0.0632458233890214	-0.03571428571428581	-0.06407563025210095	0.23210904849437755	-0.12647058823529422	-0.20000000000000007	8191.0	420.0	1429031.5	179.5071	True	True	True	True	True	True	2026-09-14T23:03:52.216538+00:00
2026-09-13	2026-09-14	BE0974464977-XBRU	BE0974464977	SYENS	SYENSQO	XBRU	Euronext Brussels	True	Common Stock	101	PASS				1	euronext_full_download_csv	XBRU	provider_default	2024-09-16	2026-09-14	509.0	80.0	80.0699	98843.0	1003.0	7914353.0	-0.029714978775015166	0.16279069767441867	0.7825311942959001	0.2549671573160973	-0.029714978775015166	-0.4710713410149546	99363.5	1234.0	7983350.0	80.68125	True	True	True	True	True	True	2026-09-14T23:03:52.747016+00:00
2026-09-13	2026-09-14	BE0974487192-XBRU	BE0974487192	OXUR	OXURION	XBRU	Euronext Brussels	True	Common Stock	101	PASS				1	euronext_full_download_csv	XBRU	provider_default	2024-09-16	2026-09-14	509.0	0.0026	0.0026	112829.0	6.0	288.0	0.0	-0.3500000000000001	-0.5517241379310345	1.0521511586129197	-0.8869565217391304	-0.9043478260869565	149295.0	9.0	402.0	0.0027	True	True	True	True	True	True	2026-09-14T23:03:53.529088+00:00
2026-09-13	2026-09-14	BE0974496284-XBRU	BE0974496284	OPTI	OPTION	XBRU	Euronext Brussels	True	Common Stock	101	PASS				1	euronext_full_download_csv	XBRU	provider_default	2024-09-16	2026-09-14	509.0	3.75	3.7471	385.0	5.0	1443.0	-0.0625	-0.4140625	-0.40476190476190477	0.5386983400064709	-0.7321428571428572	-0.7392857142857143	718.0	7.0	2808.5	3.8573	True	True	True	True	True	True	2026-09-14T23:03:54.416097+00:00
2026-09-13	2026-09-14	BE0974499312-XBRU	BE0974499312	ENRGY	ENERGYVISION	XBRU	Euronext Brussels	True	Common Stock	101	PASS				1	euronext_full_download_csv	XBRU	provider_default	2025-07-08	2026-09-14	304.0	16.82	16.9651	10434.0	127.0	177014.0	0.1065789473684211	0.14266304347826075	0.6034318398474738	0.24175467838393952	-0.02209302325581386	-0.22978651874264577	9386.0	88.0	142832.5	15.2584	True	True	True	True	True	True	2026-09-14T23:03:54.939035+00:00
2026-09-13	2026-09-14	BE0974501331-XBRU	BE0974501331	MTLS	MATERIALISE NV	XBRU	Euronext Brussels	True	Common Stock	101	PASS				1	euronext_full_download_csv	XBRU	provider_default	2025-11-19	2026-09-14	208.0	6.6	6.6842	3700.0	19.0	24732.0	0.13793103448275867	0.13793103448275867	0.404255319148936	0.4007378097365508			3915.5	28.0	25999.0	6.234	True	True	True	True	False	True	2026-09-14T23:03:55.452938+00:00
2026-09-13	2026-09-14	BE0974502347-XBRU	BE0974502347	FLOB	FLORIDIENNE	XBRU	Euronext Brussels	True	Common Stock	101	PASS				1	euronext_full_download_csv	XBRU	provider_default	2024-09-16	2026-09-14	509.0	56.5	56.5	185.0	8.0	10453.0	-0.025862068965517238	-0.05833333333333335	-0.07392230781839038	0.20641206890406746	-0.14393939393939392	-0.23076923076923073	155.0	4.0	8789.0	57.0	True	True	True	True	True	True	2026-09-14T23:03:56.157188+00:00
2026-09-13	2026-09-14	GB00BYN5BY03-XBRU	GB00BYN5BY03	HYSG	HYBRID SOFTWARE GROUP PLC	XBRU	Euronext Brussels	True	Common Stock	101	PASS				1	euronext_full_download_csv	XBRU	provider_default	2024-09-16	2026-09-14	509.0	3.92	3.92	1264.0	5.0	4955.0	-0.020000000000000018	-0.020000000000000018	0.07692307692307687	0.29188548992714813	-0.07547169811320764	-0.16666666666666674	677.0	3.0	2669.0	3.9169	True	True	True	True	True	True	2026-09-14T23:03:57.016029+00:00
2026-09-13	2026-09-14	GG00BQZCBZ44-XBRU	GG00BQZCBZ44	SHUR	SHURGARD	XBRU	Euronext Brussels	True	Common Stock	101	PASS				1	euronext_full_download_csv	XBRU	provider_default	2024-09-16	2026-09-14	509.0	22.5	22.492	137096.0	409.0	3083560.0	-0.07024793388429751	-0.06054279749478075	-0.18625678119348998	0.29367290518500844	-0.3497109826589596	-0.3627167630057804	75282.0	424.5	1728190.5	22.94165	True	True	True	True	True	True	2026-09-14T23:03:57.581772+00:00
2026-09-13	2026-09-14	IL0010830391-XBRU	IL0010830391	PAY	PAYTON PLANAR MAGNETICS	XBRU	Euronext Brussels	True	Common Stock	101	PASS				1	euronext_full_download_csv	XBRU	provider_default	2024-09-16	2026-09-14	509.0	7.5	7.5	100.0	2.0	750.0	-0.04458598726114649	-0.1071428571428572	0.13636363636363646	0.3309279056134175	-0.25	-0.25	170.0	3.5	1289.0	7.6362000000000005	True	True	True	True	True	True	2026-09-14T23:03:58.416658+00:00
2026-09-13	2026-09-14	LU1068091351-XBRU	LU1068091351	BREB	BREDERODE	XBRU	Euronext Brussels	True	Common Stock	101	PASS				1	euronext_full_download_csv	XBRU	provider_default	2024-09-16	2026-09-14	509.0	105.4	105.6021	3732.0	178.0	394107.0	0.01934235976789167	0.02131782945736438	0.015414258188824803	0.10046546503902225	-0.027675276752767486	-0.07564575645756455	4782.0	136.0	494663.5	104.0384	True	True	True	True	True	True	2026-09-14T23:03:59.252865+00:00
2026-09-13	2026-09-14	NL0000488153-XBRU	NL0000488153	MOP	MOPOLI	XBRU	Euronext Brussels	True	Common Stock	101	PASS				1	euronext_full_download_csv	XBRU	provider_default	2024-09-16	2026-09-14	509.0	222.0	0.0	0.0	0.0	0.0	-0.034782608695652195	-0.034782608695652195	-0.07499999999999996	0.24388621074517478	-0.25503355704697983	-0.2953020134228188	0.0	0.0	0.0	0.0	True	True	True	True	True	True	2026-09-14T23:03:59.775078+00:00
2026-09-13	2026-09-14	NL0000488161-XBRU	NL0000488161	MOPF	MOPOLI FOND	XBRU	Euronext Brussels	True	Common Stock	101	PASS				1	euronext_full_download_csv	XBRU	provider_default	2024-09-16	2026-09-14	509.0	6900.0	0.0	0.0	0.0	0.0	-0.028169014084507005	-0.07999999999999996	-0.10389610389610393	0.09065803018481039	-0.303030303030303	-0.303030303030303	0.0	0.0	0.0	0.0	True	True	True	True	True	True	2026-09-14T23:04:00.316079+00:00
2026-09-13	2026-09-14	NL0010832176-XBRU	NL0010832176	ARGX	ARGENX SE	XBRU	Euronext Brussels	True	Common Stock	101	PASS				1	euronext_full_download_csv	XBRU	provider_default	2024-09-16	2026-09-14	509.0	867.8	866.8652	53326.0	4500.0	46226455.0	0.18844152287044635	0.11227890284542408	0.40876623376623367	0.5014221103368897	-0.04888206926786498	-0.27372353673723526	71110.5	4916.5	62729598.5	876.6655499999999	True	True	True	True	True	True	2026-09-14T23:04:01.103461+00:00
2026-09-13	2026-09-14	NL0015000HT4-XBRU	NL0015000HT4	ONWD	ONWARD MEDICAL	XBRU	Euronext Brussels	True	Common Stock	101	PASS				1	euronext_full_download_csv	XBRU	provider_default	2024-09-16	2026-09-14	509.0	2.73	2.7156	104643.0	191.0	284167.0	0.1494736842105262	0.022471910112359605	-0.26809651474530827	0.385711378498784	-0.5054347826086956	-0.5851449275362318	124487.5	227.0	308342.0	2.45005	True	True	True	True	True	True	2026-09-14T23:04:01.704881+00:00
2026-09-13	2026-09-14	ES0105025003-XLIS	ES0105025003	MRL	MERLIN PROPERTIES	XLIS	Euronext Lisbon	True	Common Stock	101	PASS				1	euronext_full_download_csv	XLIS	provider_default	2024-09-16	2026-09-14	509.0	12.4	12.5998	1853.0	5.0	23348.0	-0.14246196403872757	-0.22451532207629765	-0.12056737588652477	0.35759798282603766	-0.22499999999999998	-0.22499999999999998	313.5	2.0	4246.0	13.096350000000001	True	True	True	True	True	True	2026-09-14T23:04:02.334419+00:00
2026-09-13	2026-09-14	ES0127797019-XLIS	ES0127797019	EDPR	EDP RENEWABLES, SA	XLIS	Euronext Lisbon	True	Common Stock	101	PASS				1	euronext_full_download_csv	XLIS	provider_default	2024-09-16	2026-09-14	509.0	12.25	12.3609	2053920.0	3231.0	25388312.0	-0.09860191317144962	-0.09259259259259256	-0.09388746097058931	0.2598086243650341	-0.1575068171453483	-0.18379159886634966	762445.5	1074.5	10402639.0	13.46795	True	True	True	True	True	True	2026-09-14T23:04:03.235509+00:00
2026-09-13	2026-09-14	NL0006294274-XLIS	NL0006294274	ENXP	EURONEXT	XLIS	Euronext Lisbon	True	Common Stock	101	PASS				1	euronext_full_download_csv	XLIS	provider_default	2024-09-16	2025-09-25	262.0	81.6	0.0	0.0	0.0	0.0	0.0	0.0	0.0	0.0	0.0	0.0	0.0	0.0	0.0	0.0	True	True	True	True	True	True	2026-09-14T23:04:03.768399+00:00
2026-09-13	2026-09-14	PTALT0AE0002-XLIS	PTALT0AE0002	ALTR	ALTRI SGPS	XLIS	Euronext Lisbon	True	Common Stock	101	PASS				1	euronext_full_download_csv	XLIS	provider_default	2024-09-16	2026-09-14	509.0	4.64	4.6642	195324.0	243.0	911025.0	-0.023157894736842155	-0.07107107107107113	0.01642935377875121	0.13885128441721586	-0.11450381679389321	-0.15980392156862733	255399.5	281.5	1212074.0	4.7048000000000005	True	True	True	True	True	True	2026-09-14T23:04:04.866052+00:00
2026-09-13	2026-09-14	PTBCP0AM0015-XLIS	PTBCP0AM0015	BCP	B.C.P.-BCO COMERCIAL PORTUGUES	XLIS	Euronext Lisbon	True	Common Stock	101	PASS				1	euronext_full_download_csv	XLIS	provider_default	2024-09-16	2026-09-14	509.0	1.182	1.1831	42687269.0	3544.0	50502012.0	0.07846715328467146	0.15260848366650404	0.4852978135209851	0.21958183610330015	-0.006722689075630228	-0.1701041888156496	42608319.0	2708.5	48754199.0	1.1206	True	True	True	True	True	True	2026-09-14T23:04:05.888362+00:00
2026-09-13	2026-09-14	PTCOR0AE0006-XLIS	PTCOR0AE0006	COR	Corticeira Amorim-SGPS	XLIS	Euronext Lisbon	True	Common Stock	101	PASS				1	euronext_full_download_csv	XLIS	provider_default	2024-09-16	2026-09-14	509.0	7.05	7.0104	146667.0	377.0	1028198.0	0.04289940828402372	0.06656580937972767	0.11374407582938395	0.15914974425321893	-0.04471544715447151	-0.1639566395663956	107631.5	296.0	742675.5	7.00875	True	True	True	True	True	True	2026-09-14T23:04:06.924869+00:00
2026-09-13	2026-09-14	PTCTT0AM0001-XLIS	PTCTT0AM0001	CTT	CTT-CORREIOS DE PORTUGAL, SA	XLIS	Euronext Lisbon	True	Common Stock	101	PASS				1	euronext_full_download_csv	XLIS	provider_default	2024-09-16	2026-09-14	509.0	6.245	6.2626	208298.0	408.0	1304484.0	-0.011084718923198733	0.04083333333333328	-0.06791044776119404	0.23704308856223344	-0.17720685111989454	-0.2516469038208169	279072.0	484.5	1838252.0	6.4559	True	True	True	True	True	True	2026-09-14T23:04:07.761184+00:00
2026-09-13	2026-09-14	PTEDP0AM0009-XLIS	PTEDP0AM0009	EDP	EDP, SA	XLIS	Euronext Lisbon	True	Common Stock	101	PASS				1	euronext_full_download_csv	XLIS	provider_default	2024-09-16	2026-09-14	509.0	4.613	4.6448	12708562.0	4295.0	59029311.0	0.014961496149615172	0.046743816655321124	0.03709532374100721	0.20022697960610958	-0.038156797331109216	-0.167602785890811	6749551.0	2390.5	31580990.5	4.6748	True	True	True	True	True	True	2026-09-14T23:04:08.585951+00:00
2026-09-13	2026-09-14	PTESO0AM0000-XLIS	PTESO0AM0000	ESON	Estoril-Sol SGPS-Nominativas	XLIS	Euronext Lisbon	True	Common Stock	101	PASS				1	euronext_full_download_csv	XLIS	provider_default	2024-09-16	2026-09-14	509.0	2.8	0.0	0.0	0.0	0.0	-0.17159763313609466	-0.09090909090909094	-0.1515151515151515	0.9004271917308211	-0.36363636363636376	-0.36363636363636376	0.0	0.0	0.0	0.0	True	True	True	True	True	True	2026-09-14T23:04:09.173290+00:00
2026-09-13	2026-09-14	PTFCP0AM0008-XLIS	PTFCP0AM0008	FCP	FUT.CLUBE PORTO	XLIS	Euronext Lisbon	True	Common Stock	101	PASS				1	euronext_full_download_csv	XLIS	provider_default	2024-09-16	2026-09-14	509.0	2.72	2.72	10.0	1.0	27.0	-0.03546099290780125	-0.09333333333333327	0.022556390977443552	0.4906365129724938	-0.34928229665071764	-0.3732057416267942	123.0	4.0	354.5	2.8499999999999996	True	True	True	True	True	True	2026-09-14T23:04:09.940671+00:00
2026-09-13	2026-09-14	PTFRV0AE0004-XLIS	PTFRV0AE0004	RAM	RAMADA INVESTIMENTOS E INDUSTRIA S.A.	XLIS	Euronext Lisbon	True	Common Stock	101	PASS				1	euronext_full_download_csv	XLIS	provider_default	2024-09-16	2026-09-14	509.0	6.88	6.7668	1157.0	16.0	7829.0	0.0117647058823529	0.020771513353115667	-0.07027027027027033	0.18979863139640607	-0.14640198511166258	-0.18858560794044665	451.0	12.0	3088.5	6.849349999999999	True	True	True	True	True	True	2026-09-14T23:04:10.684933+00:00
2026-09-13	2026-09-14	PTFXD0AM0018-XLIS	PTFXD0AM0018	FLEXD	FLEXDEAL	XLIS	Euronext Lisbon	True	Common Stock	101	PASS				1	euronext_full_download_csv	XLIS	provider_default	2024-09-16	2026-09-14	509.0	5.15	0.0	0.0	0.0	0.0	0.0	0.01980198019801982	0.08193277310924385	0.0805499278443682	0.0	-0.14	0.0	0.0	0.0	0.0	True	True	True	True	True	True	2026-09-14T23:04:11.181491+00:00
2026-09-13	2026-09-14	PTGAL0AM0009-XLIS	PTGAL0AM0009	GALP	GALP ENERGIA-NOM	XLIS	Euronext Lisbon	True	Common Stock	101	PASS				1	euronext_full_download_csv	XLIS	provider_default	2024-09-16	2026-09-14	509.0	21.55	21.5946	1628770.0	3079.0	35172638.0	0.03555982700624716	0.16235167206041012	0.01746931067044377	0.26566896525378686	-0.027527075812274315	-0.24274477895307833	1399856.5	2195.0	29702524.5	21.37605	True	True	True	True	True	True	2026-09-14T23:04:11.937586+00:00
2026-09-13	2026-09-14	PTGMC0AM0003-XLIS	PTGMC0AM0003	MCP	Grupo Media Capital,SGPS	XLIS	Euronext Lisbon	True	Common Stock	101	PASS				1	euronext_full_download_csv	XLIS	provider_default	2024-09-16	2026-09-14	509.0	1.9	0.0	0.0	0.0	0.0	0.0	0.021505376344086002	0.0	0.0440729065202563	-0.045226130653266416	-0.0653266331658291	0.0	0.0	0.0	0.0	True	True	True	True	True	True	2026-09-14T23:04:12.603434+00:00
2026-09-13	2026-09-14	PTIBS0AM0008-XLIS	PTIBS0AM0008	IBS	Ibersol-SGPS	XLIS	Euronext Lisbon	True	Common Stock	101	PASS				1	euronext_full_download_csv	XLIS	provider_default	2024-09-16	2026-09-14	509.0	10.4	10.4666	43246.0	173.0	452639.0	0.060142711518858194	0.009708737864077666	-0.03703703703703709	0.19760187279926644	-0.15993537964458804	-0.2714054927302101	21955.0	156.5	221578.5	10.187100000000001	True	True	True	True	True	True	2026-09-14T23:04:13.552975+00:00
2026-09-13	2026-09-14	PTIPR0AM0000-XLIS	PTIPR0AM0000	IPR	Impresa, SGPS - Nom.	XLIS	Euronext Lisbon	True	Common Stock	101	PASS				1	euronext_full_download_csv	XLIS	provider_default	2024-09-16	2026-09-14	509.0	0.201	0.2036	90970.0	37.0	18524.0	-0.05633802816901401	0.10439560439560447	0.08064516129032273	0.7107386578115864	-0.26909090909090916	-0.3781818181818182	60109.0	14.0	12520.0	0.2098	True	True	True	True	True	True	2026-09-14T23:04:14.530243+00:00
2026-09-13	2026-09-14	PTJMT0AE0001-XLIS	PTJMT0AE0001	JMT	J.MARTINS,SGPS	XLIS	Euronext Lisbon	True	Common Stock	101	PASS				1	euronext_full_download_csv	XLIS	provider_default	2024-09-16	2026-09-14	509.0	17.66	17.6916	1122047.0	1864.0	19850837.0	0.026147588611272532	-0.0011312217194570096	-0.19287020109689212	0.24559758933414466	-0.21371326803205704	-0.27960819234194123	1306185.0	1555.5	23843418.0	18.0212	True	True	True	True	True	True	2026-09-14T23:04:15.386828+00:00
2026-09-13	2026-09-14	PTMEN0AE0005-XLIS	PTMEN0AE0005	EGL	MOTA ENGIL	XLIS	Euronext Lisbon	True	Common Stock	101	PASS				1	euronext_full_download_csv	XLIS	provider_default	2024-09-16	2026-09-14	509.0	4.8	4.8481	2264811.0	1238.0	10979920.0	0.0554089709762533	0.019108280254777066	0.0874490258269145	0.262464317566741	-0.21887713588283153	-0.34092758340113916	1551395.0	902.5	7540250.5	4.76615	True	True	True	True	True	True	2026-09-14T23:04:16.208405+00:00
2026-09-13	2026-09-14	PTMFR0AM0003-XLIS	PTMFR0AM0003	MAR	Martifer, SGPS, SA	XLIS	Euronext Lisbon	True	Common Stock	101	PASS				1	euronext_full_download_csv	XLIS	provider_default	2024-09-16	2026-09-14	509.0	2.33	2.2922	1081.0	12.0	2478.0	-0.004273504273504147	-0.008510638297872353	-0.05284552845528456	0.22241836493849088	-0.11068702290076338	-0.13358778625954204	4377.5	13.5	10069.5	2.2973	True	True	True	True	True	True	2026-09-14T23:04:16.991279+00:00
2026-09-13	2026-09-14	PTNBA0AM0006-XLIS	PTNBA0AM0006	NBA	Novabase, SGPS - Nom.	XLIS	Euronext Lisbon	True	Common Stock	101	PASS				1	euronext_full_download_csv	XLIS	provider_default	2024-09-16	2026-09-14	509.0	7.04	7.0504	1745.0	15.0	12303.0	-0.011235955056179803	-0.17757009345794394	-0.21777777777777774	0.28040721838138566	-0.2589473684210526	-0.2589473684210526	820.0	8.0	5881.5	7.158799999999999	True	True	True	True	True	True	2026-09-14T23:04:17.744935+00:00
2026-09-13	2026-09-14	PTPAD0AM0007-XLIS	PTPAD0AM0007	GLINT	GLINTT GLOBAL, SA	XLIS	Euronext Lisbon	True	Common Stock	101	PASS				1	euronext_full_download_csv	XLIS	provider_default	2024-09-16	2026-09-14	509.0	1.195	1.1939	24080.0	24.0	28750.0	0.01271186440677985	-0.051587301587301515	-0.06640625	0.21613533185845046	-0.3540540540540541	-0.3756756756756757	6631.0	10.5	8085.0	1.2264499999999998	True	True	True	True	True	True	2026-09-14T23:04:18.596933+00:00
2026-09-13	2026-09-14	PTPTC0AM0009-XLIS	PTPTC0AM0009	PHR	PHAROL, SA	XLIS	Euronext Lisbon	True	Common Stock	101	PASS				1	euronext_full_download_csv	XLIS	provider_default	2024-09-16	2026-09-14	509.0	0.0899	0.0892	944176.0	57.0	84187.0	0.0033482142857141906	0.23150684931506849	0.12656641604010033	0.3063766624521858	-0.03850267379679151	-0.24096385542168675	761026.5	54.5	68240.0	0.0898	True	True	True	True	True	True	2026-09-14T23:04:19.453016+00:00
2026-09-13	2026-09-14	PTPTI0AM0006-XLIS	PTPTI0AM0006	NVG	THE NAVIGATOR COMP	XLIS	Euronext Lisbon	True	Common Stock	101	PASS				1	euronext_full_download_csv	XLIS	provider_default	2024-09-16	2026-09-14	509.0	3.216	3.2233	897587.0	427.0	2893230.0	-0.004334365325077361	-0.07903780068728516	-0.02010968921389389	0.18987517876475893	-0.09510410804727054	-0.12324141812042766	584872.5	382.0	1896254.0	3.2517500000000004	True	True	True	True	True	True	2026-09-14T23:04:20.316410+00:00
2026-09-13	2026-09-14	PTREL0AM0008-XLIS	PTREL0AM0008	RENE	REN	XLIS	Euronext Lisbon	True	Common Stock	101	PASS				1	euronext_full_download_csv	XLIS	provider_default	2024-09-16	2026-09-14	509.0	3.44	3.4581	986863.0	530.0	3412714.0	-0.02824858757062154	-0.02824858757062154	-0.10996119016817596	0.1668533626585819	-0.12356687898089169	-0.1273885350318471	654061.5	389.5	2297480.0	3.5049	True	True	True	True	True	True	2026-09-14T23:04:21.068755+00:00
2026-09-13	2026-09-14	PTSCP0AM0001-XLIS	PTSCP0AM0001	SCP	Sporting Clube de Portugal	XLIS	Euronext Lisbon	True	Common Stock	101	PASS				1	euronext_full_download_csv	XLIS	provider_default	2024-09-16	2026-09-14	509.0	0.975	0.0	0.0	0.0	0.0	0.005154639175257714	0.020942408376963373	-0.025000000000000022	0.2433227521734165	-0.044117647058823595	-0.06372549019607854	112.0	2.0	108.5	0.975	True	True	True	True	True	True	2026-09-14T23:04:21.886271+00:00
2026-09-13	2026-09-14	PTSCT0AP0018-XLIS	PTSCT0AP0018	SCT	Toyota Caetano	XLIS	Euronext Lisbon	True	Common Stock	101	PASS				1	euronext_full_download_csv	XLIS	provider_default	2024-09-16	2026-09-14	509.0	7.05	7.05	6.0	1.0	42.0	-0.007042253521126751	-0.06000000000000005	0.014388489208633004	0.5061739211628712	-0.11875000000000002	-0.1875	0.0	0.0	0.0	0.0	True	True	True	True	True	True	2026-09-14T23:04:22.553028+00:00
2026-09-13	2026-09-14	PTSEM0AM0004-XLIS	PTSEM0AM0004	SEM	SEMAPA	XLIS	Euronext Lisbon	True	Common Stock	101	PASS				1	euronext_full_download_csv	XLIS	provider_default	2024-09-16	2026-09-14	509.0	20.35	20.5102	22541.0	219.0	462321.0	0.0024630541871921707	-0.09151785714285698	-0.05568445475638051	0.19508149095294783	-0.16598360655737698	-0.18688524590163935	18724.0	169.0	388800.5	20.72455	True	True	True	True	True	True	2026-09-14T23:04:23.460234+00:00
2026-09-13	2026-09-14	PTSLB0AM0010-XLIS	PTSLB0AM0010	SLBEN	Benfica SAD	XLIS	Euronext Lisbon	True	Common Stock	101	PASS				1	euronext_full_download_csv	XLIS	provider_default	2024-09-16	2026-09-14	509.0	6.68	6.6691	3415.0	35.0	22775.0	-0.008902077151335397	-0.0029850746268657025	-0.0029850746268657025	0.25541589688857264	-0.18137254901960786	-0.23284313725490202	2320.5	20.0	14938.0	6.59595	True	True	True	True	True	True	2026-09-14T23:04:24.315997+00:00
2026-09-13	2026-09-14	PTSNC0AM0006-XLIS	PTSNC0AM0006	SNC	SONAECOM,SGPS	XLIS	Euronext Lisbon	True	Common Stock	101	PASS				1	euronext_full_download_csv	XLIS	provider_default	2024-09-16	2026-09-14	509.0	2.94	2.94	569.0	14.0	1673.0	-0.006756756756756799	0.027972027972027913	-0.020000000000000018	0.18099946232729847	-0.069620253164557	-0.11392405063291144	1038.0	14.0	3055.0	2.93615	True	True	True	True	True	True	2026-09-14T23:04:25.187465+00:00
2026-09-13	2026-09-14	PTSON0AM0001-XLIS	PTSON0AM0001	SON	SONAE	XLIS	Euronext Lisbon	True	Common Stock	101	PASS				1	euronext_full_download_csv	XLIS	provider_default	2024-09-16	2026-09-14	509.0	2.03	2.0241	2295144.0	520.0	4645714.0	0.004950495049504955	0.027327935222672073	0.030456852791878042	0.1772060276561555	-0.04694835680751175	-0.13548387096774195	1413675.0	398.0	2843526.5	2.01405	True	True	True	True	True	True	2026-09-14T23:04:26.081412+00:00
2026-09-13	2026-09-14	PTTD10AM0000-XLIS	PTTD10AM0000	TDSA	Teixeira Duarte, SA	XLIS	Euronext Lisbon	True	Common Stock	101	PASS				1	euronext_full_download_csv	XLIS	provider_default	2024-09-16	2026-09-14	509.0	0.475	0.4806	6459860.0	418.0	3104447.0	-0.031600407747196746	-0.01041666666666663	0.08200455580865595	0.31195188966495235	-0.38946015424164526	-0.48521850899742924	4891295.5	322.0	2349661.5	0.48265	True	True	True	True	True	True	2026-09-14T23:04:26.803338+00:00
2026-09-13	2026-09-14	PTVAA0AM0019-XLIS	PTVAA0AM0019	VAF	VAA VISTA ALEGRE	XLIS	Euronext Lisbon	True	Common Stock	101	PASS				1	euronext_full_download_csv	XLIS	provider_default	2024-09-16	2026-09-14	509.0	1.08	1.0811	112.0	3.0	121.0	0.009345794392523477	0.009345794392523477	-0.00917431192660556	0.12005112314613885	-0.0357142857142857	-0.0535714285714286	120.0	2.0	129.5	1.0788	True	True	True	True	True	True	2026-09-14T23:04:27.566247+00:00
2026-09-13	2026-09-14	PTZON0AM0006-XLIS	PTZON0AM0006	NOS	NOS, SGPS, SA	XLIS	Euronext Lisbon	True	Common Stock	101	PASS				1	euronext_full_download_csv	XLIS	provider_default	2024-09-16	2026-09-14	509.0	5.285	5.2952	442904.0	667.0	2345283.0	0.09014026402640263	0.01245210727969348	-0.003950556369472391	0.20631092806593712	-0.048785976430734346	-0.1504767850053106	394554.0	569.5	2024573.5	4.944699999999999	True	True	True	True	True	True	2026-09-14T23:04:28.453157+00:00
2026-09-13	2026-09-14	GB00BRJQ8J25-XMSM	GB00BRJQ8J25	HMSO	HAMMERSON PLC	XMSM	Euronext Dublin	True	Common Stock	101	PASS				1	euronext_full_download_csv	XMSM	provider_default	2024-09-16	2026-09-14	509.0	3.46	0.0	0.0	0.0	0.0	-0.028089887640449507	0.029761904761904878	0.29176778047414587	0.13576810297103428	-0.028089887640449507	-0.02950819672131144	0.0	0.0	0.0	0.0	True	True	True	True	True	True	2026-09-14T23:04:29.082212+00:00
2026-09-13	2026-09-14	GB00BYYN4225-XMSM	GB00BYYN4225	HSW	HOSTELWORLD GROUP PLC	XMSM	Euronext Dublin	True	Common Stock	101	PASS				1	euronext_full_download_csv	XMSM	provider_default	2024-09-16	2026-09-14	509.0	1.39	0.0	0.0	0.0	0.0	-0.0071428571428571175	0.14876033057851235	0.15833333333333321	0.5121783947458401	-0.12578616352201266	-0.30817610062893075	0.0	0.0	0.0	0.0	True	True	True	True	True	True	2026-09-14T23:04:29.714934+00:00
2026-09-13	2026-09-14	IE0000669501-XMSM	IE0000669501	GL9	GLANBIA PLC	XMSM	Euronext Dublin	True	Common Stock	101	PASS				1	euronext_full_download_csv	XMSM	provider_default	2024-09-16	2026-09-14	509.0	21.6	21.6041	524110.0	669.0	11322923.0	-0.06976744186046502	0.012183692596063889	0.2399540757749712	0.24153758422332453	-0.13043478260869557	-0.1344605475040258	306603.0	594.5	6734021.5	22.26315	True	True	True	True	True	True	2026-09-14T23:04:30.643441+00:00
2026-09-13	2026-09-14	IE0003290289-XMSM	IE0003290289	EG7	FBD HOLDINGS PLC	XMSM	Euronext Dublin	True	Common Stock	101	PASS				1	euronext_full_download_csv	XMSM	provider_default	2024-09-16	2026-09-14	509.0	18.55	18.5545	11318.0	49.0	210000.0	0.016438356164383494	0.0784883720930234	0.12424242424242427	0.35482838416466844	-0.07250000000000001	-0.09499999999999997	17643.5	48.0	324189.0	18.5518	True	True	True	True	True	True	2026-09-14T23:04:31.244001+00:00
2026-09-13	2026-09-14	IE0004906560-XMSM	IE0004906560	KRZ	KERRY GROUP PLC	XMSM	Euronext Dublin	True	Common Stock	101	PASS				1	euronext_full_download_csv	XMSM	provider_default	2024-09-16	2026-09-14	509.0	84.35	84.7115	181310.0	1292.0	15359038.0	0.004764740917212462	0.13602693602693594	0.23138686131386854	0.22671289578131426	-0.01517805020432006	-0.22781774580335734	245187.5	1280.5	20515138.0	84.02135	True	True	True	True	True	True	2026-09-14T23:04:32.425234+00:00
2026-09-13	2026-09-14	IE0004927939-XMSM	IE0004927939	KRX	KINGSPAN GROUP PLC	XMSM	Euronext Dublin	True	Common Stock	101	PASS				1	euronext_full_download_csv	XMSM	provider_default	2024-09-16	2026-09-14	509.0	96.15	97.1116	377426.0	2994.0	36652440.0	-0.05177514792899407	0.10137457044673548	0.32987551867219933	0.4980297025747624	-0.08689458689458684	-0.19930069930069927	308529.5	1309.5	31545750.5	102.40695	True	True	True	True	True	True	2026-09-14T23:04:33.168638+00:00
2026-09-13	2026-09-14	IE000HBCCM49-XMSM	IE000HBCCM49	GDL	GDL MANAGEMENT GROUP PLC	XMSM	Euronext Dublin	True	Common Stock	101	PASS				1	euronext_full_download_csv	XMSM	provider_default	2026-08-28	2026-09-14	12.0	134.5	0.0	0.0	0.0	0.0											False	False	False	False	False	False	2026-09-14T23:04:33.716669+00:00
2026-09-13	2026-09-14	IE00BD1RP616-XMSM	IE00BD1RP616	BIRG	BANK OF IRELAND GROUP PLC	XMSM	Euronext Dublin	True	Common Stock	101	PASS				1	euronext_full_download_csv	XMSM	provider_default	2024-09-16	2026-09-14	509.0	20.09	20.1677	2285553.0	2685.0	46094412.0	0.06296296296296311	0.0957185710389965	0.310074991848712	0.2130217199882356	-0.013745704467354014	-0.14479254868755287	1761106.0	2358.0	33728662.5	19.218400000000003	True	True	True	True	True	True	2026-09-14T23:04:34.408516+00:00
2026-09-13	2026-09-14	IE00BD6JX574-XMSM	IE00BD6JX574	GVR	GLENVEAGH PROPERTIES PLC	XMSM	Euronext Dublin	True	Common Stock	101	PASS				1	euronext_full_download_csv	XMSM	provider_default	2024-09-16	2026-09-14	509.0	2.29	2.308	2532432.0	804.0	5844863.0	-0.07661290322580638	-0.061475409836065587	0.15656565656565657	0.24911127207001513	-0.1072124756335282	-0.14767184035476721	735700.5	318.0	1810287.5	2.4518	True	True	True	True	True	True	2026-09-14T23:04:35.298901+00:00
2026-09-13	2026-09-14	IE00BDC5DG00-XMSM	IE00BDC5DG00	KMR	KENMARE RESOURCES PLC	XMSM	Euronext Dublin	True	Common Stock	101	PASS				1	euronext_full_download_csv	XMSM	provider_default	2024-09-16	2026-09-14	509.0	2.04	2.0939	9249.0	7.0	19366.0	-0.1499999999999999	-0.17741935483870963	-0.16393442622950816	0.5490921289385029	-0.44565217391304346	-0.44565217391304346	515.0	1.5	1204.5	2.18	True	True	True	True	True	True	2026-09-14T23:04:35.953561+00:00
2026-09-13	2026-09-14	IE00BF0L3536-XMSM	IE00BF0L3536	A5G	AIB GROUP PLC	XMSM	Euronext Dublin	True	Common Stock	101	PASS				1	euronext_full_download_csv	XMSM	provider_default	2024-09-16	2026-09-14	509.0	11.58	11.5886	4413796.0	2884.0	51149540.0	0.07720930232558132	0.09142318567389252	0.2945779765231973	0.22827921952626015	-0.005581794761700287	-0.13145780051150902	3752442.5	2154.5	41638760.5	11.032350000000001	True	True	True	True	True	True	2026-09-14T23:04:36.655323+00:00
2026-09-13	2026-09-14	IE00BJ34P519-XMSM	IE00BJ34P519	IRES	IRISH RESIDENTIAL PROPERTIES REIT PLC	XMSM	Euronext Dublin	True	Common Stock	101	PASS				1	euronext_full_download_csv	XMSM	provider_default	2024-09-16	2026-09-14	509.0	1.07	1.0682	1125146.0	272.0	1201898.0	-0.03429602888086647	-0.0429338103756709	0.05522682445759375	0.1525439665510323	-0.09322033898305071	-0.11363636363636376	702246.0	242.0	758898.5	1.0831	True	True	True	True	True	True	2026-09-14T23:04:37.343557+00:00
2026-09-13	2026-09-14	IE00BLP58571-XMSM	IE00BLP58571	IR5B	IRISH CONTINENTAL GROUP PLC	XMSM	Euronext Dublin	True	Common Stock	101	PASS				1	euronext_full_download_csv	XMSM	provider_default	2024-09-16	2026-09-14	509.0	7.92	7.9246	2398453.0	59.0	19006860.0	0.0	0.26114649681528657	0.22600619195046434	0.6140697891591637	-0.0025188916876575096	-0.138235294117647	157223.0	110.0	1167944.5	7.3815	True	True	True	True	True	True	2026-09-14T23:04:37.953585+00:00
2026-09-13	2026-09-14	IE00BWB8X525-XMSM	IE00BWB8X525	PTSB	PERMANENT TSB GROUP HOLDINGS PLC	XMSM	Euronext Dublin	True	Common Stock	101	PASS				1	euronext_full_download_csv	XMSM	provider_default	2024-09-16	2026-09-14	509.0	2.95	2.9498	369241.0	307.0	1089174.0	0.003401360544217802	-0.016666666666666607	-0.05144694533762051	0.09370734589308781	-0.08668730650154788	-0.14330218068535827	283875.0	157.0	836554.0	2.9416	True	True	True	True	True	True	2026-09-14T23:04:38.629343+00:00
2026-09-13	2026-09-14	IE00BWY4ZF18-XMSM	IE00BWY4ZF18	C5H	CAIRN HOMES PLC	XMSM	Euronext Dublin	True	Common Stock	101	PASS				1	euronext_full_download_csv	XMSM	provider_default	2024-09-16	2026-09-14	509.0	2.71	2.7171	1013510.0	395.0	2753831.0	0.04835589941972929	0.17826086956521747	0.1991150442477878	0.2691460867968788	-0.05902777777777779	-0.12788259958071269	805564.0	318.5	2105274.0	2.59845	True	True	True	True	True	True	2026-09-14T23:04:39.185715+00:00
2026-09-13	2026-09-14	IE00BYTBXV33-XMSM	IE00BYTBXV33	RYA	RYANAIR HOLDINGS PLC	XMSM	Euronext Dublin	True	Common Stock	101	PASS				1	euronext_full_download_csv	XMSM	provider_default	2024-09-16	2026-09-14	509.0	22.25	22.0208	1706852.0	4392.0	37586218.0	-0.08811475409836056	-0.12642324303101682	-0.1128389154704944	0.30872274539678896	-0.2575909242575909	-0.2659325992659326	1475580.0	3415.5	34210202.0	22.92085	True	True	True	True	True	True	2026-09-14T23:04:39.833787+00:00
2026-09-13	2026-09-14	BE0003816338-XOSL	BE0003816338	CMBTO	CMB.TECH NV	XOSL	Oslo Børs	True	Common Stock	101	PASS				1	euronext_full_download_csv	XOSL	provider_default	2025-08-19	2026-09-14	274.0	180.4	180.3642	217314.0	526.0	39195659.0	0.10810810810810811	0.2776203966005668	0.5236486486486487	0.31587382389761787	-0.010964912280701733	-0.16161616161616155	309491.5	686.0	54751333.5	173.59635	True	True	True	True	True	True	2026-09-14T23:04:40.498869+00:00
2026-09-13	2026-09-14	BMG0451H2087-XOSL	BMG0451H2087	ARCH	ARCHER	XOSL	Oslo Børs	True	Common Stock	101	PASS				1	euronext_full_download_csv	XOSL	provider_default	2024-09-16	2026-09-14	509.0	22.85	23.2386	244951.0	255.0	5692329.0	-0.0767676767676767	-0.010822510822510845	-0.09504950495049502	0.21811473766029663	-0.22673434856175967	-0.23857868020304573	148494.0	209.0	3582081.5	24.165149999999997	True	True	True	True	True	True	2026-09-14T23:04:41.885901+00:00
2026-09-13	2026-09-14	BMG0670A1099-XOSL	BMG0670A1099	AUTO	AUTOSTORE HOLDINGS LTD.	XOSL	Oslo Børs	True	Common Stock	101	PASS				1	euronext_full_download_csv	XOSL	provider_default	2024-09-16	2026-09-14	509.0	14.88	15.0331	5132570.0	1827.0	77158558.0	-0.12470588235294111	0.22671063478977738	0.42939481268011526	0.5517623709998325	-0.12778429073856967	-0.3009188361408882	4272784.5	1207.5	66421545.5	16.028950000000002	True	True	True	True	True	True	2026-09-14T23:04:43.185474+00:00
2026-09-13	2026-09-14	BMG0702P1086-XOSL	BMG0702P1086	BWE	BW ENERGY LIMITED	XOSL	Oslo Børs	True	Common Stock	101	PASS				1	euronext_full_download_csv	XOSL	provider_default	2024-09-16	2026-09-14	509.0	57.5	57.6116	137277.0	277.0	7908750.0	0.02678571428571419	0.1015325670498084	0.019503546099290725	0.2907596250471083	-0.07258064516129037	-0.2938816449348044	59408.0	231.5	3292036.5	55.8685	True	True	True	True	True	True	2026-09-14T23:04:43.716799+00:00
2026-09-13	2026-09-14	BMG1466R1732-XOSL	BMG1466R1732	BORR	BORR DRILLING LIMITED	XOSL	Oslo Børs	True	Common Stock	101	PASS				1	euronext_full_download_csv	XOSL	provider_default	2025-12-18	2026-09-14	187.0	39.825	40.5626	202261.0	306.0	8204231.0	-0.04105465928244634	-0.0403614457831325	-0.14345628562210977	0.45788909948155576			132651.5	256.0	5630072.5	42.08615	True	True	True	True	False	True	2026-09-14T23:04:44.219177+00:00
2026-09-13	2026-09-14	BMG1738J1247-XOSL	BMG1738J1247	BWO	BW OFFSHORE LIMITED	XOSL	Oslo Børs	True	Common Stock	101	PASS				1	euronext_full_download_csv	XOSL	provider_default	2024-09-16	2026-09-14	509.0	39.1	39.1577	59264.0	208.0	2320640.0	-0.13876651982378851	-0.1444201312910285	-0.23483365949119372	0.3500569260680578	-0.2664165103189493	-0.2795497185741088	127231.0	302.5	5067557.0	39.5496	True	True	True	True	True	True	2026-09-14T23:04:45.685604+00:00
2026-09-13	2026-09-14	BMG4660A1036-XOSL	BMG4660A1036	HSHP	HIMALAYA SHIPPING LTD	XOSL	Oslo Børs	True	Common Stock	101	PASS				1	euronext_full_download_csv	XOSL	provider_default	2024-09-16	2026-09-14	509.0	166.4	166.7195	133733.0	1001.0	22295898.0	0.10491367861885803	0.20057720057720063	0.3572593800978794	0.40656476785094636	-0.03703703703703709	-0.14893617021276595	160060.0	947.0	25434913.0	156.107	True	True	True	True	True	True	2026-09-14T23:04:46.778980+00:00
2026-09-13	2026-09-14	BMG5137R1088-XOSL	BMG5137R1088	JIN	JINHUI SHIPPING AND TRANSPORTATION	XOSL	Oslo Børs	True	Common Stock	101	PASS				1	euronext_full_download_csv	XOSL	provider_default	2024-09-16	2026-09-14	509.0	7.0	6.9329	22261.0	18.0	154332.0	0.09375	0.12540192926045024	0.25899280575539585	0.37533344249811496	-0.048913043478260865	-0.14150943396226423	61507.5	26.5	410941.5	6.6812000000000005	True	True	True	True	True	True	2026-09-14T23:04:47.810021+00:00
2026-09-13	2026-09-14	BMG6682J1036-XOSL	BMG6682J1036	NOL	NORTHERN OCEAN LTD.	XOSL	Oslo Børs	True	Common Stock	101	PASS				1	euronext_full_download_csv	XOSL	provider_default	2024-09-16	2026-09-14	509.0	7.5	7.4894	13823.0	6.0	103527.0	0.008064516129032251	-0.05303030303030298	-0.16481069042316265	0.12854216882576472	-0.29378531073446323	-0.30131826741996226	178943.0	22.0	1335429.0	7.45845	True	True	True	True	True	True	2026-09-14T23:04:48.619883+00:00
2026-09-13	2026-09-14	BMG6716L1081-XOSL	BMG6716L1081	OTL	ODFJELL TECHNOLOGY LTD	XOSL	Oslo Børs	True	Common Stock	101	PASS				1	euronext_full_download_csv	XOSL	provider_default	2024-09-16	2026-09-14	509.0	61.0	61.8833	57780.0	190.0	3575615.0	0.0	0.03389830508474567	-0.12356321839080453	0.2879791919403444	-0.18882978723404253	-0.28856382978723405	48352.5	190.0	2840116.0	60.43045	True	True	True	True	True	True	2026-09-14T23:04:49.186201+00:00
2026-09-13	2026-09-14	BMG671801022-XOSL	BMG671801022	ODL	ODFJELL DRILLING	XOSL	Oslo Børs	True	Common Stock	101	PASS				1	euronext_full_download_csv	XOSL	provider_default	2024-09-16	2026-09-14	509.0	100.8	101.4727	336361.0	717.0	34131456.0	0.09446254071661242	0.1858823529411764	0.0059880239520957446	0.258830678319586	-0.09515260323159791	-0.26211849192100545	373997.0	772.0	37055358.0	94.6575	True	True	True	True	True	True	2026-09-14T23:04:49.832501+00:00
2026-09-13	2026-09-14	BMG6904D1083-XOSL	BMG6904D1083	PLSV	PARATUS ENERGY SERVICES LTD.	XOSL	Oslo Børs	True	Common Stock	101	PASS				1	euronext_full_download_csv	XOSL	provider_default	2024-09-16	2026-09-14	509.0	46.9	47.4677	161376.0	523.0	7660148.0	-0.05252525252525253	0.03076923076923066	0.07371794871794868	0.24081635764844694	-0.10153256704980851	-0.17021276595744683	201726.0	454.5	10403662.5	49.88635	True	True	True	True	True	True	2026-09-14T23:04:50.349814+00:00
2026-09-13	2026-09-14	BMG850801025-XOSL	BMG850801025	SNI	STOLT-NIELSEN	XOSL	Oslo Børs	True	Common Stock	101	PASS				1	euronext_full_download_csv	XOSL	provider_default	2024-09-16	2026-09-14	509.0	345.0	346.6079	24069.0	385.0	8342506.0	0.08320251177394034	0.14049586776859502	0.07644305772230897	0.3097712506970149	-0.032258064516129004	-0.21037868162692852	23063.0	356.5	7489688.0	329.99289999999996	True	True	True	True	True	True	2026-09-14T23:04:51.184173+00:00
2026-09-13	2026-09-14	BMG9156K1018-XOSL	BMG9156K1018	2020	2020 BULKERS	XOSL	Oslo Børs	True	Common Stock	101	PASS				1	euronext_full_download_csv	XOSL	provider_default	2024-09-16	2026-09-14	509.0	4.32	4.1584	235266.0	122.0	978330.0	0.03151862464183397	0.08761329305135956	0.8998831923666917	0.8559065409474541	-0.4374999999999999	-0.6354166666666667	234531.0	195.5	958378.5	4.2005	True	True	True	True	True	True	2026-09-14T23:04:51.982123+00:00
2026-09-13	2026-09-14	CA74836K1003-XOSL	CA74836K1003	QEC	QUESTERRE ENERGY CORPORATION	XOSL	Oslo Børs	True	Common Stock	101	PASS				1	euronext_full_download_csv	XOSL	provider_default	2024-09-16	2026-09-14	509.0	2.05	2.0297	821325.0	100.0	1667005.0	0.11655773420479298	0.1478163493840985	0.04698672114402447	0.39373258969886443	-0.21892273595134437	-0.3644698163740694	566377.0	90.0	1041183.5	1.8409	True	True	True	True	True	True	2026-09-14T23:04:52.847604+00:00
2026-09-13	2026-09-14	CH0496451508-XOSL	CH0496451508	SWON	SOFTWAREONE HOLDING	XOSL	Oslo Børs	True	Common Stock	101	PASS				1	euronext_full_download_csv	XOSL	provider_default	2025-07-02	2026-09-14	308.0	107.0	107.5754	129291.0	384.0	13908532.0	0.015180265654648917	0.10766045548654257	0.3063118056403371	0.3891863176916204	-0.07694962042788134	-0.3823326432022085	111648.0	214.5	12092008.5	107.3369	True	True	True	True	True	True	2026-09-14T23:04:53.290107+00:00
2026-09-13	2026-09-14	CY0101162119-XOSL	CY0101162119	ENH	SED ENERGY HOLDINGS PLC	XOSL	Oslo Børs	True	Common Stock	101	PASS				1	euronext_full_download_csv	XOSL	provider_default	2024-09-16	2026-09-14	509.0	7.39	7.3932	4420277.0	1323.0	32680105.0	-0.10315533980582525	-0.09768009768009767	-0.15831435079726652	0.22942226770631577	-0.23657024793388426	-0.2530991735537189	2887962.5	814.5	22084897.5	7.78095	True	True	True	True	True	True	2026-09-14T23:04:54.187696+00:00
2026-09-13	2026-09-14	CY0101550917-XOSL	CY0101550917	SDSD	S.D. STANDARD ETC PLC	XOSL	Oslo Børs	True	Common Stock	101	PASS				1	euronext_full_download_csv	XOSL	provider_default	2024-09-16	2026-09-14	509.0	1.8	1.774	161049.0	14.0	285699.0	-0.008264462809917328	0.005586592178770999	-0.04761904761904756	0.21144508717815028	-0.055118110236220486	-0.06561679790026242	5299.0	3.5	9434.5	1.78555	True	True	True	True	True	True	2026-09-14T23:04:54.981553+00:00
2026-09-13	2026-09-14	CY0102630916-XOSL	CY0102630916	PSE	PETROLIA	XOSL	Oslo Børs	True	Common Stock	101	PASS				1	euronext_full_download_csv	XOSL	provider_default	2024-09-16	2026-09-14	509.0	6.35	6.4123	62592.0	14.0	401358.0	0.03252032520325199	0.08547008547008539	0.12190812720848054	0.2931470742261157	-0.052238805970149294	-0.14117647058823524	25581.5	14.0	163991.5	6.4017	True	True	True	True	True	True	2026-09-14T23:04:55.813650+00:00
2026-09-13	2026-09-14	CY0200352116-XOSL	CY0200352116	FRO	FRONTLINE PLC	XOSL	Oslo Børs	True	Common Stock	101	PASS				1	euronext_full_download_csv	XOSL	provider_default	2024-09-16	2026-09-14	509.0	468.4	466.3214	1045368.0	5415.0	487477515.0	0.21190168175937907	0.2540829986613118	0.5561461794019933	0.44775444896256505	0.0	-0.20533333333333337	924604.5	3261.5	394027678.0	414.5575	True	True	True	True	True	True	2026-09-14T23:04:56.824833+00:00
2026-09-13	2026-09-14	DK0060520450-XOSL	DK0060520450	NAPA	NAPATECH	XOSL	Oslo Børs	True	Common Stock	101	PASS				1	euronext_full_download_csv	XOSL	provider_default	2024-09-16	2026-09-14	509.0	43.15	44.088	268476.0	829.0	11836575.0	-0.06399132321041223	-0.13004032258064524	0.32565284178187404	0.5643634524730122	-0.26239316239316246	-0.36581196581196573	374358.0	608.0	15349195.0	41.8653	True	True	True	True	True	True	2026-09-14T23:04:57.587011+00:00
2026-09-13	2026-09-14	DK0061412772-XOSL	DK0061412772	CADLR	CADELER A/S	XOSL	Oslo Børs	True	Common Stock	101	PASS				1	euronext_full_download_csv	XOSL	provider_default	2024-09-16	2026-09-14	509.0	58.8	58.2478	849455.0	1183.0	49478922.0	0.08287292817679548	0.10422535211267592	0.018181818181818077	0.29376353769078123	-0.1371973587674249	-0.25878003696857665	379690.5	581.5	22182781.5	58.44085	True	True	True	True	True	True	2026-09-14T23:04:58.503847+00:00
2026-09-13	2026-09-14	FO0000000179-XOSL	FO0000000179	BAKKA	BAKKAFROST	XOSL	Oslo Børs	True	Common Stock	101	PASS				1	euronext_full_download_csv	XOSL	provider_default	2024-09-16	2026-09-14	509.0	442.8	443.8518	63541.0	653.0	28202784.0	-0.05787234042553191	0.05378391242265601	-0.06384778012684988	0.34632263927798507	-0.15009596928982727	-0.24184261036468335	99101.0	872.5	48568145.5	460.00145	True	True	True	True	True	True	2026-09-14T23:04:59.295235+00:00
2026-09-13	2026-09-14	LU0075646355-XOSL	LU0075646355	SUBC	SUBSEA 7	XOSL	Oslo Børs	True	Common Stock	101	PASS				1	euronext_full_download_csv	XOSL	provider_default	2024-09-16	2026-09-14	509.0	310.8	312.9059	276284.0	1298.0	86450889.0	-0.09965237543453065	-0.11402508551881418	0.21216848673946975	0.29486424963363156	-0.11452991452991446	-0.14346190028222017	231821.0	1063.0	79114943.0	334.2042	True	True	True	True	True	True	2026-09-14T23:05:00.136404+00:00
2026-09-13	2026-09-14	MHY641771016-XOSL	MHY641771016	OET	OKEANIS ECO TANKERS	XOSL	Oslo Børs	True	Common Stock	101	PASS				1	euronext_full_download_csv	XOSL	provider_default	2024-09-16	2026-09-14	509.0	709.0	706.0328	100545.0	1009.0	70988066.0	0.25265017667844525	0.4410569105691058	0.6077097505668934	0.42393026816824075	0.0	-0.17324840764331206	69704.0	712.0	43702564.0	624.6085	True	True	True	True	True	True	2026-09-14T23:05:00.967602+00:00
2026-09-13	2026-09-14	NL0015000GX8-XOSL	NL0015000GX8	ENVIP	ENVIPCO HOLDING N.V.	XOSL	Oslo Børs	True	Common Stock	101	PASS				1	euronext_full_download_csv	XOSL	provider_default	2024-09-16	2026-09-14	509.0	33.6	33.7391	210831.0	304.0	7113243.0	-0.2204176334106729	-0.21034077555816677	-0.3754646840148699	0.5906111755119898	-0.5922330097087378	-0.5922330097087378	177706.5	249.0	7051870.5	40.54055	True	True	True	True	True	True	2026-09-14T23:05:01.483660+00:00
2026-09-13	2026-09-14	NO0003021909-XOSL	NO0003021909	ABG	ABG SUNDAL COLLIER HOLDING	XOSL	Oslo Børs	True	Common Stock	101	PASS				1	euronext_full_download_csv	XOSL	provider_default	2024-09-16	2026-09-14	509.0	7.21	7.2157	132383.0	96.0	955230.0	-0.029609690444145298	0.014064697609001309	-0.09308176100628929	0.16960927257301764	-0.13652694610778437	-0.16766467065868262	248643.5	125.0	1834637.5	7.3682	True	True	True	True	True	True	2026-09-14T23:05:02.497843+00:00
2026-09-13	2026-09-14	NO0003025009-XOSL	NO0003025009	VVL	VOSS VEKSEL- OG LANDMANDSBANK	XOSL	Oslo Børs	True	Common Stock	101	PASS				1	euronext_full_download_csv	XOSL	provider_default	2024-09-16	2026-09-14	509.0	424.0	423.701	495.0	4.0	209732.0	-0.009345794392523366	-0.09012875536480691	0.00952380952380949	0.24097872390493974	-0.1766990291262136	-0.1922330097087379	73.5	7.0	31432.0	436.85845	True	True	True	True	True	True	2026-09-14T23:05:03.182318+00:00
2026-09-13	2026-09-14	NO0003033102-XOSL	NO0003033102	KOA	KONGSBERG AUTOMOTIVE	XOSL	Oslo Børs	True	Common Stock	101	PASS				1	euronext_full_download_csv	XOSL	provider_default	2024-09-16	2026-09-14	509.0	1.962	1.9639	1094239.0	173.0	2148929.0	-0.09166666666666679	-0.04757281553398063	-0.006079027355623157	0.22802515271393467	-0.17563025210084027	-0.19915966386554618	1561374.0	205.0	3139318.0	1.9901	True	True	True	True	True	True	2026-09-14T23:05:04.204369+00:00
2026-09-13	2026-09-14	NO0003049405-XOSL	NO0003049405	NKR	NEKKAR	XOSL	Oslo Børs	True	Common Stock	101	PASS				1	euronext_full_download_csv	XOSL	provider_default	2024-09-16	2026-09-14	509.0	14.4	14.4058	129826.0	44.0	1870242.0	-0.017064846416382284	0.0	0.10344827586206895	0.2826802187440007	-0.09717868338557989	-0.13953488372093026	93750.5	54.0	1360581.5	14.642700000000001	True	True	True	True	True	True	2026-09-14T23:05:05.357196+00:00
2026-09-13	2026-09-14	NO0003053308-XOSL	NO0003053308	SCANA	SCANA	XOSL	Oslo Børs	True	Common Stock	101	PASS				1	euronext_full_download_csv	XOSL	provider_default	2024-09-16	2026-09-14	509.0	1.4	1.3966	537205.0	66.0	750283.0	-0.04109589041095896	-0.02777777777777779	0.002865329512893977	0.20440882362081125	-0.18509895227008155	-0.22002328288707795	409926.5	41.5	579557.0	1.44965	True	True	True	True	True	True	2026-09-14T23:05:06.382417+00:00
2026-09-13	2026-09-14	NO0003053605-XOSL	NO0003053605	STB	STOREBRAND	XOSL	Oslo Børs	True	Common Stock	101	PASS				1	euronext_full_download_csv	XOSL	provider_default	2024-09-16	2026-09-14	509.0	199.9	200.2028	452544.0	1254.0	90600598.0	-0.029611650485436902	0.12429696287963998	0.1409817351598175	0.1722407630818035	-0.033365570599613203	-0.08214676889375683	448515.5	1145.0	90176157.0	202.76639999999998	True	True	True	True	True	True	2026-09-14T23:05:07.333646+00:00
2026-09-13	2026-09-14	NO0003054108-XOSL	NO0003054108	MOWI	MOWI	XOSL	Oslo Børs	True	Common Stock	101	PASS				1	euronext_full_download_csv	XOSL	provider_default	2024-09-16	2026-09-14	509.0	204.0	204.329	863216.0	1620.0	176380090.0	0.00990099009900991	0.05699481865284972	-0.08683974932855865	0.23070170427083797	-0.1646191646191646	-0.2596232596232595	1117509.0	1866.5	226561067.0	204.0829	True	True	True	True	True	True	2026-09-14T23:05:08.494407+00:00
2026-09-13	2026-09-14	NO0003055501-XOSL	NO0003055501	NOD	NORDIC SEMICONDUCTOR	XOSL	Oslo Børs	True	Common Stock	101	PASS				1	euronext_full_download_csv	XOSL	provider_default	2024-09-16	2026-09-14	509.0	169.2	168.407	1070579.0	3162.0	180293034.0	-0.004120070629782369	-0.0898332436793976	0.05027932960893855	0.3978900375825448	-0.18497109826589597	-0.26830443159922923	808233.5	1824.5	137975515.5	166.4357	True	True	True	True	True	True	2026-09-14T23:05:09.416775+00:00
2026-09-13	2026-09-14	NO0003067902-XOSL	NO0003067902	HEX	HEXAGON COMPOSITES	XOSL	Oslo Børs	True	Common Stock	101	PASS				1	euronext_full_download_csv	XOSL	provider_default	2024-09-16	2026-09-14	509.0	12.47	12.5885	806066.0	545.0	10147161.0	-0.1399999999999999	0.43333333333333357	0.30987394957983216	0.7390313398864122	-0.1399999999999999	-0.5054432348367028	1225044.0	605.5	16361863.0	13.3951	True	True	True	True	True	True	2026-09-14T23:05:11.199927+00:00
2026-09-13	2026-09-14	NO0003078107-XOSL	NO0003078107	AFG	AF GRUPPEN	XOSL	Oslo Børs	True	Common Stock	101	PASS				1	euronext_full_download_csv	XOSL	provider_default	2024-09-16	2026-09-14	509.0	186.4	186.2876	41577.0	282.0	7745278.0	-0.03619441571871773	-0.004273504273504147	0.05310734463276834	0.1657992561894664	-0.06799999999999995	-0.12356020942408374	21401.5	195.5	4107216.5	191.1394	True	True	True	True	True	True	2026-09-14T23:05:12.082270+00:00
2026-09-13	2026-09-14	NO0003078800-XOSL	NO0003078800	TGS	TGS ASA	XOSL	Oslo Børs	True	Common Stock	101	PASS				1	euronext_full_download_csv	XOSL	provider_default	2024-09-16	2026-09-14	509.0	138.6	139.3146	510492.0	997.0	71119006.0	0.006535947712418277	-0.017021276595744705	0.18461538461538463	0.3948615528712043	-0.1283018867924529	-0.21698113207547165	312543.0	898.0	43005327.5	138.05835000000002	True	True	True	True	True	True	2026-09-14T23:05:13.076051+00:00
2026-09-13	2026-09-14	NO0003079709-XOSL	NO0003079709	KIT	KITRON	XOSL	Oslo Børs	True	Common Stock	101	PASS				1	euronext_full_download_csv	XOSL	provider_default	2024-09-16	2026-09-14	509.0	93.7	94.3747	962890.0	1066.0	90872464.0	-0.008465608465608399	-0.141941391941392	-0.07043650793650791	0.44740105259505303	-0.18022747156605423	-0.28040244969378825	694249.0	1432.0	65172296.0	92.04505	True	True	True	True	True	True	2026-09-14T23:05:13.848722+00:00
2026-09-13	2026-09-14	NO0003080608-XOSL	NO0003080608	SOFF	SOLSTAD OFFSHORE	XOSL	Oslo Børs	True	Common Stock	101	PASS				1	euronext_full_download_csv	XOSL	provider_default	2024-09-16	2026-09-14	509.0	67.8	68.1224	59153.0	216.0	4029642.0	-0.03556187766714081	0.1281198003327786	0.1318864774624373	0.32811917876847624	-0.04372355430183372	-0.2741660032482687	80104.0	265.0	5530010.0	69.41300000000001	True	True	True	True	True	True	2026-09-14T23:05:14.880533+00:00
2026-09-13	2026-09-14	NO0003096208-XOSL	NO0003096208	LSG	LERØY SEAFOOD GROUP	XOSL	Oslo Børs	True	Common Stock	101	PASS				1	euronext_full_download_csv	XOSL	provider_default	2024-09-16	2026-09-14	509.0	43.52	43.5742	489281.0	787.0	21320006.0	0.029328287606433356	0.054263565891472965	-0.14916911045943293	0.2506132115285111	-0.1686723973256924	-0.274116523400191	560552.5	855.5	25513835.0	43.837900000000005	True	True	True	True	True	True	2026-09-14T23:05:15.772866+00:00
2026-09-13	2026-09-14	NO0003097503-XOSL	NO0003097503	AKVA	AKVA GROUP	XOSL	Oslo Børs	True	Common Stock	101	PASS				1	euronext_full_download_csv	XOSL	provider_default	2024-09-16	2026-09-14	509.0	146.5	146.9488	7124.0	43.0	1046863.0	0.05017921146953408	0.1400778210116731	0.4154589371980677	0.2723904113989699	0.0	-0.16666666666666663	3891.5	25.0	545261.5	138.4017	True	True	True	True	True	True	2026-09-14T23:05:16.444107+00:00
2026-09-13	2026-09-14	NO0003110603-XOSL	NO0003110603	BONHR	BONHEUR	XOSL	Oslo Børs	True	Common Stock	101	PASS				1	euronext_full_download_csv	XOSL	provider_default	2024-09-16	2026-09-14	509.0	256.5	255.6613	17149.0	254.0	4384336.0	0.07547169811320753	0.125	0.07098121085595	0.2000348735449288	-0.07233273056057865	-0.22603978300180827	14032.0	156.5	3399502.5	253.20745	True	True	True	True	True	True	2026-09-14T23:05:17.324234+00:00
2026-09-13	2026-09-14	NO0003117202-XOSL	NO0003117202	REACH	REACH SUBSEA	XOSL	Oslo Børs	True	Common Stock	101	PASS				1	euronext_full_download_csv	XOSL	provider_default	2024-09-16	2026-09-14	509.0	6.27	6.2956	201583.0	108.0	1269079.0	0.1276978417266188	0.1807909604519775	-0.05287009063444115	0.35784449626047643	-0.22592592592592597	-0.4185185185185185	282482.5	113.5	1771609.0	6.290050000000001	True	True	True	True	True	True	2026-09-14T23:05:18.215987+00:00
2026-09-13	2026-09-14	NO0003399909-XOSL	NO0003399909	ODF	ODFJELL SER. A	XOSL	Oslo Børs	True	Common Stock	101	PASS				1	euronext_full_download_csv	XOSL	provider_default	2024-09-16	2026-09-14	509.0	126.2	126.2379	76798.0	395.0	9694818.0	0.13693693693693687	0.14727272727272722	0.0587248322147651	0.371818059527318	-0.10113960113960119	-0.2834757834757835	70580.5	343.0	8364892.0	117.61699999999999	True	True	True	True	True	True	2026-09-14T23:05:19.129561+00:00
2026-09-13	2026-09-14	NO0003399917-XOSL	NO0003399917	ODFB	ODFJELL SER. B	XOSL	Oslo Børs	True	Common Stock	101	PASS				1	euronext_full_download_csv	XOSL	provider_default	2024-09-16	2026-09-14	509.0	123.4	124.1574	17047.0	99.0	2116511.0	0.12797074954296161	0.14897579143389206	0.08056042031523636	0.3435549154305796	-0.08320950965824658	-0.2511144130757801	25487.5	148.0	2887536.0	116.01509999999999	True	True	True	True	True	True	2026-09-14T23:05:20.081172+00:00
2026-09-13	2026-09-14	NO0003572802-XOSL	NO0003572802	AFK	ARENDALS FOSSEKOMPANI	XOSL	Oslo Børs	True	Common Stock	101	PASS				1	euronext_full_download_csv	XOSL	provider_default	2024-09-16	2026-09-14	509.0	185.0	184.0958	60487.0	48.0	11135404.0	-0.03645833333333337	0.051136363636363535	0.11111111111111116	0.27448270258667046	-0.07960199004975121	-0.1467661691542289	5760.5	50.0	1090683.5	185.7265	True	True	True	True	True	True	2026-09-14T23:05:20.982063+00:00
2026-09-13	2026-09-14	NO0003679102-XOSL	NO0003679102	NRC	NRC GROUP	XOSL	Oslo Børs	True	Common Stock	101	PASS				1	euronext_full_download_csv	XOSL	provider_default	2024-09-16	2026-09-14	509.0	10.66	10.8863	1296033.0	509.0	14108954.0	0.27664670658682633	0.3015873015873016	0.33416770963704634	0.4165677132818266	-0.05328596802841912	-0.3241869918699186	532130.0	216.5	4797934.0	9.09695	True	True	True	True	True	True	2026-09-14T23:05:21.939209+00:00
2026-09-13	2026-09-14	NO0003733800-XOSL	NO0003733800	ORK	ORKLA	XOSL	Oslo Børs	True	Common Stock	101	PASS				1	euronext_full_download_csv	XOSL	provider_default	2024-09-16	2026-09-14	509.0	92.0	91.9995	1045004.0	1791.0	96139811.0	-0.11196911196911197	-0.08366533864541836	-0.21060222984277077	0.22218736598516448	-0.2825856237956992	-0.28960380791074125	1373678.5	1818.5	131674149.5	94.74075	True	True	True	True	True	True	2026-09-14T23:05:22.860257+00:00
2026-09-13	2026-09-14	NO0003921009-XOSL	NO0003921009	DNO	DNO	XOSL	Oslo Børs	True	Common Stock	101	PASS				1	euronext_full_download_csv	XOSL	provider_default	2024-09-16	2026-09-14	509.0	19.65	19.5254	3384042.0	1442.0	66074857.0	0.07848518111964875	0.12349914236706683	0.05024051309460176	0.25614616171291266	-0.1035583941605841	-0.26642335766423375	2603839.5	1024.0	46887538.0	18.31795	True	True	True	True	True	True	2026-09-14T23:05:23.834429+00:00
2026-09-13	2026-09-14	NO0004288200-XOSL	NO0004288200	GYL	GYLDENDAL	XOSL	Oslo Børs	True	Common Stock	101	PASS				1	euronext_full_download_csv	XOSL	provider_default	2024-09-16	2026-09-14	509.0	452.0	443.7419	31.0	4.0	13756.0	0.027272727272727337	-0.017391304347826098	0.027272727272727337	0.3641597115358168	-0.07377049180327866	-0.180327868852459	3.0	1.0	1299.0	431.28205	True	True	True	True	True	True	2026-09-14T23:05:24.466636+00:00
2026-09-13	2026-09-14	NO0004822503-XOSL	NO0004822503	ATEA	ATEA	XOSL	Oslo Børs	True	Common Stock	101	PASS				1	euronext_full_download_csv	XOSL	provider_default	2024-09-16	2026-09-14	509.0	169.0	167.6284	71724.0	322.0	12022982.0	-0.053751399776035824	0.01318944844124692	0.19519094766619505	0.23825763977022282	-0.053751399776035824	-0.16216216216216217	57703.5	328.5	9849024.5	173.65615	True	True	True	True	True	True	2026-09-14T23:05:25.417212+00:00
2026-09-13	2026-09-14	NO0004913609-XOSL	NO0004913609	GOD	GOODTECH	XOSL	Oslo Børs	True	Common Stock	101	PASS				1	euronext_full_download_csv	XOSL	provider_default	2024-09-16	2026-09-14	509.0	13.45	13.5601	53586.0	73.0	726630.0	-0.04270462633451966	0.0	0.31862745098039214	0.32122305270500223	-0.09121621621621634	-0.12761904761904763	38975.5	31.5	535791.5	13.7574	True	True	True	True	True	True	2026-09-14T23:05:26.547643+00:00
2026-09-13	2026-09-14	NO0005052605-XOSL	NO0005052605	NHY	NORSK HYDRO	XOSL	Oslo Børs	True	Common Stock	101	PASS				1	euronext_full_download_csv	XOSL	provider_default	2024-09-16	2026-09-14	509.0	86.08	86.1529	2575426.0	2607.0	221880480.0	-0.04099821746880583	-0.16142230881636632	-0.0795551753635586	0.29068389378119797	-0.2793637505232315	-0.30766010883214734	3041109.0	2900.5	283479887.0	92.85725	True	True	True	True	True	True	2026-09-14T23:05:27.479028+00:00
2026-09-13	2026-09-14	NO0005806802-XOSL	NO0005806802	VEI	VEIDEKKE	XOSL	Oslo Børs	True	Common Stock	101	PASS				1	euronext_full_download_csv	XOSL	provider_default	2024-09-16	2026-09-14	509.0	204.5	205.3743	37940.0	273.0	7791902.0	0.026606425702811354	0.11626637554585151	0.0573940020682524	0.19034954405154425	-0.04439252336448596	-0.12474645030425957	62700.0	372.0	13144488.0	207.6393	True	True	True	True	True	True	2026-09-14T23:05:28.324006+00:00
2026-09-13	2026-09-14	NO0006000603-XOSL	NO0006000603	SOGN	SOGN SPAREBANK	XOSL	Oslo Børs	True	Common Stock	101	PASS				1	euronext_full_download_csv	XOSL	provider_default	2024-09-16	2026-09-14	509.0	316.05	316.0252	301.0	8.0	95124.0	-0.024537037037037024	-0.0004743833017076815	0.01951612903225808	0.23984577966291584	-0.16828947368421054	-0.20513157894736844	26.0	2.5	8578.0	325.3044	True	True	True	True	True	True	2026-09-14T23:05:28.985520+00:00
2026-09-13	2026-09-14	NO0006000801-XOSL	NO0006000801	NONG	SPAREBANK 1 NORD-NORGE	XOSL	Oslo Børs	True	Common Stock	101	PASS				1	euronext_full_download_csv	XOSL	provider_default	2024-09-16	2026-09-14	509.0	168.96	169.8382	31995.0	219.0	5433972.0	0.011373159343948336	0.11819986763732637	0.0727619047619048	0.20006905751396623	-0.014810495626822129	-0.12318483878907216	59875.0	350.5	10102887.0	169.8339	True	True	True	True	True	True	2026-09-14T23:05:30.136883+00:00
2026-09-13	2026-09-14	NO0006000900-XOSL	NO0006000900	SBNOR	SPAREBANKEN NORGE	XOSL	Oslo Børs	True	Common Stock	101	PASS				1	euronext_full_download_csv	XOSL	provider_default	2024-09-16	2026-09-14	509.0	205.55	206.0561	66842.0	592.0	13773199.0	0.050654262931915994	0.1094019861830744	0.025187032418952704	0.1904231246763451	-0.02467378410438903	-0.14780545670225387	103445.5	632.0	20621505.0	204.91215	True	True	True	True	True	True	2026-09-14T23:05:31.219214+00:00
2026-09-13	2026-09-14	NO0006001007-XOSL	NO0006001007	ROGS	ROGALAND SPAREBANK	XOSL	Oslo Børs	True	Common Stock	101	PASS				1	euronext_full_download_csv	XOSL	provider_default	2024-09-16	2026-09-14	509.0	153.68	152.6224	5058.0	30.0	771964.0	0.01815290844043993	0.05767377838953891	-0.01864623243933583	0.16438376641464142	-0.033459119496855316	-0.09433962264150941	2853.5	22.0	429540.5	150.38260000000002	True	True	True	True	True	True	2026-09-14T23:05:32.093893+00:00
2026-09-13	2026-09-14	NO0006001601-XOSL	NO0006001601	AURG	AURSKOG SPAREBANK	XOSL	Oslo Børs	True	Common Stock	101	PASS				1	euronext_full_download_csv	XOSL	provider_default	2024-09-16	2026-09-14	509.0	258.9	257.7885	78.0	4.0	20108.0	0.01529411764705868	0.007589025102159974	-0.04075583549462769	0.09882495252154674	-0.04376731301939063	-0.07294552169898427	883.5	4.5	225034.0	253.9727	True	True	True	True	True	True	2026-09-14T23:05:32.836029+00:00
2026-09-13	2026-09-14	NO0006001809-XOSL	NO0006001809	SKUE	SKUE SPAREBANK	XOSL	Oslo Børs	True	Common Stock	101	PASS				1	euronext_full_download_csv	XOSL	provider_default	2024-09-16	2026-09-14	509.0	329.95	330.0961	115.0	5.0	37961.0	-0.006174698795180733	0.011961355620303538	-0.0613086770981508	0.16285827675069803	-0.09341942574529472	-0.10702019508174199	702.5	11.0	231454.0	329.2994	True	True	True	True	True	True	2026-09-14T23:05:33.494816+00:00
2026-09-13	2026-09-14	NO0006001908-XOSL	NO0006001908	MELG	MELHUS SPAREBANK	XOSL	Oslo Børs	True	Common Stock	101	PASS				1	euronext_full_download_csv	XOSL	provider_default	2024-09-16	2026-09-14	509.0	184.02	183.9824	153.0	3.0	28149.0	-0.002601626016260128	0.0002174149364062572	-0.08900990099009898	0.18640173088061385	-0.10234146341463413	-0.13560975609756099	128.0	3.0	23498.0	182.0423	True	True	True	True	True	True	2026-09-14T23:05:34.366834+00:00
2026-09-13	2026-09-14	NO0006222009-XOSL	NO0006222009	SPOG	SPAREBANKEN ØST	XOSL	Oslo Børs	True	Common Stock	101	PASS				1	euronext_full_download_csv	XOSL	provider_default	2024-09-16	2026-09-14	509.0	71.75	71.9147	19351.0	55.0	1391621.0	-0.017123287671232834	-0.027118644067796627	-0.13699783497714701	0.13326905884863705	-0.1723382166339832	-0.18594993655554282	11025.5	50.5	787316.0	71.69624999999999	True	True	True	True	True	True	2026-09-14T23:05:35.263110+00:00
2026-09-13	2026-09-14	NO0006390301-XOSL	NO0006390301	MING	SPAREBANK 1 SMN	XOSL	Oslo Børs	True	Common Stock	101	PASS				1	euronext_full_download_csv	XOSL	provider_default	2024-09-16	2026-09-14	509.0	213.0	213.8828	93986.0	370.0	20101989.0	0.05419450631031908	0.12117064954205703	0.025270758122743597	0.17865443365593597	-0.014117102522564262	-0.12440281030444966	92684.0	541.0	19688862.5	212.23575	True	True	True	True	True	True	2026-09-14T23:05:36.209788+00:00
2026-09-13	2026-09-14	NO0006390400-XOSL	NO0006390400	RING	SPAREBANK 1 RINGERIKE HADELAND	XOSL	Oslo Børs	True	Common Stock	101	PASS				1	euronext_full_download_csv	XOSL	provider_default	2024-09-16	2026-09-14	509.0	439.15	436.8151	106.0	4.0	46302.0	-0.013146067415730434	0.023659673659673697	-0.05439760023918383	0.15312772390571555	-0.05829700169613761	-0.10901150906238222	379.5	9.0	166716.5	439.1198	True	True	True	True	True	True	2026-09-14T23:05:36.961576+00:00
2026-09-13	2026-09-14	NO0010000045-XOSL	NO0010000045	PHO	PHOTOCURE	XOSL	Oslo Børs	True	Common Stock	101	PASS				1	euronext_full_download_csv	XOSL	provider_default	2024-09-16	2026-09-14	509.0	51.5	51.5841	62199.0	200.0	3208478.0	-0.08849557522123896	-0.14593698175787728	-0.21493902439024382	0.30964354976734	-0.3481012658227848	-0.3911392405063291	57679.0	182.0	3082838.5	53.99925	True	True	True	True	True	True	2026-09-14T23:05:37.877426+00:00
2026-09-13	2026-09-14	NO0010001118-XOSL	NO0010001118	ITERA	ITERA	XOSL	Oslo Børs	True	Common Stock	101	PASS				1	euronext_full_download_csv	XOSL	provider_default	2024-09-16	2026-09-14	509.0	6.0	6.0101	18675.0	10.0	112239.0	-0.05660377358490576	-0.07692307692307687	-0.21875	0.4188353149454835	-0.3023255813953488	-0.32093023255813957	14340.5	8.5	90584.5	6.1924	True	True	True	True	True	True	2026-09-14T23:05:38.714036+00:00
2026-09-13	2026-09-14	NO0010012636-XOSL	NO0010012636	HSPG	HØLAND OG SETSKOG SPAREBANK	XOSL	Oslo Børs	True	Common Stock	101	PASS				1	euronext_full_download_csv	XOSL	provider_default	2024-09-16	2026-09-14	509.0	121.1	0.0	0.0	0.0	0.0	-0.15902777777777777	-0.17619047619047623	-0.1593780369290574	0.5450286856007467	-0.2876470588235295	-0.3058823529411765	25.0	1.0	3627.5	60.04075	True	True	True	True	True	True	2026-09-14T23:05:39.281855+00:00
2026-09-13	2026-09-14	NO0010014632-XOSL	NO0010014632	AZT	ARCTICZYMES TECHNOLOGIES	XOSL	Oslo Børs	True	Common Stock	101	PASS				1	euronext_full_download_csv	XOSL	provider_default	2024-09-16	2026-09-14	509.0	20.6	21.0234	15229.0	32.0	320166.0	-0.028301886792452713	0.02487562189054726	0.009803921568627638	0.3551433603017718	-0.33333333333333326	-0.3964401294498382	20105.5	48.0	420720.5	21.028799999999997	True	True	True	True	True	True	2026-09-14T23:05:40.024157+00:00
2026-09-13	2026-09-14	NO0010029804-XOSL	NO0010029804	HELG	SPAREBANK 1 HELGELAND	XOSL	Oslo Børs	True	Common Stock	101	PASS				1	euronext_full_download_csv	XOSL	provider_default	2024-09-16	2026-09-14	509.0	171.0	170.5601	867.0	8.0	147876.0	0.09503073770491799	0.1005277384476766	0.00588235294117645	0.3799998673229227	-0.07567567567567568	-0.18118918918918925	2677.0	16.0	447116.5	171.75695	True	True	True	True	True	True	2026-09-14T23:05:40.841667+00:00
2026-09-13	2026-09-14	NO0010040611-XOSL	NO0010040611	OTEC	OTELLO CORPORATION	XOSL	Oslo Børs	True	Common Stock	101	PASS				1	euronext_full_download_csv	XOSL	provider_default	2024-09-16	2026-09-14	509.0	18.38	18.2393	27633.0	46.0	504006.0	0.06860465116279069	0.08244994110718484	0.0748538011695905	0.24812791978307258	-0.0878411910669975	-0.17022332506203475	34875.5	48.0	628976.5	17.6649	True	True	True	True	True	True	2026-09-14T23:05:41.531584+00:00
2026-09-13	2026-09-14	NO0010063308-XOSL	NO0010063308	TEL	TELENOR	XOSL	Oslo Børs	True	Common Stock	101	PASS				1	euronext_full_download_csv	XOSL	provider_default	2024-09-16	2026-09-14	509.0	135.8	135.607	1632539.0	1927.0	221383718.0	0.008915304606240904	-0.06666666666666654	-0.21138211382113814	0.2997963433232266	-0.23320158102766786	-0.2755505364201015	1657224.5	1791.0	223313965.5	134.84910000000002	True	True	True	True	True	True	2026-09-14T23:05:42.391511+00:00
2026-09-13	2026-09-14	NO0010073489-XOSL	NO0010073489	AUSS	AUSTEVOLL SEAFOOD	XOSL	Oslo Børs	True	Common Stock	101	PASS				1	euronext_full_download_csv	XOSL	provider_default	2024-09-16	2026-09-14	509.0	84.8	85.0279	85819.0	355.0	7297008.0	-0.025287356321839094	0.013142174432496878	-0.17988394584139267	0.21292178013452379	-0.1954459203036054	-0.26470588235294124	126306.5	441.5	10887158.0	85.7463	True	True	True	True	True	True	2026-09-14T23:05:43.246339+00:00
2026-09-13	2026-09-14	NO0010081235-XOSL	NO0010081235	NEL	NEL	XOSL	Oslo Børs	True	Common Stock	101	PASS				1	euronext_full_download_csv	XOSL	provider_default	2024-09-16	2026-09-14	509.0	2.07	2.0607	3938234.0	447.0	8115396.0	-0.05045871559633042	-0.1498973305954826	-0.10078192875760217	0.2676510725658196	-0.4616384915474643	-0.46814044213263983	1526201.5	233.0	3210283.5	2.09915	True	True	True	True	True	True	2026-09-14T23:05:44.076984+00:00
2026-09-13	2026-09-14	NO0010096985-XOSL	NO0010096985	EQNR	EQUINOR	XOSL	Oslo Børs	True	Common Stock	101	PASS				1	euronext_full_download_csv	XOSL	provider_default	2024-09-16	2026-09-14	509.0	423.8	422.5797	2774809.0	10386.0	1172577974.0	0.09849663037843448	0.3124806441622794	0.19346662911855805	0.313864119518894	0.0	-0.2654614652711702	2143411.0	6730.0	842181754.0	399.08164999999997	True	True	True	True	True	True	2026-09-14T23:05:45.108764+00:00
2026-09-13	2026-09-14	NO0010098247-XOSL	NO0010098247	STRO	STRONGPOINT	XOSL	Oslo Børs	True	Common Stock	101	PASS				1	euronext_full_download_csv	XOSL	provider_default	2024-09-16	2026-09-14	509.0	9.56	9.536	41581.0	23.0	396515.0	-0.06274509803921557	-0.09811320754716979	-0.04399999999999993	0.2471128403791421	-0.13484162895927598	-0.15412844036697249	14154.0	14.5	135890.0	9.580549999999999	True	True	True	True	True	True	2026-09-14T23:05:45.849807+00:00
2026-09-13	2026-09-14	NO0010159684-XOSL	NO0010159684	MEDI	MEDISTIM	XOSL	Oslo Børs	True	Common Stock	101	PASS				1	euronext_full_download_csv	XOSL	provider_default	2024-09-16	2026-09-14	509.0	246.0	247.2658	9872.0	122.0	2441008.0	0.029288702928870203	0.07894736842105265	0.18840579710144922	0.24989877991715367	-0.1338028169014085	-0.3380281690140845	9974.0	142.0	2539416.5	248.80915	True	True	True	True	True	True	2026-09-14T23:05:46.574037+00:00
2026-09-13	2026-09-14	NO0010161896-XOSL	NO0010161896	DNB	DNB BANK ASA	XOSL	Oslo Børs	True	Common Stock	101	PASS				1	euronext_full_download_csv	XOSL	provider_default	2024-09-16	2026-09-14	509.0	312.7	313.7853	1347446.0	4007.0	422808790.0	-0.0012775471095497481	0.07420130539333547	0.06905982905982899	0.11387963507023378	-0.024945431867789192	-0.11640550047969289	1240026.5	2191.0	389814632.5	316.2029	True	True	True	True	True	True	2026-09-14T23:05:47.394890+00:00
2026-09-13	2026-09-14	NO0010187032-XOSL	NO0010187032	MGN	MAGNORA	XOSL	Oslo Børs	True	Common Stock	101	PASS				1	euronext_full_download_csv	XOSL	provider_default	2024-09-16	2026-09-14	509.0	21.35	21.4216	297275.0	363.0	6368115.0	-0.08172043010752683	-0.09725158562367853	-0.1029411764705882	0.25432009387155935	-0.362686567164179	-0.362686567164179	453861.5	468.0	9869027.0	22.409550000000003	True	True	True	True	True	True	2026-09-14T23:05:48.244272+00:00
2026-09-13	2026-09-14	NO0010196140-XOSL	NO0010196140	NAS	NORWEGIAN AIR SHUTTLE	XOSL	Oslo Børs	True	Common Stock	101	PASS				1	euronext_full_download_csv	XOSL	provider_default	2024-09-16	2026-09-14	509.0	11.99	12.1034	6864289.0	2458.0	83081167.0	-0.09917355371900827	-0.22117570639818118	-0.19691895512391155	0.2741950699134808	-0.3329624478442281	-0.3329624478442281	4814885.0	1404.5	62292754.0	12.829350000000002	True	True	True	True	True	True	2026-09-14T23:05:49.266607+00:00
2026-09-13	2026-09-14	NO0010205966-XOSL	NO0010205966	NAVA	NAVAMEDIC	XOSL	Oslo Børs	True	Common Stock	101	PASS				1	euronext_full_download_csv	XOSL	provider_default	2024-09-16	2026-09-14	509.0	13.5	13.5409	65389.0	43.0	885425.0	-0.18674698795180733	-0.1964285714285715	-0.3414634146341463	0.3390451124669846	-0.4807692307692307	-0.4807692307692307	47447.0	40.5	655306.0	14.17375	True	True	True	True	True	True	2026-09-14T23:05:50.224340+00:00
2026-09-13	2026-09-14	NO0010208051-XOSL	NO0010208051	YAR	YARA INTERNATIONAL	XOSL	Oslo Børs	True	Common Stock	101	PASS				1	euronext_full_download_csv	XOSL	provider_default	2024-09-16	2026-09-14	509.0	460.9	460.2564	314172.0	1652.0	144599659.0	0.10184078412622521	0.014751210920299407	-0.17163910855499642	0.3232592324285271	-0.22771447721179627	-0.3026139410187667	526081.0	2551.5	232791319.5	455.4053	True	True	True	True	True	True	2026-09-14T23:05:51.165494+00:00
2026-09-13	2026-09-14	NO0010209331-XOSL	NO0010209331	PROT	PROTECTOR FORSIKRING	XOSL	Oslo Børs	True	Common Stock	101	PASS				1	euronext_full_download_csv	XOSL	provider_default	2024-09-16	2026-09-14	509.0	449.8	452.7066	93089.0	1057.0	42142003.0	-0.11369458128078813	-0.06989247311827962	-0.15132075471698114	0.23716814081270882	-0.19100719424460433	-0.2097122302158274	62633.0	678.0	29348192.5	475.7428	True	True	True	True	True	True	2026-09-14T23:05:51.913044+00:00
2026-09-13	2026-09-14	NO0010215684-XOSL	NO0010215684	AKAST	AKASTOR	XOSL	Oslo Børs	True	Common Stock	101	PASS				1	euronext_full_download_csv	XOSL	provider_default	2024-09-16	2026-09-14	509.0	13.14	13.1069	230669.0	250.0	3023344.0	-0.0811188811188811	0.04120443740095103	-0.10733695652173914	0.34798770324913736	-0.17358490566037732	-0.2465408805031446	442550.5	267.0	6091024.0	13.473199999999999	True	True	True	True	True	True	2026-09-14T23:05:52.820223+00:00
2026-09-13	2026-09-14	NO0010234552-XOSL	NO0010234552	AKER	AKER	XOSL	Oslo Børs	True	Common Stock	101	PASS				1	euronext_full_download_csv	XOSL	provider_default	2024-09-16	2026-09-14	509.0	1494.0	1498.5777	200174.0	2802.0	299976294.0	0.03750000000000009	0.312829525483304	0.35818181818181816	0.3847712634093338	-0.08004926108374388	-0.15558912386706947	109710.0	1546.5	166472820.0	1561.8539500000002	True	True	True	True	True	True	2026-09-14T23:05:53.604384+00:00
2026-09-13	2026-09-14	NO0010257728-XOSL	NO0010257728	HAVI	HAVILA SHIPPING	XOSL	Oslo Børs	True	Common Stock	101	PASS				1	euronext_full_download_csv	XOSL	provider_default	2024-09-16	2026-09-14	509.0	1.12	1.1158	41385.0	27.0	46178.0	-0.0344827586206895	-0.0705394190871369	0.0980392156862746	0.4970152569159304	-0.3690140845070422	-0.4411347517730496	122152.0	22.0	135098.5	1.1043500000000002	True	True	True	True	True	True	2026-09-14T23:05:54.314091+00:00
2026-09-13	2026-09-14	NO0010263023-XOSL	NO0010263023	EIOF	EIDESVIK OFFSHORE	XOSL	Oslo Børs	True	Common Stock	101	PASS				1	euronext_full_download_csv	XOSL	provider_default	2024-09-16	2026-09-14	509.0	17.15	17.1513	1616.0	3.0	27717.0	0.008823529411764675	0.1433333333333333	0.1282894736842104	0.31904768495640956	-0.04189944134078216	-0.1807909604519774	10527.0	16.0	181540.0	17.25205	True	True	True	True	True	True	2026-09-14T23:05:55.117143+00:00
2026-09-13	2026-09-14	NO0010285562-XOSL	NO0010285562	SOAG	SPAREBANK 1 ØSTFOLD AKERSHUS	XOSL	Oslo Børs	True	Common Stock	101	PASS				1	euronext_full_download_csv	XOSL	provider_default	2024-09-16	2026-09-14	509.0	442.0	442.0	26.0	2.0	11492.0	-0.008968609865470878	0.0021539507992289764	-0.02857142857142858	0.22705708328966806	-0.06947368421052635	-0.10526315789473684	705.0	8.0	313329.0	444.05415000000005	True	True	True	True	True	True	2026-09-14T23:05:55.877945+00:00
2026-09-13	2026-09-14	NO0010310956-XOSL	NO0010310956	SALM	SALMAR	XOSL	Oslo Børs	True	Common Stock	101	PASS				1	euronext_full_download_csv	XOSL	provider_default	2024-09-16	2026-09-14	509.0	572.0	573.5164	137906.0	925.0	79091359.0	0.10531400966183568	0.061224489795918435	-0.03946263643996639	0.32718775984577353	-0.08038585209003213	-0.27266881028938905	153317.5	1065.0	85456143.5	561.2869499999999	True	True	True	True	True	True	2026-09-14T23:05:56.776673+00:00
2026-09-13	2026-09-14	NO0010345853-XOSL	NO0010345853	AKRBP	AKER BP	XOSL	Oslo Børs	True	Common Stock	101	PASS				1	euronext_full_download_csv	XOSL	provider_default	2024-09-16	2026-09-14	509.0	368.5	366.6576	801114.0	4272.0	293734507.0	0.06626157407407396	0.15481040426198667	0.07843137254901955	0.22883606493793446	0.0	-0.18729552889858225	783364.0	2864.5	281129655.0	356.16445	True	True	True	True	True	True	2026-09-14T23:05:57.566579+00:00
2026-09-13	2026-09-14	NO0010358484-XOSL	NO0010358484	VOIM	VOIM ASA	XOSL	Oslo Børs	True	Common Stock	101	PASS				1	euronext_full_download_csv	XOSL	provider_default	2024-09-16	2026-09-14	509.0	0.342	0.3477	724713.0	42.0	251999.0	-0.5014577259475219	0.838709677419355	0.15540540540540548	2.6569873621646347	-0.7548387096774194	-0.8996415770609318	1212645.5	91.0	511121.5	0.3686	True	True	True	True	True	True	2026-09-14T23:05:58.406217+00:00
2026-09-13	2026-09-14	NO0010359433-XOSL	NO0010359433	JAREN	JÆREN SPAREBANK	XOSL	Oslo Børs	True	Common Stock	101	PASS				1	euronext_full_download_csv	XOSL	provider_default	2024-09-16	2026-09-14	509.0	334.95	334.95	22.0	1.0	7369.0	-0.011946902654867309	-0.0063779293978049045	-0.06044880785413753	0.1312043289377722	-0.1407131862493587	-0.16598255515649052	293.5	5.5	98549.0	334.15	True	True	True	True	True	True	2026-09-14T23:05:59.082086+00:00
2026-09-13	2026-09-14	NO0010360266-XOSL	NO0010360266	BOUV	BOUVET	XOSL	Oslo Børs	True	Common Stock	101	PASS				1	euronext_full_download_csv	XOSL	provider_default	2024-09-16	2026-09-14	509.0	48.9	48.8676	74355.0	198.0	3633554.0	0.12155963302752282	0.10383747178329572	-0.02589641434262957	0.392007494753734	-0.27555555555555555	-0.36962962962962964	99509.0	267.5	4891055.5	49.21925	True	True	True	True	True	True	2026-09-14T23:05:59.700876+00:00
2026-09-13	2026-09-14	NO0010365521-XOSL	NO0010365521	GSF	GRIEG SEAFOOD	XOSL	Oslo Børs	True	Common Stock	101	PASS				1	euronext_full_download_csv	XOSL	provider_default	2024-09-16	2026-09-14	509.0	26.5	26.584	256490.0	382.0	6818543.0	-0.11252511721366376	-0.10834454912516822	-0.2831521633426253	0.2727282538065317	-0.3222864316756673	-0.3222864316756673	299843.0	390.5	8256920.0	29.0817	True	True	True	True	True	True	2026-09-14T23:06:00.460592+00:00
2026-09-13	2026-09-14	NO0010379266-XOSL	NO0010379266	BNOR	BLUENORD ASA	XOSL	Oslo Børs	True	Common Stock	101	PASS				1	euronext_full_download_csv	XOSL	provider_default	2024-09-16	2026-09-14	509.0	602.0	598.805	138005.0	899.0	82638082.0	0.14015151515151514	0.13370998116760835	0.11491135787980444	0.39180060124101884	-0.0016583747927031434	-0.20895522388059706	133704.0	1015.5	74525820.5	556.31205	True	True	True	True	True	True	2026-09-14T23:06:01.255946+00:00
2026-09-13	2026-09-14	NO0010397581-XOSL	NO0010397581	PARB	PARETO BANK	XOSL	Oslo Børs	True	Common Stock	101	PASS				1	euronext_full_download_csv	XOSL	provider_default	2024-09-16	2026-09-14	509.0	55.1	55.5461	41125.0	156.0	2284334.0	-0.10114192495921692	-0.2206506364922206	-0.34326579261025036	0.2716434245624239	-0.40943193997856375	-0.40943193997856375	74518.0	242.5	4472310.5	58.881	True	True	True	True	True	True	2026-09-14T23:06:01.863399+00:00
2026-09-13	2026-09-14	NO0010466022-XOSL	NO0010466022	POL	POLARIS MEDIA	XOSL	Oslo Børs	True	Common Stock	101	PASS				1	euronext_full_download_csv	XOSL	provider_default	2024-09-16	2026-09-14	509.0	62.4	62.4	820.0	3.0	51168.0	0.026315789473684292	0.040000000000000036	-0.017322834645669305	0.3612945797746246	-0.017322834645669305	-0.19999999999999996	1149.0	8.5	71547.5	60.7551	True	True	True	True	True	True	2026-09-14T23:06:02.496841+00:00
2026-09-13	2026-09-14	NO0010564701-XOSL	NO0010564701	PEN	PANORO ENERGY	XOSL	Oslo Børs	True	Common Stock	101	PASS				1	euronext_full_download_csv	XOSL	provider_default	2024-09-16	2026-09-14	509.0	32.35	31.9824	740846.0	519.0	23694062.0	0.145132743362832	0.10598290598290605	0.02861685214626397	0.3267809189853171	-0.10263522884882093	-0.32177531206657417	745381.0	600.0	22343924.5	29.6528	True	True	True	True	True	True	2026-09-14T23:06:03.347419+00:00
2026-09-13	2026-09-14	NO0010571680-XOSL	NO0010571680	WAWI	WALLENIUS WILHELMSEN	XOSL	Oslo Børs	True	Common Stock	101	PASS				1	euronext_full_download_csv	XOSL	provider_default	2024-09-16	2026-09-14	509.0	176.7	176.3078	342401.0	1198.0	60367963.0	0.10032477327985512	0.36326382796613443	0.4940189778458206	0.32805279999074083	0.0	-0.21387881879124915	501083.5	1005.5	80716436.5	164.13845	True	True	True	True	True	True	2026-09-14T23:06:04.085316+00:00
2026-09-13	2026-09-14	NO0010571698-XOSL	NO0010571698	WWI	WILH. WILHELMSEN HOLDING SER. A	XOSL	Oslo Børs	True	Common Stock	101	PASS				1	euronext_full_download_csv	XOSL	provider_default	2024-09-16	2026-09-14	509.0	851.0	854.7986	12148.0	328.0	10384094.0	0.05977584059775842	0.22799422799422797	0.14228187919463098	0.1955319465486753	0.0	-0.17161290322580647	12402.5	295.5	10309807.0	816.6724	True	True	True	True	True	True	2026-09-14T23:06:04.912555+00:00
2026-09-13	2026-09-14	NO0010572589-XOSL	NO0010572589	SAGA	SAGA PURE	XOSL	Oslo Børs	True	Common Stock	101	PASS				1	euronext_full_download_csv	XOSL	provider_default	2024-09-16	2026-09-14	509.0	1.55	1.5447	49834.0	20.0	76980.0	0.009771986970684043	-0.0064102564102563875	0.03333333333333344	0.17392710720832477	-0.08554572271386429	-0.15634218289085555	34391.0	11.0	52625.0	1.5375	True	True	True	True	True	True	2026-09-14T23:06:05.628591+00:00
2026-09-13	2026-09-14	NO0010576010-XOSL	NO0010576010	WWIB	WILH. WILHELMSEN HOLDING SER. B	XOSL	Oslo Børs	True	Common Stock	101	PASS				1	euronext_full_download_csv	XOSL	provider_default	2024-09-16	2026-09-14	509.0	802.0	798.7848	3550.0	128.0	2835686.0	0.07219251336898402	0.32561983471074374	0.24922118380062308	0.2166730224192788	0.0	-0.17180616740088106	3918.5	133.5	3040341.5	759.7179	True	True	True	True	True	True	2026-09-14T23:06:06.498740+00:00
2026-09-13	2026-09-14	NO0010582521-XOSL	NO0010582521	GJF	GJENSIDIGE FORSIKRING	XOSL	Oslo Børs	True	Common Stock	101	PASS				1	euronext_full_download_csv	XOSL	provider_default	2024-09-16	2026-09-14	509.0	277.0	277.978	213036.0	1048.0	59219331.0	-0.023960535588442577	0.041353383458646586	0.04961296942708571	0.15842374469284543	-0.06577494154095131	-0.18449234969170403	198880.0	759.0	56219251.5	281.3626	True	True	True	True	True	True	2026-09-14T23:06:07.307753+00:00
2026-09-13	2026-09-14	NO0010597883-XOSL	NO0010597883	TRMED	THOR MEDICAL ASA	XOSL	Oslo Børs	True	Common Stock	101	PASS				1	euronext_full_download_csv	XOSL	provider_default	2024-09-16	2026-09-14	509.0	4.75	4.7486	2353836.0	620.0	11177317.0	-0.2148760330578512	0.18012422360248426	0.004228329809724984	0.8326931399201857	-0.3194842406876791	-0.32664756446991405	6071237.0	1164.0	34456780.5	5.7353000000000005	True	True	True	True	True	True	2026-09-14T23:06:08.075285+00:00
2026-09-13	2026-09-14	NO0010598683-XOSL	NO0010598683	HBC	HOFSETH BIOCARE	XOSL	Oslo Børs	True	Common Stock	101	PASS				1	euronext_full_download_csv	XOSL	provider_default	2024-09-16	2026-09-14	509.0	1.3	1.3429	53460.0	13.0	71792.0	-0.022556390977443663	0.14035087719298267	-0.03703703703703709	0.6282967827825252	-0.375	-0.4639423076923077	28172.5	11.0	37478.0	1.3373	True	True	True	True	True	True	2026-09-14T23:06:08.809015+00:00
2026-09-13	2026-09-14	NO0010609662-XOSL	NO0010609662	WSTEP	WEBSTEP	XOSL	Oslo Børs	True	Common Stock	101	PASS				1	euronext_full_download_csv	XOSL	provider_default	2024-09-16	2026-09-14	509.0	13.0	12.7535	2519.0	9.0	32126.0	-0.16129032258064513	-0.0714285714285714	-0.26136363636363646	0.4968207512875959	-0.4196428571428571	-0.4330357142857143	15759.5	19.5	212212.0	13.872900000000001	True	True	True	True	True	True	2026-09-14T23:06:09.446636+00:00
2026-09-13	2026-09-14	NO0010612450-XOSL	NO0010612450	SBO	SELVAAG BOLIG	XOSL	Oslo Børs	True	Common Stock	101	PASS				1	euronext_full_download_csv	XOSL	provider_default	2024-09-16	2026-09-14	509.0	32.65	32.8062	16823.0	48.0	551898.0	-0.0075987841945288626	-0.010606060606060619	-0.03545051698670609	0.18001238772320527	-0.13395225464190996	-0.1472148541114059	27891.5	55.0	913451.5	32.7576	True	True	True	True	True	True	2026-09-14T23:06:10.141595+00:00
2026-09-13	2026-09-14	NO0010631567-XOSL	NO0010631567	SB1NO	SPAREBANK 1 SØR-NORGE ASA	XOSL	Oslo Børs	True	Common Stock	101	PASS				1	euronext_full_download_csv	XOSL	provider_default	2024-09-16	2026-09-14	509.0	223.5	225.0093	133872.0	804.0	30122443.0	0.022883295194507935	0.16893305439330542	0.11194029850746268	0.16839256225216545	-0.01758241758241763	-0.16099773242630389	145064.0	584.0	32225493.5	224.32415	True	True	True	True	True	True	2026-09-14T23:06:10.826486+00:00
2026-09-13	2026-09-14	NO0010633951-XOSL	NO0010633951	B2I	B2 Impact ASA	XOSL	Oslo Børs	True	Common Stock	101	PASS				1	euronext_full_download_csv	XOSL	provider_default	2024-09-16	2026-09-14	509.0	25.25	25.5448	393941.0	555.0	10063126.0	-0.043560606060605966	0.13995485327313784	0.060924369747899165	0.2635735738563662	-0.07678244972577697	-0.1621093750000001	382815.5	541.0	10074416.5	26.29175	True	True	True	True	True	True	2026-09-14T23:06:11.566554+00:00
2026-09-13	2026-09-14	NO0010657505-XOSL	NO0010657505	BRG	BORREGAARD	XOSL	Oslo Børs	True	Common Stock	101	PASS				1	euronext_full_download_csv	XOSL	provider_default	2024-09-16	2026-09-14	509.0	146.0	146.9155	79321.0	441.0	11653483.0	-0.0840652446675032	0.03546099290780136	-0.14117647058823535	0.21744493154758304	-0.2692692692692693	-0.30730730730730726	70622.0	280.0	11235741.0	156.50785	True	True	True	True	True	True	2026-09-14T23:06:12.344566+00:00
2026-09-13	2026-09-14	NO0010691660-XOSL	NO0010691660	SNOR	SPAREBANK 1 NORDMØRE	XOSL	Oslo Børs	True	Common Stock	101	PASS				1	euronext_full_download_csv	XOSL	provider_default	2024-09-16	2026-09-14	509.0	182.52	185.9941	5209.0	11.0	968844.0	0.008397790055248766	0.010631229235880557	-0.013405405405405357	0.1969868734694364	-0.13865030674846623	-0.16847569608305812	361.5	4.5	66860.0	184.7211	True	True	True	True	True	True	2026-09-14T23:06:12.991408+00:00
2026-09-13	2026-09-14	NO0010708068-XOSL	NO0010708068	VOW	VOW	XOSL	Oslo Børs	True	Common Stock	101	PASS				1	euronext_full_download_csv	XOSL	provider_default	2024-09-16	2026-09-14	509.0	2.5	2.5121	955761.0	172.0	2400977.0	0.07526881720430101	0.12866817155756216	0.028806584362139898	0.33423652299862044	-0.25149700598802394	-0.3772455089820359	1218747.0	173.0	3022015.5	2.40715	True	True	True	True	True	True	2026-09-14T23:06:13.731912+00:00
2026-09-13	2026-09-14	NO0010708605-XOSL	NO0010708605	EQVA	EQVA ASA	XOSL	Oslo Børs	True	Common Stock	101	PASS				1	euronext_full_download_csv	XOSL	provider_default	2024-09-16	2026-09-14	509.0	2.93	2.9852	18707.0	12.0	55845.0	-0.05787781350482302	-0.042483660130718914	-0.03934426229508181	0.3631659231792762	-0.39835728952772076	-0.42505133470225875	42106.5	14.0	127742.0	3.0484999999999998	True	True	True	True	True	True	2026-09-14T23:06:14.424763+00:00
2026-09-13	2026-09-14	NO0010708910-XOSL	NO0010708910	ZAL	ZALARIS	XOSL	Oslo Børs	True	Common Stock	101	PASS				1	euronext_full_download_csv	XOSL	provider_default	2024-09-16	2026-09-14	509.0	100.0	100.4187	1488.0	14.0	149423.0	0.030927835051546282	-0.014778325123152691	0.020408163265306145	0.46700338047849965	-0.09909909909909909	-0.2436440677966102	728.5	8.5	74723.0	100.4923	True	True	True	True	True	True	2026-09-14T23:06:15.012072+00:00
2026-09-13	2026-09-14	NO0010713571-XOSL	NO0010713571	STECH	SOILTECH ASA	XOSL	Oslo Børs	True	Common Stock	101	PASS				1	euronext_full_download_csv	XOSL	provider_default	2024-09-16	2026-09-14	509.0	84.0	82.964	12282.0	39.0	1018964.0	-0.023255813953488413	-0.01869158878504662	0.050000000000000044	0.17227233152397178	-0.08695652173913049	-0.16956521739130426	11555.0	39.5	969017.5	86.20060000000001	True	True	True	True	True	True	2026-09-14T23:06:15.543657+00:00
2026-09-13	2026-09-14	NO0010713936-XOSL	NO0010713936	ZAP	ZAPTEC ASA	XOSL	Oslo Børs	True	Common Stock	101	PASS				1	euronext_full_download_csv	XOSL	provider_default	2024-09-16	2026-09-14	509.0	54.2	54.8549	627284.0	995.0	34409620.0	0.092741935483871	0.1163748712667354	0.9132602632646123	0.3964115728678883	-0.04912280701754379	-0.3257229906499258	573419.5	846.5	29562414.0	50.544	True	True	True	True	True	True	2026-09-14T23:06:16.363143+00:00
2026-09-13	2026-09-14	NO0010714785-XOSL	NO0010714785	NYKD	NYKODE THERAPEUTICS ASA	XOSL	Oslo Børs	True	Common Stock	101	PASS				1	euronext_full_download_csv	XOSL	provider_default	2024-09-16	2026-09-14	509.0	3.86	3.8843	1288557.0	307.0	5005091.0	0.14032496307237818	0.2312599681020735	0.3067027758970886	1.2967320994140714	-0.22645290581162325	-0.29711637487126674	2515436.0	582.5	11220780.0	4.16305	True	True	True	True	True	True	2026-09-14T23:06:17.486245+00:00
2026-09-13	2026-09-14	NO0010715139-XOSL	NO0010715139	SCATC	SCATEC ASA	XOSL	Oslo Børs	True	Common Stock	101	PASS				1	euronext_full_download_csv	XOSL	provider_default	2024-09-16	2026-09-14	509.0	96.9	96.3727	511829.0	1490.0	49326338.0	-0.02318548387096775	0.006230529595015577	-0.17391304347826075	0.25037716252361225	-0.2859248341930729	-0.33198231392778177	470413.0	1141.5	46946783.5	97.3798	True	True	True	True	True	True	2026-09-14T23:06:18.200232+00:00
2026-09-13	2026-09-14	NO0010715394-XOSL	NO0010715394	AQUA	AQUALIS ASA	XOSL	Oslo Børs	True	Common Stock	101	PASS				1	euronext_full_download_csv	XOSL	provider_default	2024-09-16	2026-09-14	509.0	8.7	8.7575	26678.0	19.0	233633.0	-0.006849315068493178	-0.04395604395604402	-0.2532188841201718	0.16128272958944362	-0.28099173553719015	-0.28760330578512405	76862.0	39.0	674106.5	8.78555	True	True	True	True	True	True	2026-09-14T23:06:19.044848+00:00
2026-09-13	2026-09-14	NO0010716418-XOSL	NO0010716418	ENTRA	ENTRA	XOSL	Oslo Børs	True	Common Stock	101	PASS				1	euronext_full_download_csv	XOSL	provider_default	2024-09-16	2026-09-14	509.0	100.6	100.9635	73699.0	238.0	7440912.0	-0.06156716417910457	-0.009842519685039353	-0.09205776173285196	0.16433451207949235	-0.1900161030595814	-0.1900161030595814	55545.0	244.0	5805390.0	104.59725	True	True	True	True	True	True	2026-09-14T23:06:19.737740+00:00
2026-09-13	2026-09-14	NO0010716582-XOSL	NO0010716582	AKSO	AKER SOLUTIONS	XOSL	Oslo Børs	True	Common Stock	101	PASS				1	euronext_full_download_csv	XOSL	provider_default	2024-09-16	2026-09-14	509.0	40.82	40.9305	231063.0	670.0	9457524.0	-0.055529847292919876	-0.10403863037752414	0.11812589171704002	0.2502092083567356	-0.11873920552677031	-0.1564935063269577	365792.5	665.0	15731772.0	42.966	True	True	True	True	True	True	2026-09-14T23:06:20.394546+00:00
2026-09-13	2026-09-14	NO0010722283-XOSL	NO0010722283	ELABS	ELLIPTIC LABORATORIES ASA	XOSL	Oslo Børs	True	Common Stock	101	PASS				1	euronext_full_download_csv	XOSL	provider_default	2024-09-16	2026-09-14	509.0	3.725	3.7926	764917.0	224.0	2900992.0	0.4929859719438878	0.260575296108291	0.2844827586206897	0.847779254177251	-0.6311881188118812	-0.7643564356435644	520929.0	113.5	1481359.5	2.8762999999999996	True	True	True	True	True	True	2026-09-14T23:06:20.972358+00:00
2026-09-13	2026-09-14	NO0010734122-XOSL	NO0010734122	VISTN	VISTIN PHARMA	XOSL	Oslo Børs	True	Common Stock	101	PASS				1	euronext_full_download_csv	XOSL	provider_default	2024-09-16	2026-09-14	509.0	19.0	19.0652	345.0	3.0	6578.0	-0.05940594059405935	-0.06862745098039214	-0.13636363636363635	0.19880954470647325	-0.19831223628691985	-0.19831223628691985	9781.5	17.0	185955.5	19.010849999999998	True	True	True	True	True	True	2026-09-14T23:06:21.574571+00:00
2026-09-13	2026-09-14	NO0010734338-XOSL	NO0010734338	MULTI	MULTICONSULT	XOSL	Oslo Børs	True	Common Stock	101	PASS				1	euronext_full_download_csv	XOSL	provider_default	2024-09-16	2026-09-14	509.0	148.8	148.3964	1515.0	37.0	224821.0	-0.02233902759526929	-0.021052631578947323	-0.06999999999999995	0.24519124683109528	-0.18241758241758232	-0.24725274725274726	7531.0	83.0	1102657.0	145.35930000000002	True	True	True	True	True	True	2026-09-14T23:06:22.157553+00:00
2026-09-13	2026-09-14	NO0010735343-XOSL	NO0010735343	EPR	EUROPRIS	XOSL	Oslo Børs	True	Common Stock	101	PASS				1	euronext_full_download_csv	XOSL	provider_default	2024-09-16	2026-09-14	509.0	84.3	84.6894	55066.0	254.0	4663506.0	-0.022041763341067333	-0.04853273137697511	-0.07056229327453145	0.18137465879919099	-0.18471953578336564	-0.21856866537717612	134272.0	335.5	11725446.5	87.64005	True	True	True	True	True	True	2026-09-14T23:06:22.816965+00:00
2026-09-13	2026-09-14	NO0010736879-XOSL	NO0010736879	VEND	VEND MARKETPLACES ASA	XOSL	Oslo Børs	True	Common Stock	101	PASS				1	euronext_full_download_csv	XOSL	provider_default	2024-09-16	2026-09-14	509.0	237.2	238.2122	478043.0	1701.0	113875692.0	-0.05120000000000002	-0.027071369975389725	-0.05347166799680769	0.3087614854872725	-0.3381696428571428	-0.3722098214285714	359034.5	1421.5	88586435.0	249.56405	True	True	True	True	True	True	2026-09-14T23:06:23.458430+00:00
2026-09-13	2026-09-14	NO0010743545-XOSL	NO0010743545	KID	KID	XOSL	Oslo Børs	True	Common Stock	101	PASS				1	euronext_full_download_csv	XOSL	provider_default	2024-09-16	2026-09-14	509.0	119.4	119.3914	36577.0	177.0	4366978.0	-0.07009345794392519	0.027538726333907082	-0.02450980392156865	0.22361150908521182	-0.21447368421052626	-0.25	47682.0	203.5	5994718.0	123.4374	True	True	True	True	True	True	2026-09-14T23:06:24.091413+00:00
2026-09-13	2026-09-14	NO0010748866-XOSL	NO0010748866	GENT	GENTIAN DIAGNOSTICS ASA	XOSL	Oslo Børs	True	Common Stock	101	PASS				1	euronext_full_download_csv	XOSL	provider_default	2024-09-16	2026-09-14	509.0	38.5	38.6685	1810.0	5.0	69990.0	-0.0077319587628865705	0.09686609686609682	-0.025316455696202556	0.49174991981159594	-0.34745762711864403	-0.41355932203389834	1757.5	8.5	67984.5	38.55629999999999	True	True	True	True	True	True	2026-09-14T23:06:24.819472+00:00
2026-09-13	2026-09-14	NO0010751910-XOSL	NO0010751910	SPOL	SPAREBANK 1 ØSTLANDET	XOSL	Oslo Børs	True	Common Stock	101	PASS				1	euronext_full_download_csv	XOSL	provider_default	2024-09-16	2026-09-14	509.0	201.0	202.076	16450.0	149.0	3324150.0	0.05235602094240832	0.061358115957334425	-0.019512195121951237	0.17542669479048206	-0.06293706293706292	-0.145920745920746	37176.0	251.0	7432778.5	201.2163	True	True	True	True	True	True	2026-09-14T23:06:25.390651+00:00
2026-09-13	2026-09-14	NO0010764053-XOSL	NO0010764053	HGSB	HAUGESUND SPAREBANK	XOSL	Oslo Børs	True	Common Stock	101	PASS				1	euronext_full_download_csv	XOSL	provider_default	2024-09-16	2026-09-14	509.0	160.0	158.7068	979.0	8.0	155374.0	-0.006211180124223614	0.049180327868852514	-0.041916167664670656	0.1623768835708759	-0.13606911447084225	-0.17818574514038876	67.0	2.0	10811.5	158.0	True	True	True	True	True	True	2026-09-14T23:06:25.865389+00:00
2026-09-13	2026-09-14	NO0010788268-XOSL	NO0010788268	TRSB	TRØNDELAG SPAREBANK	XOSL	Oslo Børs	True	Common Stock	101	PASS				1	euronext_full_download_csv	XOSL	provider_default	2024-12-18	2026-09-14	442.0	110.0	110.0	100.0	2.0	11000.0	0.04761904761904767	-0.009009009009009028	-0.03508771929824561	0.23331463791035167	-0.07391816804175788	-0.1160127967671325	0.5	0.5	54.5	53.12765	True	True	True	True	True	True	2026-09-14T23:06:26.324685+00:00
2026-09-13	2026-09-14	NO0010791353-XOSL	NO0010791353	MPCC	MPC CONTAINER SHIPS	XOSL	Oslo Børs	True	Common Stock	101	PASS				1	euronext_full_download_csv	XOSL	provider_default	2024-09-16	2026-09-14	509.0	27.66	27.5204	1266333.0	1464.0	34849933.0	0.0792040577448303	0.07794232268121593	0.20313179643323198	0.3059663894185112	-0.013903743315508033	-0.15660377358490574	1343273.5	1229.0	35477135.0	26.8065	True	True	True	True	True	True	2026-09-14T23:06:27.161705+00:00
2026-09-13	2026-09-14	NO0010815673-XOSL	NO0010815673	ELMRA	ELMERA GROUP ASA	XOSL	Oslo Børs	True	Common Stock	101	PASS				1	euronext_full_download_csv	XOSL	provider_default	2024-09-16	2026-09-14	509.0	46.55	46.5962	300900.0	124.0	14020802.0	0.024202420242024125	0.5699831365935919	0.2930555555555554	0.8638682563584518	-0.002143622722400873	-0.3042424242424243	218510.0	173.5	9997876.0	45.75675	True	True	True	True	True	True	2026-09-14T23:06:27.839931+00:00
2026-09-13	2026-09-14	NO0010816093-XOSL	NO0010816093	ELK	ELKEM	XOSL	Oslo Børs	True	Common Stock	101	PASS				1	euronext_full_download_csv	XOSL	provider_default	2024-09-16	2026-09-14	509.0	35.06	35.2551	1040154.0	1116.0	36670758.0	0.035440047253396445	0.06565349544072951	0.23190442726633886	0.3258911127506016	-0.048317046688382215	-0.19354838709677424	1017167.5	911.5	34604335.5	33.6951	True	True	True	True	True	True	2026-09-14T23:06:28.539352+00:00
2026-09-13	2026-09-14	NO0010816895-XOSL	NO0010816895	OKEA	OKEA	XOSL	Oslo Børs	True	Common Stock	101	PASS				1	euronext_full_download_csv	XOSL	provider_default	2024-09-16	2026-09-14	509.0	41.35	41.1496	393701.0	513.0	16200651.0	0.09247027741083214	0.20553935860058314	0.08815789473684221	0.36576339586617934	-0.04942528735632179	-0.3287356321839081	262423.0	380.0	10373200.0	39.007400000000004	True	True	True	True	True	True	2026-09-14T23:06:29.075565+00:00
2026-09-13	2026-09-14	NO0010833262-XOSL	NO0010833262	KCC	KLAVENESS COMBINATION CARRIERS	XOSL	Oslo Børs	True	Common Stock	101	PASS				1	euronext_full_download_csv	XOSL	provider_default	2024-09-16	2026-09-14	509.0	101.6	103.0116	143721.0	426.0	14804928.0	0.0039525691699604515	0.12638580931263843	0.1467268623024831	0.30953438754769846	-0.06445672191528551	-0.17601547388781436	83833.0	354.5	8874413.5	102.65665	True	True	True	True	True	True	2026-09-14T23:06:29.692086+00:00
2026-09-13	2026-09-14	NO0010840507-XOSL	NO0010840507	PEXIP	PEXIP HOLDING	XOSL	Oslo Børs	True	Common Stock	101	PASS				1	euronext_full_download_csv	XOSL	provider_default	2024-09-16	2026-09-14	509.0	73.5	73.0346	151224.0	409.0	11044585.0	-0.08239700374531833	-0.06130268199233713	0.17493853233136702	0.2682343858652361	-0.13120567375886516	-0.24111675202101668	148736.5	409.5	11006842.0	75.7015	True	True	True	True	True	True	2026-09-14T23:06:30.274595+00:00
2026-09-13	2026-09-14	NO0010840515-XOSL	NO0010840515	ACR	AXACTOR ASA	XOSL	Oslo Børs	True	Common Stock	101	PASS				1	euronext_full_download_csv	XOSL	provider_default	2024-09-16	2026-09-14	509.0	4.775	4.8465	1314160.0	347.0	6369015.0	-0.1124535315985129	0.004206098843323014	-0.30797101449275366	0.2753225970540729	-0.44347319347319347	-0.4522144522144522	448936.5	140.5	2298351.5	5.1941500000000005	True	True	True	True	True	True	2026-09-14T23:06:31.160912+00:00
2026-09-13	2026-09-14	NO0010856511-XOSL	NO0010856511	NORBT	NORBIT	XOSL	Oslo Børs	True	Common Stock	101	PASS				1	euronext_full_download_csv	XOSL	provider_default	2024-09-16	2026-09-14	509.0	158.6	158.3062	180461.0	786.0	28568092.0	-0.13048245614035092	-0.08429561200923785	-0.22444987775061132	0.32414626832478177	-0.3324915824915825	-0.34090909090909094	222652.5	803.0	36573065.5	162.45455	True	True	True	True	True	True	2026-09-14T23:06:31.707852+00:00
2026-09-13	2026-09-14	NO0010861115-XOSL	NO0010861115	NSKOG	NORSKE SKOG	XOSL	Oslo Børs	True	Common Stock	101	PASS				1	euronext_full_download_csv	XOSL	provider_default	2024-09-16	2026-09-14	509.0	50.8	50.1086	389056.0	478.0	19495062.0	0.021105527638190846	0.08085106382978724	0.541729893778452	0.6574659553850545	0.0	-0.3145245559038663	216230.0	376.5	9981415.0	47.78215	True	True	True	True	True	True	2026-09-14T23:06:32.272416+00:00
2026-09-13	2026-09-14	NO0010861990-XOSL	NO0010861990	PRS	PROSAFE	XOSL	Oslo Børs	True	Common Stock	101	PASS				1	euronext_full_download_csv	XOSL	provider_default	2024-09-16	2026-09-14	509.0	5.2	5.2521	1475939.0	337.0	7751741.0	-0.13477537437603992	0.22065727699530524	0.5476190476190477	0.43329067780511166	-0.17460317460317454	-0.2564417177914111	1174752.0	299.5	6328194.5	5.43845	True	True	True	True	True	True	2026-09-14T23:06:33.139394+00:00
2026-09-13	2026-09-14	NO0010863285-XOSL	NO0010863285	SATS	SATS	XOSL	Oslo Børs	True	Common Stock	101	PASS				1	euronext_full_download_csv	XOSL	provider_default	2024-09-16	2026-09-14	509.0	43.2	43.8043	490612.0	736.0	21490929.0	-0.034636871508379796	0.0840652446675032	-0.014823261117445807	0.2946830577774558	-0.07987220447284349	-0.13602941176470584	256469.5	441.5	11587476.5	45.164699999999996	True	True	True	True	True	True	2026-09-14T23:06:33.714757+00:00
2026-09-13	2026-09-14	NO0010872468-XOSL	NO0010872468	AGLX	AGILYX ASA	XOSL	Oslo Børs	True	Common Stock	101	PASS				1	euronext_full_download_csv	XOSL	provider_default	2024-09-16	2026-09-14	509.0	16.55	16.8366	15986.0	31.0	269150.0	-0.06760563380281681	-0.21563981042654035	0.3031496062992127	0.380370732729893	-0.3572815533980582	-0.5308737864077671	13936.0	29.0	238065.0	17.425649999999997	True	True	True	True	True	True	2026-09-14T23:06:34.257166+00:00
2026-09-13	2026-09-14	NO0010876642-XOSL	NO0010876642	CLOUD	CLOUDBERRY CLEAN ENERGY ASA	XOSL	Oslo Børs	True	Common Stock	101	PASS				1	euronext_full_download_csv	XOSL	provider_default	2024-09-16	2026-09-14	509.0	12.76	12.8484	118994.0	131.0	1528879.0	-0.03915662650602403	0.1578947368421053	-0.012383900928792602	0.35269438430581723	-0.07670043415340089	-0.23733719247467444	139588.0	127.5	1853469.0	13.35465	True	True	True	True	True	True	2026-09-14T23:06:34.812801+00:00
2026-09-13	2026-09-14	NO0010886625-XOSL	NO0010886625	AKBM	AKER BIOMARINE ASA	XOSL	Oslo Børs	True	Common Stock	101	PASS				1	euronext_full_download_csv	XOSL	provider_default	2024-09-16	2026-09-14	509.0	127.4	125.922	6266.0	46.0	789027.0	0.051155115511551275	0.3134020618556701	0.13547237076648844	0.3568998242254954	-0.05908419497784345	-0.17107583774250446	6273.5	62.0	782470.5	130.3804	True	True	True	True	True	True	2026-09-14T23:06:35.363615+00:00
2026-09-13	2026-09-14	NO0010890965-XOSL	NO0010890965	BEWI	BEWI	XOSL	Oslo Børs	True	Common Stock	101	PASS				1	euronext_full_download_csv	XOSL	provider_default	2024-09-16	2026-09-14	509.0	19.1	19.3896	142634.0	154.0	2765621.0	-0.061425061425061434	0.013800424628450214	0.27333333333333343	0.36689958704262526	-0.13181818181818172	-0.2825159914712153	79082.0	117.0	1646936.5	20.919	True	True	True	True	True	True	2026-09-14T23:06:35.995935+00:00
2026-09-13	2026-09-14	NO0010892094-XOSL	NO0010892094	SALME	SALMON EVOLUTION ASA	XOSL	Oslo Børs	True	Common Stock	101	PASS				1	euronext_full_download_csv	XOSL	provider_default	2024-09-16	2026-09-14	509.0	3.2	3.2531	3032354.0	511.0	9864457.0	-0.20099875156054925	-0.22798552472858857	-0.3035908596300325	0.3072482061231079	-0.4085027726432532	-0.4085027726432532	1433507.5	339.0	5481226.0	3.8037	True	True	True	True	True	True	2026-09-14T23:06:36.596345+00:00
2026-09-13	2026-09-14	NO0010892359-XOSL	NO0010892359	HYPRO	HYDROGENPRO ASA	XOSL	Oslo Børs	True	Common Stock	101	PASS				1	euronext_full_download_csv	XOSL	provider_default	2024-09-16	2026-09-14	509.0	0.526	0.5358	297794.0	35.0	159557.0	-0.13770491803278684	-0.7703056768558951	-0.6488651535380507	1.1628693346748198	-0.8681704260651629	-0.8751879699248121	471223.0	57.0	241562.0	0.518	True	True	True	True	True	True	2026-09-14T23:06:37.214844+00:00
2026-09-13	2026-09-14	NO0010894231-XOSL	NO0010894231	LINK	LINK MOBILITY GROUP HOLDING	XOSL	Oslo Børs	True	Common Stock	101	PASS				1	euronext_full_download_csv	XOSL	provider_default	2024-09-16	2026-09-14	509.0	23.5	23.547	435927.0	585.0	10264760.0	-0.10305343511450382	0.021739130434782705	0.08045977011494254	0.33030714298332375	-0.33333333333333337	-0.42695035460992914	1011050.0	678.0	25774678.0	24.816850000000002	True	True	True	True	True	True	2026-09-14T23:06:37.775027+00:00
2026-09-13	2026-09-14	NO0010923121-XOSL	NO0010923121	CAPSL	CAPSOL TECHNOLOGIES ASA	XOSL	Oslo Børs	True	Common Stock	101	PASS				1	euronext_full_download_csv	XOSL	provider_default	2024-09-16	2026-09-14	509.0	5.38	5.3443	14690.0	19.0	78509.0	0.026717557251908275	0.26588235294117646	0.16956521739130448	0.5282352475967369	-0.3291770573566084	-0.4962593516209476	13313.5	10.0	69225.0	4.98305	True	True	True	True	True	True	2026-09-14T23:06:38.311920+00:00
2026-09-13	2026-09-14	NO0010951577-XOSL	NO0010951577	TEKNA	TEKNA HOLDING ASA	XOSL	Oslo Børs	True	Common Stock	101	PASS				1	euronext_full_download_csv	XOSL	provider_default	2024-09-16	2026-09-14	509.0	6.38	6.4347	160670.0	116.0	1033865.0	-0.07536231884057976	0.7013333333333334	0.9044776119402984	0.9408328553734279	-0.11878453038674042	-0.3043478126990683	161698.5	79.0	926868.5	5.72475	True	True	True	True	True	True	2026-09-14T23:06:39.028782+00:00
2026-09-13	2026-09-14	NO0011002586-XOSL	NO0011002586	ELO	ELOPAK ASA	XOSL	Oslo Børs	True	Common Stock	101	PASS				1	euronext_full_download_csv	XOSL	provider_default	2024-09-16	2026-09-14	509.0	35.55	35.6305	165821.0	357.0	5908288.0	-0.032653061224489854	0.0	-0.29743083003952575	0.2878826699258958	-0.35945945945945956	-0.39549549549549556	506143.0	361.5	18333345.0	35.813649999999996	True	True	True	True	True	True	2026-09-14T23:06:39.532180+00:00
2026-09-13	2026-09-14	NO0011012502-XOSL	NO0011012502	SMOP	SMARTOPTICS GROUP ASA	XOSL	Oslo Børs	True	Common Stock	101	PASS				1	euronext_full_download_csv	XOSL	provider_default	2024-09-16	2026-09-14	509.0	45.1	45.7089	207609.0	459.0	9489573.0	-0.08333333333333337	-0.1617100371747211	0.12189054726368154	0.5087234046319032	-0.2953125	-0.3265625	166904.5	355.0	7611799.0	45.276650000000004	True	True	True	True	True	True	2026-09-14T23:06:40.153208+00:00
2026-09-13	2026-09-14	NO0011016040-XOSL	NO0011016040	KOMPL	KOMPLETT ASA	XOSL	Oslo Børs	True	Common Stock	101	PASS				1	euronext_full_download_csv	XOSL	provider_default	2024-09-16	2026-09-14	509.0	6.9	6.7426	60254.0	40.0	406268.0	-0.05737704918032782	0.14238410596026485	-0.25806451612903225	0.2982364912450038	-0.5369127516778524	-0.6000000000000001	52255.0	40.5	365209.0	7.1685	True	True	True	True	True	True	2026-09-14T23:06:40.649212+00:00
2026-09-13	2026-09-14	NO0011082075-XOSL	NO0011082075	HAUTO	HOEGH AUTOLINERS ASA	XOSL	Oslo Børs	True	Common Stock	101	PASS				1	euronext_full_download_csv	XOSL	provider_default	2024-09-16	2026-09-14	509.0	183.8	185.3903	495911.0	1738.0	91937080.0	-0.0285412262156447	0.21480502313284866	0.4483845547675336	0.4112364396988502	-0.05110996386164157	-0.25741710296684117	476980.0	1304.5	81563158.5	171.09375	True	True	True	True	True	True	2026-09-14T23:06:41.224944+00:00
2026-09-13	2026-09-14	NO0011202772-XOSL	NO0011202772	VAR	VÅR ENERGI ASA	XOSL	Oslo Børs	True	Common Stock	101	PASS				1	euronext_full_download_csv	XOSL	provider_default	2024-09-16	2026-09-14	509.0	54.74	54.3938	5617069.0	4149.0	305533524.0	0.1272652388797364	0.26391133687370116	0.24777752450421708	0.3122010872549416	0.0	-0.20656905421448357	5926933.5	3860.5	307387138.5	50.18105	True	True	True	True	True	True	2026-09-14T23:06:41.777663+00:00
2026-09-13	2026-09-14	NO0012470089-XOSL	NO0012470089	TOM	TOMRA SYSTEMS	XOSL	Oslo Børs	True	Common Stock	101	PASS				1	euronext_full_download_csv	XOSL	provider_default	2024-09-16	2026-09-14	509.0	93.5	93.5696	473420.0	1122.0	44297743.0	-0.12779850746268662	-0.03558535327488399	-0.18695652173913047	0.381260057132278	-0.40064102564102566	-0.42307692307692313	435348.0	1020.5	46281360.0	106.10755	True	True	True	True	True	True	2026-09-14T23:06:42.756780+00:00
2026-09-13	2026-09-14	NO0012483207-XOSL	NO0012483207	MORG	SPAREBANKEN MØRE	XOSL	Oslo Børs	True	Common Stock	101	PASS				1	euronext_full_download_csv	XOSL	provider_default	2024-09-16	2026-09-14	509.0	110.86	110.4249	4254.0	65.0	469748.0	-0.022226142176750674	0.014087083790706334	-0.05134348793428034	0.17619913676673718	-0.10118371979892982	-0.1242095021890709	9399.0	80.0	1044810.0	110.97275	True	True	True	True	True	True	2026-09-14T23:06:43.596982+00:00
2026-09-13	2026-09-14	NO0012535832-XOSL	NO0012535832	PLT	POLIGHT	XOSL	Oslo Børs	True	Common Stock	101	PASS				1	euronext_full_download_csv	XOSL	provider_default	2024-09-16	2026-09-14	509.0	14.0	14.3043	511326.0	325.0	7314175.0	0.14754098360655754	0.502145922746781	1.376910016977929	0.715370122553839	-0.03314917127071826	-0.393867924528302	632816.0	386.0	8489253.5	13.04615	True	True	True	True	True	True	2026-09-14T23:06:44.260444+00:00
2026-09-13	2026-09-14	NO0012555459-XOSL	NO0012555459	ENDUR	ENDÚR	XOSL	Oslo Børs	True	Common Stock	101	PASS				1	euronext_full_download_csv	XOSL	provider_default	2024-09-16	2026-09-14	509.0	100.6	142.6918	390313.0	808.0	55694465.0	-0.14310051107325394	-0.11130742049469977	-0.05628517823639778	0.24058752926980378	-0.19520000000000004	-0.19520000000000004	155945.0	414.5	17122086.5	109.5823	True	True	True	True	True	True	2026-09-14T23:06:44.958496+00:00
2026-09-13	2026-09-14	NO0012706763-XOSL	NO0012706763	BIEN	BIEN SPAREBANK ASA	XOSL	Oslo Børs	True	Common Stock	101	PASS				1	euronext_full_download_csv	XOSL	provider_default	2024-09-16	2026-09-14	509.0	149.0	0.0	0.0	0.0	0.0	0.020547945205479534	-0.08588957055214719	0.04195804195804187	0.2197723350922801	-0.09696969696969693	-0.1515151515151515	10.0	0.5	1440.0	71.581	True	True	True	True	True	True	2026-09-14T23:06:45.483759+00:00
2026-09-13	2026-09-14	NO0012851874-XOSL	NO0012851874	DOFG	DOF GROUP ASA	XOSL	Oslo Børs	True	Common Stock	101	PASS				1	euronext_full_download_csv	XOSL	provider_default	2024-09-16	2026-09-14	509.0	130.7	130.996	330031.0	895.0	43232745.0	-0.027529761904762085	0.1029535864978901	0.04643714971977575	0.2472903155876363	-0.08856345885634598	-0.20711297071129708	301808.0	835.0	40088757.0	132.41625	True	True	True	True	True	True	2026-09-14T23:06:46.070687+00:00
2026-09-13	2026-09-14	NO0012916131-XOSL	NO0012916131	TECH	TECHSTEP	XOSL	Oslo Børs	True	Common Stock	101	PASS				1	euronext_full_download_csv	XOSL	provider_default	2024-09-16	2026-09-14	509.0	3.4	3.5808	207607.0	128.0	743391.0	0.9428571428571428	-0.5728643216080402	-0.6977777777777778	3.3838601143943	-0.7481481481481482	-0.8911111111111111	220360.5	79.5	559178.5	1.809	True	True	True	True	True	True	2026-09-14T23:06:46.961583+00:00
2026-09-13	2026-09-14	NO0012942525-XOSL	NO0012942525	PNOR	PETRONOR E&P ASA	XOSL	Oslo Børs	True	Common Stock	101	PASS				1	euronext_full_download_csv	XOSL	provider_default	2024-09-16	2026-09-14	509.0	13.12	13.0532	570536.0	458.0	7447326.0	0.24007561436672953	0.18840579710144922	0.14086956521739125	0.35462930345473226	-0.28306010928961756	-0.4469945355191257	324625.0	290.0	3893092.5	11.5542	True	True	True	True	True	True	2026-09-14T23:06:47.574970+00:00
2026-09-13	2026-09-14	NO0013033795-XOSL	NO0013033795	CRNA	CIRCIO HOLDING ASA	XOSL	Oslo Børs	True	Common Stock	101	PASS				1	euronext_full_download_csv	XOSL	provider_default	2024-09-16	2026-09-14	509.0	13.4	12.9822	7403101.0	2139.0	96108328.0	0.5056179775280898	0.7631578947368423	1.5283018867924532	0.726205883708437	-0.06944444444444442	-0.59375	10979245.0	2755.5	128691289.5	12.8902	True	True	True	True	True	True	2026-09-14T23:06:48.244759+00:00
2026-09-13	2026-09-14	NO0013052209-XOSL	NO0013052209	NORCO	NORCONSULT ASA	XOSL	Oslo Børs	True	Common Stock	101	PASS				1	euronext_full_download_csv	XOSL	provider_default	2024-09-16	2026-09-14	509.0	37.85	37.863	156248.0	310.0	5916021.0	-0.023225806451612874	0.08920863309352511	-0.05845771144278611	0.2343969228442571	-0.22912423625254585	-0.3116089613034624	262125.5	380.0	10164369.5	38.74075	True	True	True	True	True	True	2026-09-14T23:06:48.805211+00:00
2026-09-13	2026-09-14	NO0013119255-XOSL	NO0013119255	IOX	INTEROIL EXPLORATION AND PRODUCTION	XOSL	Oslo Børs	True	Common Stock	101	PASS				1	euronext_full_download_csv	XOSL	provider_default	2024-09-16	2026-09-14	509.0	3.93	3.5082	3659064.0	932.0	12836823.0	0.38869257950530045	0.9650000000000001	-0.32705479452054786	1.9781791555962394	-0.4304347826086956	-0.731159420289855	114114.0	46.0	303979.0	2.6308999999999996	True	True	True	True	True	True	2026-09-14T23:06:49.521491+00:00
2026-09-13	2026-09-14	NO0013135368-XOSL	NO0013135368	SOMA	SOLSTAD MARITIME ASA	XOSL	Oslo Børs	True	Common Stock	101	PASS				1	euronext_full_download_csv	XOSL	provider_default	2025-05-15	2026-09-14	342.0	27.6	27.6796	131627.0	249.0	3643383.0	-0.058020477815699634	0.06153846153846154	0.049429657794676896	0.3287842353665889	-0.07846410684474114	-0.32319999999999993	102795.0	221.0	2948782.5	28.78915	True	True	True	True	True	True	2026-09-14T23:06:49.992757+00:00
2026-09-13	2026-09-14	NO0013162693-XOSL	NO0013162693	NOM	NORDIC MINING	XOSL	Oslo Børs	True	Common Stock	101	PASS				1	euronext_full_download_csv	XOSL	provider_default	2024-09-16	2026-09-14	509.0	1.968	1.9352	248806.0	109.0	481487.0	-0.27513812154696127	-0.7716937354988399	-0.8258407079646017	1.4203724866751188	-0.8923413566739606	-0.9020787746170679	701341.5	197.0	1439658.0	2.0094000000000003	True	True	True	True	True	True	2026-09-14T23:06:50.806794+00:00
2026-09-13	2026-09-14	NO0013186460-XOSL	NO0013186460	ENSU	ENSURGE MICROPOWER ASA	XOSL	Oslo Børs	True	Common Stock	101	PASS				1	euronext_full_download_csv	XOSL	provider_default	2024-09-16	2026-09-14	509.0	0.589	0.5891	308073.0	46.0	181490.0	-0.08964451313755806	0.02256944444444442	-0.10757575757575766	0.4239882539331885	-0.514827018121911	-0.5576606260296539	517330.0	56.5	326310.5	0.6368	True	True	True	True	True	True	2026-09-14T23:06:51.542341+00:00
2026-09-13	2026-09-14	NO0013219535-XOSL	NO0013219535	CAVEN	CAVENDISH HYDROGEN ASA	XOSL	Oslo Børs	True	Common Stock	101	PASS				1	euronext_full_download_csv	XOSL	provider_default	2024-09-16	2026-09-14	509.0	5.73	5.6827	38729.0	53.0	220086.0	-0.038590604026845554	-0.2644415917843388	-0.18838526912181297	0.6558554284081443	-0.46944444444444444	-0.5083333333333334	26064.5	48.5	146511.0	5.51615	True	True	True	True	True	True	2026-09-14T23:06:52.153640+00:00
2026-09-13	2026-09-14	NO0013256180-XOSL	NO0013256180	BOR	BORGESTAD	XOSL	Oslo Børs	True	Common Stock	101	PASS				1	euronext_full_download_csv	XOSL	provider_default	2024-09-16	2026-09-14	509.0	17.75	17.4964	5323.0	8.0	93133.0	0.07902735562310026	0.09907120743034059	0.05654761904761907	0.2974454573955592	-0.08974358974358976	-0.20512820512820518	9259.5	9.5	157795.5	16.95	True	True	True	True	True	True	2026-09-14T23:06:52.982801+00:00
2026-09-13	2026-09-14	NO0013325506-XOSL	NO0013325506	MORLD	MORELD ASA	XOSL	Oslo Børs	True	Common Stock	101	PASS				1	euronext_full_download_csv	XOSL	provider_default	2024-12-18	2026-09-14	442.0	24.0	24.3048	151485.0	155.0	3681809.0	0.0714285714285714	0.26050420168067223	0.4510278113663846	0.35015840733500225	-0.056974459724950854	-0.17943336831059797	232427.5	262.0	5862216.5	24.46095	True	True	True	True	True	True	2026-09-14T23:06:53.441849+00:00
2026-09-13	2026-09-14	NO0013355859-XOSL	NO0013355859	LIFE	LIFECARE ASA	XOSL	Oslo Børs	True	Common Stock	101	PASS				1	euronext_full_download_csv	XOSL	provider_default	2024-09-16	2026-09-14	509.0	0.2835	0.2859	593536.0	39.0	169672.0	-0.10849056603773599	-0.14350453172205446	-0.28409090909090917	0.43250002929720943	-0.922553455462664	-0.9246023058472497	1282321.5	61.5	366986.0	0.2873	True	True	True	True	True	True	2026-09-14T23:06:54.092652+00:00
2026-09-13	2026-09-14	NO0013401380-XOSL	NO0013401380	HERMA	HERMANA HOLDING ASA	XOSL	Oslo Børs	True	Common Stock	101	PASS				1	euronext_full_download_csv	XOSL	provider_default	2024-09-16	2026-09-14	509.0	15.0	14.5581	3537.0	18.0	51492.0	0.006711409395973034	-0.05660377358490565	-0.1428571428571429	0.32477186211434306	-0.17127071823204432	-0.2596685082872928	3023.5	8.0	42688.0	14.1857	True	True	True	True	True	True	2026-09-14T23:06:54.581479+00:00
2026-09-13	2026-09-14	NO0013461350-XOSL	NO0013461350	IWS	INTEGRATED WIND SOLUTIONS ASA	XOSL	Oslo Børs	True	Common Stock	101	PASS				1	euronext_full_download_csv	XOSL	provider_default	2024-09-16	2026-09-14	509.0	56.6	56.9834	5311.0	24.0	302639.0	0.02166064981949467	-0.03741496598639449	-0.0721311475409836	0.1907419555680975	-0.12383900928792557	-0.16718266253869962	3253.0	15.0	190389.5	57.223650000000006	True	True	True	True	True	True	2026-09-14T23:06:55.129192+00:00
2026-09-13	2026-09-14	NO0013464750-XOSL	NO0013464750	ASA	ATLANTIC SAPPHIRE	XOSL	Oslo Børs	True	Common Stock	101	PASS				1	euronext_full_download_csv	XOSL	provider_default	2024-09-16	2026-09-14	509.0	0.78	0.78	1958.0	8.0	1527.0	-0.10344827586206895	-0.1333333333333333	-0.8408163265306122	1.6221918713215964	-0.9047037263286499	-0.9071472205253512	50301.0	17.0	41100.5	0.81565	True	True	True	True	True	True	2026-09-14T23:06:55.759804+00:00
2026-09-13	2026-09-14	NO0013524942-XOSL	NO0013524942	ZLNA	ZELLUNA	XOSL	Oslo Børs	True	Common Stock	101	PASS				1	euronext_full_download_csv	XOSL	provider_default	2024-09-16	2026-09-14	509.0	20.5	20.2845	28580.0	67.0	579732.0	-0.023809523809523836	-0.004854368932038944	0.02499999999999991	0.7616133679377444	-0.3278688524590164	-0.40655737704918027	68624.5	106.5	1550716.5	22.104149999999997	True	True	True	True	True	True	2026-09-14T23:06:56.315159+00:00
2026-09-13	2026-09-14	NO0013536078-XOSL	NO0013536078	IDEX	IDEX BIOMETRICS	XOSL	Oslo Børs	True	Common Stock	101	PASS				1	euronext_full_download_csv	XOSL	provider_default	2024-09-16	2026-09-14	509.0	6.0	6.0541	19773.0	22.0	119707.0	-0.27360774818401934	-0.216710182767624	-0.4434137291280148	0.5558261066664284	-0.5121951219512195	-0.526829268292683	69331.0	43.5	460228.0	7.472049999999999	True	True	True	True	True	True	2026-09-14T23:06:57.074852+00:00
2026-09-13	2026-09-14	NO0013536151-XOSL	NO0013536151	KOG	KONGSBERG GRUPPEN	XOSL	Oslo Børs	True	Common Stock	101	PASS				1	euronext_full_download_csv	XOSL	provider_default	2024-09-16	2026-09-14	509.0	304.9	305.5365	830898.0	3621.0	253869648.0	-0.09444609444609453	0.029372045914922262	-0.08181196894386344	0.3464546068452014	-0.11541742708902847	-0.3159701466808923	915654.5	3242.5	288982030.0	312.0769	True	True	True	True	True	True	2026-09-14T23:06:57.876161+00:00
2026-09-13	2026-09-14	NO0013573014-XOSL	NO0013573014	SNTIA	SENTIA ASA	XOSL	Oslo Børs	True	Common Stock	101	PASS				1	euronext_full_download_csv	XOSL	provider_default	2025-06-12	2026-09-14	322.0	84.4	84.2289	92968.0	231.0	7830594.0	0.05897114178168139	0.07790549169859529	0.20934231265224246	0.22508932860326986	-0.034324942791762014	-0.16520260697081324	105688.0	274.0	9111098.5	84.44725	True	True	True	True	True	True	2026-09-14T23:06:58.376343+00:00
2026-09-13	2026-09-14	NO0013597419-XOSL	NO0013597419	COSH	CONSTELLATION OIL SERVICES HOLDING S.A.	XOSL	Oslo Børs	True	Common Stock	101	PASS				1	euronext_full_download_csv	XOSL	provider_default	2025-03-05	2026-09-14	390.0	141.0	139.8402	289171.0	383.0	40437738.0	0.021739130434782705	0.0	0.052395879982086946	0.23186764848503563	-0.04729729729729726	-0.15400881057268723	157136.5	252.0	21920919.5	138.42295000000001	True	True	True	True	True	True	2026-09-14T23:06:58.893400+00:00
2026-09-13	2026-09-14	NO0013647693-XOSL	NO0013647693	DFENS	FJORD DEFENCE GROUP ASA	XOSL	Oslo Børs	True	Common Stock	101	PASS				1	euronext_full_download_csv	XOSL	provider_default	2024-09-16	2026-09-14	509.0	14.2	14.3691	243443.0	261.0	3498063.0	-0.11801242236024856	-0.19088319088319095	-0.06258251914444157	0.32887654587742465	-0.3004926108374385	-0.3004926108374385	354160.5	271.0	5548755.5	15.1208	True	True	True	True	True	True	2026-09-14T23:06:59.508990+00:00
2026-09-13	2026-09-14	NO0013682948-XOSL	NO0013682948	ARR	ARRIBATEC GROUP ASA	XOSL	Oslo Børs	True	Common Stock	101	PASS				1	euronext_full_download_csv	XOSL	provider_default	2024-09-16	2026-09-14	509.0	5.62	5.6629	169247.0	56.0	958424.0	-0.05067567567567566	0.010791366906474975	-0.15105740181268879	0.34347074779236664	-0.43232323232323233	-0.4808080808080809	239296.0	92.0	1405884.0	5.6960999999999995	True	True	True	True	True	True	2026-09-14T23:07:00.309308+00:00
2026-09-13	2026-09-14	NO0013683821-XOSL	NO0013683821	APR	APPEAR ASA	XOSL	Oslo Børs	True	Common Stock	101	PASS				1	euronext_full_download_csv	XOSL	provider_default	2025-11-05	2026-09-14	218.0	34.2	34.7227	85541.0	160.0	2970215.0	-0.25164113785557984	-0.5427807486631016	-0.44687045123726343	0.7450472871796616			54982.5	150.0	2264069.0	41.91405	True	True	True	True	False	True	2026-09-14T23:07:00.824851+00:00
2026-09-13	2026-09-14	NO0013697029-XOSL	NO0013697029	KMAR	KONGSBERG MARITIME ASA	XOSL	Oslo Børs	True	Common Stock	101	PASS				1	euronext_full_download_csv	XOSL	provider_default	2026-04-22	2026-09-14	103.0	58.26	57.5953	1885641.0	2062.0	108604083.0	0.02138849929873765	0.022105263157894628		0.27696811602832727			1073603.5	1472.0	60369445.0	56.47825	True	True	False	True	False	True	2026-09-14T23:07:01.329134+00:00
2026-09-13	2026-09-14	NO0013711713-XOSL	NO0013711713	ONCIN	ONCOINVENT ASA	XOSL	Oslo Børs	True	Common Stock	101	PASS				1	euronext_full_download_csv	XOSL	provider_default	2024-09-16	2026-09-14	509.0	141.5	140.8984	26767.0	242.0	3771428.0	0.5652654867256637	2.215909090909091	2.194130925507901	0.7422829129710051	0.0	-0.5188559069670184	13698.5	88.0	1244026.0	90.13475	True	True	True	True	True	True	2026-09-14T23:07:01.895354+00:00
2026-09-13	2026-09-14	NO0013711721-XOSL	NO0013711721	BINT	BEVEST ASA	XOSL	Oslo Børs	True	Common Stock	101	PASS				1	euronext_full_download_csv	XOSL	provider_default	2024-09-16	2026-09-14	509.0	21.7	21.4266	2382.0	14.0	51038.0	-0.07264957264957261	-0.11065573770491799	-0.125	0.5439133578124716	-0.6111111111111112	-0.6326164874551972	3205.5	9.5	70790.5	22.5259	True	True	True	True	True	True	2026-09-14T23:07:02.517386+00:00
2026-09-13	2026-09-14	NO0013713115-XOSL	NO0013713115	GENO	GENERAL OCEANS ASA	XOSL	Oslo Børs	True	Common Stock	101	PASS				1	euronext_full_download_csv	XOSL	provider_default	2026-03-25	2026-09-14	121.0	17.44	17.6336	898939.0	641.0	15851513.0	-0.21085972850678736	-0.17345971563981044		0.5155921066268693			187815.0	260.5	3760245.5	19.68715	True	True	False	True	False	True	2026-09-14T23:07:02.938139+00:00
2026-09-13	2026-09-14	NO0013721613-XOSL	NO0013721613	OTOVO	OTOVO ASA	XOSL	Oslo Børs	True	Common Stock	101	PASS				1	euronext_full_download_csv	XOSL	provider_default	2024-09-16	2026-09-14	509.0	11.15	10.9164	4214.0	10.0	46002.0	0.022935779816513735	0.1094527363184079	0.0045045045045044585	0.5934891950100204	-0.35399768250289687	-0.47856315179606035	32904.0	33.0	373867.0	11.47265	True	True	True	True	True	True	2026-09-14T23:07:03.563109+00:00
2026-09-13	2026-09-14	NO0013740142-XOSL	NO0013740142	NEXT	NEXT BIOMETRICS GROUP	XOSL	Oslo Børs	True	Common Stock	101	PASS				1	euronext_full_download_csv	XOSL	provider_default	2024-09-16	2026-09-14	509.0	0.245	0.2504	170783.0	26.0	42758.0	-0.1694915254237288	-0.7365591397849462	-0.8976194901734769	1.3642689743103487	-0.9863112409240036	-0.9870934557283462	370687.0	24.0	101604.5	0.2666	True	True	True	True	True	True	2026-09-14T23:07:04.280468+00:00
2026-09-13	2026-09-14	NO0013751966-XOSL	NO0013751966	HPUR	HEXAGON PURUS ASA	XOSL	Oslo Børs	True	Common Stock	101	PASS				1	euronext_full_download_csv	XOSL	provider_default	2024-09-16	2026-09-14	509.0	5.66	5.7389	8301.0	21.0	47639.0	-0.33723653395784536	-0.5	-0.4768946395563771	0.6841886315963184	-0.7473214285714285	-0.7473214285714285	35732.0	35.5	299800.0	8.261600000000001	True	True	True	True	True	True	2026-09-14T23:07:04.873587+00:00
2026-09-13	2026-09-14	NO0013753343-XOSL	NO0013753343	BOHUS	BOHUS ASA	XOSL	Oslo Børs	True	Common Stock	101	PASS				1	euronext_full_download_csv	XOSL	provider_default	2026-06-17	2026-09-14	64.0	35.5	35.5057	439547.0	103.0	15606417.0	-0.0273972602739726	0.14516129032258074		0.32953673467458416			85364.5	95.0	3092259.5	36.536	True	True	False	True	False	True	2026-09-14T23:07:05.268037+00:00
2026-09-13	2026-09-14	NO0013755728-XOSL	NO0013755728	DELIA	DELLIA GROUP	XOSL	Oslo Børs	True	Common Stock	101	PASS				1	euronext_full_download_csv	XOSL	provider_default	2025-09-26	2026-09-14	246.0	21.0	21.1363	26416.0	77.0	558337.0	0.03960396039603964	-0.256768713502035	-0.6009501187648456	1.0203835309993254			78332.5	133.0	1701200.0	21.563299999999998	True	True	True	True	False	True	2026-09-14T23:07:05.719132+00:00
2026-09-13	2026-09-14	SE0014731154-XOSL	SE0014731154	CONTX	CONTEXTVISION	XOSL	Oslo Børs	True	Common Stock	101	PASS				1	euronext_full_download_csv	XOSL	provider_default	2024-09-16	2026-09-14	509.0	4.28	4.2852	141306.0	49.0	605530.0	0.22285714285714286	0.21246458923512757	0.35443037974683556	0.5486950247445102	-0.11570247933884292	-0.41322314049586784	102290.5	46.0	430797.0	4.1719	True	True	True	True	True	True	2026-09-14T23:07:06.575317+00:00
2026-09-13	2026-09-14	SE0028799411-XOSL	SE0028799411	PUBLI	PPI PUBLIC PROPERTY INVEST AB (PUBL)	XOSL	Oslo Børs	True	Common Stock	101	PASS				1	euronext_full_download_csv	XOSL	provider_default	2026-05-20	2026-09-14	84.0	17.67	17.9211	379483.0	558.0	6800743.0	-0.052546916890080286	-0.08179172729162332		0.27838578608364073			267974.5	433.5	4902056.0	18.3709	True	True	False	True	False	True	2026-09-14T23:07:06.985312+00:00
2026-09-13	2026-09-14	SGXZ53070850-XOSL	SGXZ53070850	HAFNI	HAFNIA LIMITED	XOSL	Oslo Børs	True	Common Stock	101	PASS				1	euronext_full_download_csv	XOSL	provider_default	2024-09-16	2026-09-14	509.0	86.9	87.3621	1016312.0	1838.0	88787132.0	0.19286204529855877	0.2676878191101386	0.3633511139002197	0.40792200537524453	-0.01974055273547659	-0.2379269729093051	691981.0	1143.5	51646947.5	79.136	True	True	True	True	True	True	2026-09-14T23:07:07.717997+00:00
2026-09-13	2026-09-14	SGXZ69436764-XOSL	SGXZ69436764	BWLPG	BW LPG	XOSL	Oslo Børs	True	Common Stock	101	PASS				1	euronext_full_download_csv	XOSL	provider_default	2024-09-16	2026-09-14	509.0	232.0	233.4709	289036.0	1068.0	67481507.0	0.08108108108108114	0.27332601536772794	0.6642754662840746	0.40568875715511304	-0.007698887938408894	-0.26689000558347287	388941.5	1449.5	88881171.0	224.0799	True	True	True	True	True	True	2026-09-14T23:07:08.442501+00:00
2026-09-13	2026-09-14	BE0974269012-XPAR	BE0974269012	ALDV	ADC SIIC	XPAR	Euronext Paris	True	Common Stock	101	PASS				1	euronext_full_download_csv	XPAR	provider_default	2024-09-16	2026-09-14	509.0	0.0562	0.0	0.0	0.0	0.0	-0.2575957727873184	0.12175648702594821	-0.2139860139860139	1.1628296379893588	-0.3349112426035503	-0.3372781065088758	0.0	0.0	0.0	0.0	True	True	True	True	True	True	2026-09-14T23:07:09.845435+00:00
2026-09-13	2026-09-14	BE0974310428-XPAR	BE0974310428	XFAB	X-FAB SILICON FOUNDRIES SE	XPAR	Euronext Paris	True	Common Stock	101	PASS				1	euronext_full_download_csv	XPAR	provider_default	2024-09-16	2026-09-14	509.0	5.81	5.7953	445165.0	1189.0	2579859.0	-0.12828207051762952	-0.39352818371607523	0.21854026845637575	0.6830400898436545	-0.5237704918032786	-0.5307377049180328	319521.5	863.5	1927774.5	6.0478	True	True	True	True	True	True	2026-09-14T23:07:11.763845+00:00
2026-09-13	2026-09-14	BMG9887P1068-XPAR	BMG9887P1068	CV	ZCI Limited	XPAR	Euronext Paris	True	Common Stock	101	PASS				1	euronext_full_download_csv	XPAR	provider_default	2024-09-16	2026-09-14	509.0	0.2	0.0	0.0	0.0	0.0	0.0	0.0	0.0	0.0	0.0	0.0	0.0	0.0	0.0	0.0	True	True	True	True	True	True	2026-09-14T23:07:13.669235+00:00
2026-09-13	2026-09-14	CH0008175645-XPAR	CH0008175645	TVRB	TELEVERBIER	XPAR	Euronext Paris	True	Common Stock	101	PASS				1	euronext_full_download_csv	XPAR	provider_default	2024-09-16	2026-09-14	509.0	73.0	0.0	0.0	0.0	0.0	0.07352941176470584	0.05797101449275366	0.09774436090225569	0.44510640147765623	-0.051948051948051965	-0.11688311688311692	0.0	0.0	0.0	0.0	True	True	True	True	True	True	2026-09-14T23:07:15.328618+00:00
2026-09-13	2026-09-14	CI0000053161-XPAR	CI0000053161	FORE	FORESTIERE EQUATORIALE	XPAR	Euronext Paris	True	Common Stock	101	PASS				1	euronext_full_download_csv	XPAR	provider_default	2024-09-16	2026-09-14	509.0	880.0	0.0	0.0	0.0	0.0	0.0	0.15032679738562083	0.2941176470588236	0.20669107850435975	0.0	-0.06896551724137934	0.0	0.0	0.0	0.0	True	True	True	True	True	True	2026-09-14T23:07:16.172711+00:00
2026-09-13	2026-09-14	FR0000030074-XPAR	FR0000030074	MALT	MALTERIES FCO-BEL.	XPAR	Euronext Paris	True	Common Stock	101	PASS				1	euronext_full_download_csv	XPAR	provider_default	2024-09-16	2026-09-14	509.0	835.0	0.0	0.0	0.0	0.0	-0.005952380952380931	-0.01764705882352946	-0.08743169398907102	0.1702359424173261	-0.14795918367346939	-0.16326530612244894	0.5	0.5	437.5	412.5	True	True	True	True	True	True	2026-09-14T23:07:17.813119+00:00
2026-09-13	2026-09-14	FR0000031023-XPAR	FR0000031023	ELEC	ELEC.STRASBOURG	XPAR	Euronext Paris	True	Common Stock	101	PASS				1	euronext_full_download_csv	XPAR	provider_default	2024-09-16	2026-09-14	509.0	156.6	157.0761	967.0	143.0	151893.0	-0.07117437722419928	-0.21148036253776437	-0.2849315068493151	0.4223696040075352	-0.37360000000000004	-0.37760000000000005	1340.0	163.0	224157.0	164.21915	True	True	True	True	True	True	2026-09-14T23:07:20.855319+00:00
2026-09-13	2026-09-14	FR0000031577-XPAR	FR0000031577	VIRP	VIRBAC	XPAR	Euronext Paris	True	Common Stock	101	PASS				1	euronext_full_download_csv	XPAR	provider_default	2024-09-16	2026-09-14	509.0	314.5	315.3639	7414.0	412.0	2338108.0	-0.0541353383458647	-0.052710843373493965	-0.05979073243647237	0.24856808202738653	-0.18098958333333337	-0.21354166666666663	3705.0	295.5	1188641.0	322.8127	True	True	True	True	True	True	2026-09-14T23:07:22.987538+00:00
2026-09-13	2026-09-14	FR0000031775-XPAR	FR0000031775	VCT	VICAT	XPAR	Euronext Paris	True	Common Stock	101	PASS				1	euronext_full_download_csv	XPAR	provider_default	2024-09-16	2026-09-14	509.0	60.5	60.8705	21958.0	397.0	1336594.0	-0.07350689127105658	-0.10104011887072806	-0.016260162601625994	0.36887531310571325	-0.25492610837438423	-0.27586206896551735	23236.0	348.0	1516305.0	64.3748	True	True	True	True	True	True	2026-09-14T23:07:27.037663+00:00
2026-09-13	2026-09-14	FR0000031973-XPAR	FR0000031973	FSDV	FSDV	XPAR	Euronext Paris	True	Common Stock	101	PASS				1	euronext_full_download_csv	XPAR	provider_default	2024-09-16	2026-09-14	509.0	18.1	18.1515	101.0	3.0	1833.0	-0.016304347826086807	-0.021621621621621512	-0.005494505494505364	0.12637642072503105	-0.037234042553191404	-0.09090909090909094	1.0	1.0	19.0	18.35065	True	True	True	True	True	True	2026-09-14T23:07:28.099901+00:00
2026-09-13	2026-09-14	FR0000032526-XPAR	FR0000032526	GBT	GUERBET	XPAR	Euronext Paris	True	Common Stock	101	PASS				1	euronext_full_download_csv	XPAR	provider_default	2024-09-16	2026-09-14	509.0	7.4	7.4227	3295.0	44.0	24458.0	-0.08074534161490687	-0.2177589852008457	-0.11904761904761907	0.29003930219746255	-0.5893451720310765	-0.5893451720310765	6265.0	59.5	47986.5	7.67495	True	True	True	True	True	True	2026-09-14T23:07:30.663236+00:00
2026-09-13	2026-09-14	FR0000032658-XPAR	FR0000032658	SDG	SYNERGIE	XPAR	Euronext Paris	True	Common Stock	101	PASS				1	euronext_full_download_csv	XPAR	provider_default	2024-09-16	2026-09-14	509.0	28.0	27.8392	887.0	20.0	24693.0	-0.0572390572390572	-0.020979020979021046	0.03703703703703698	0.19482594681835452	-0.17404129793510326	-0.22418879056047192	716.0	21.0	20002.0	28.04965	True	True	True	True	True	True	2026-09-14T23:07:31.763368+00:00
2026-09-13	2026-09-14	FR0000033219-XPAR	FR0000033219	ALTA	ALTAREA	XPAR	Euronext Paris	True	Common Stock	101	PASS				1	euronext_full_download_csv	XPAR	provider_default	2024-09-16	2026-09-14	509.0	84.9	84.7101	9446.0	271.0	800172.0	-0.14759036144578308	-0.12293388429752061	-0.2913188647746243	0.2133754562769018	-0.3398133748055987	-0.3491446345256609	8953.5	276.5	790437.5	93.48975	True	True	True	True	True	True	2026-09-14T23:07:33.910325+00:00
2026-09-13	2026-09-14	FR0000033243-XPAR	FR0000033243	IMDA	IMMOB.DASSAULT	XPAR	Euronext Paris	True	Common Stock	101	PASS				1	euronext_full_download_csv	XPAR	provider_default	2024-09-16	2026-09-14	509.0	44.0	44.2219	968.0	27.0	42807.0	-0.08141962421711901	-0.10750507099391471	-0.13385826771653542	0.12996414740655238	-0.2142857142857143	-0.2142857142857143	501.0	20.0	22733.0	45.933949999999996	True	True	True	True	True	True	2026-09-14T23:07:34.755488+00:00
2026-09-13	2026-09-14	FR0000033904-XPAR	FR0000033904	JCQ	JACQUET METALS	XPAR	Euronext Paris	True	Common Stock	101	PASS				1	euronext_full_download_csv	XPAR	provider_default	2024-09-16	2026-09-14	509.0	21.95	22.1984	21841.0	334.0	484835.0	0.05783132530120483	-0.0854166666666667	0.020930232558139528	0.2647144977367846	-0.12723658051689857	-0.21590457256461237	4236.0	114.5	87941.5	20.640700000000002	True	True	True	True	True	True	2026-09-14T23:07:37.117774+00:00
2026-09-13	2026-09-14	FR0000034894-XPAR	FR0000034894	GAM	GAUMONT	XPAR	Euronext Paris	True	Common Stock	101	PASS				1	euronext_full_download_csv	XPAR	provider_default	2024-09-16	2026-09-14	509.0	101.0	101.0556	126.0	9.0	12733.0	0.0	-0.05607476635514019	0.0	0.2735948748097431	-0.23484848484848486	-0.25	17.0	4.0	1726.5	101.05905	True	True	True	True	True	True	2026-09-14T23:07:38.951602+00:00
2026-09-13	2026-09-14	FR0000035081-XPAR	FR0000035081	ICAD	ICADE	XPAR	Euronext Paris	True	Common Stock	101	PASS				1	euronext_full_download_csv	XPAR	provider_default	2024-09-16	2026-09-14	509.0	16.89	16.8979	99208.0	408.0	1676407.0	-0.1230529595015577	-0.19876660341555963	-0.1630327056491575	0.2781403053291049	-0.2526548672566372	-0.2526548672566372	99790.0	538.5	1739210.0	18.100749999999998	True	True	True	True	True	True	2026-09-14T23:07:39.915676+00:00
2026-09-13	2026-09-14	FR0000035164-XPAR	FR0000035164	BEN	BENETEAU	XPAR	Euronext Paris	True	Common Stock	101	PASS				1	euronext_full_download_csv	XPAR	provider_default	2024-09-16	2026-09-14	509.0	5.38	5.3819	59096.0	281.0	318050.0	-0.13085621970920847	-0.1934032983508246	-0.19279819954988753	0.2014802278825487	-0.38584474885844744	-0.38926940639269414	48826.0	310.0	292184.5	5.7927	True	True	True	True	True	True	2026-09-14T23:07:42.387117+00:00
2026-09-13	2026-09-14	FR0000035370-XPAR	FR0000035370	BLC	BASTIDE LE CONFORT	XPAR	Euronext Paris	True	Common Stock	101	PASS				1	euronext_full_download_csv	XPAR	provider_default	2024-09-16	2026-09-14	509.0	22.5	22.4648	2502.0	78.0	56207.0	0.0	-0.04458598726114649	-0.0625	0.2596714829021108	-0.180327868852459	-0.19854280510018207	1909.5	73.5	42535.0	22.46865	True	True	True	True	True	True	2026-09-14T23:07:43.366160+00:00
2026-09-13	2026-09-14	FR0000035719-XPAR	FR0000035719	EEM	ELECTRICITE ET EAUX DE MADAGASCAR	XPAR	Euronext Paris	True	Common Stock	101	PASS				1	euronext_full_download_csv	XPAR	provider_default	2024-09-16	2026-09-14	509.0	1.8	1.8	12.0	1.0	22.0	-0.09999999999999998	-0.05263157894736836	-0.25	0.4227727974425186	-0.430379746835443	-0.430379746835443	12.0	1.0	22.5	1.87	True	True	True	True	True	True	2026-09-14T23:07:44.613865+00:00
2026-09-13	2026-09-14	FR0000035784-XPAR	FR0000035784	EGR	TRANSITION EVERGREEN	XPAR	Euronext Paris	True	Common Stock	101	PASS				1	euronext_full_download_csv	XPAR	provider_default	2024-09-16	2026-09-14	509.0	0.063	0.0604	9792.0	8.0	591.0	-0.08695652173913049	-0.2222222222222222	-0.4298642533936652	1.3461077422946395	-0.8090909090909091	-0.8690909090909091	29732.0	10.5	2108.0	0.06885	True	True	True	True	True	True	2026-09-14T23:07:45.547454+00:00
2026-09-13	2026-09-14	FR0000036675-XPAR	FR0000036675	CEN	GROUPE CRIT	XPAR	Euronext Paris	True	Common Stock	101	PASS				1	euronext_full_download_csv	XPAR	provider_default	2024-09-16	2026-09-14	509.0	50.2	50.569	1419.0	71.0	71757.0	-0.041984732824427384	-0.08727272727272717	-0.1797385620915033	0.18472301539233796	-0.255192878338279	-0.2596439169139467	395.0	19.5	20981.5	52.58955	True	True	True	True	True	True	2026-09-14T23:07:46.565740+00:00
2026-09-13	2026-09-14	FR0000037475-XPAR	FR0000037475	CFI	CFI	XPAR	Euronext Paris	True	Common Stock	101	PASS				1	euronext_full_download_csv	XPAR	provider_default	2024-09-16	2026-09-14	509.0	1.47	0.0	0.0	0.0	0.0	0.17599999999999993	0.3999999999999999	0.2457627118644068	0.5969536564264557	-0.5389031346211821	-0.6783783806673314	0.0	0.0	0.0	0.0	True	True	True	True	True	True	2026-09-14T23:07:47.537859+00:00
2026-09-13	2026-09-14	FR0000038184-XPAR	FR0000038184	FIPP	FIPP	XPAR	Euronext Paris	True	Common Stock	101	PASS				1	euronext_full_download_csv	XPAR	provider_default	2024-09-16	2026-09-14	509.0	0.16	0.16	2151.0	2.0	344.0	-0.04761904761904767	0.11888111888111896	0.15107913669064743	0.8651535542523046	-0.053254437869822535	-0.24444444444444458	0.0	0.0	0.0	0.0	True	True	True	True	True	True	2026-09-14T23:07:48.337876+00:00
2026-09-13	2026-09-14	FR0000038242-XPAR	FR0000038242	LBIRD	LUMIBIRD	XPAR	Euronext Paris	True	Common Stock	101	PASS				1	euronext_full_download_csv	XPAR	provider_default	2024-09-16	2026-09-14	509.0	25.8	25.3235	44227.0	502.0	1119982.0	-0.08994708994709	0.04878048780487809	0.20560747663551404	0.33613820323186416	-0.09473684210526312	-0.1795918367346938	21792.5	411.0	554038.0	25.53665	True	True	True	True	True	True	2026-09-14T23:07:49.375631+00:00
2026-09-13	2026-09-14	FR0000038606-XPAR	FR0000038606	MTU	MANITOU BF	XPAR	Euronext Paris	True	Common Stock	101	PASS				1	euronext_full_download_csv	XPAR	provider_default	2024-09-16	2026-09-14	509.0	22.0	22.0603	9919.0	202.0	218816.0	-0.0022675736961451642	0.04018912529550844	0.1578947368421053	0.37201331566847445	-0.08713692946058094	-0.23651452282157692	8695.5	185.0	191082.5	21.46685	True	True	True	True	True	True	2026-09-14T23:07:50.785469+00:00
2026-09-13	2026-09-14	FR0000039091-XPAR	FR0000039091	RBT	ROBERTET	XPAR	Euronext Paris	True	Common Stock	101	PASS				1	euronext_full_download_csv	XPAR	provider_default	2024-09-16	2026-09-14	509.0	772.0	770.1713	1080.0	133.0	831785.0	-0.04218362282878407	-0.049261083743842415	-0.031367628607277265	0.21043789662429158	-0.15164835164835166	-0.16043956043956042	702.5	165.5	553184.0	788.78	True	True	True	True	True	True	2026-09-14T23:07:52.037421+00:00
2026-09-13	2026-09-14	FR0000039109-XPAR	FR0000039109	SCHP	SECHE ENVIRONNEM.	XPAR	Euronext Paris	True	Common Stock	101	PASS				1	euronext_full_download_csv	XPAR	provider_default	2024-09-16	2026-09-14	509.0	80.7	80.5535	8541.0	248.0	688008.0	0.008750000000000036	-0.0037037037037036535	0.03861003861003853	0.23851341894201328	-0.10532150776053217	-0.29702970297029707	2376.5	136.0	189072.5	79.96085	True	True	True	True	True	True	2026-09-14T23:07:52.907018+00:00
2026-09-13	2026-09-14	FR0000039216-XPAR	FR0000039216	AREIT	ALTAREIT	XPAR	Euronext Paris	True	Common Stock	101	PASS				1	euronext_full_download_csv	XPAR	provider_default	2024-09-16	2026-09-14	509.0	575.0	575.0	1.0	1.0	575.0	-0.017094017094017144	-0.017094017094017144	-0.03361344537815125	0.03503231031097309	-0.03361344537815125	-0.05555555555555558	1.0	1.0	575.0	575.0	True	True	True	True	True	True	2026-09-14T23:07:53.954200+00:00
2026-09-13	2026-09-14	FR0000039232-XPAR	FR0000039232	AURE	AUREA	XPAR	Euronext Paris	True	Common Stock	101	PASS				1	euronext_full_download_csv	XPAR	provider_default	2024-09-16	2026-09-14	509.0	6.0	6.1167	120.0	5.0	734.0	0.034482758620689724	0.04166666666666674	0.03806228373702414	0.3772894148608193	-0.05362776025236593	-0.1482649842271293	110.5	7.0	664.5	5.9017	True	True	True	True	True	True	2026-09-14T23:07:54.737956+00:00
2026-09-13	2026-09-14	FR0000039299-XPAR	FR0000039299	BOL	BOLLORE SE	XPAR	Euronext Paris	True	Common Stock	101	PASS				1	euronext_full_download_csv	XPAR	provider_default	2024-09-16	2026-09-14	509.0	3.69	3.6971	1784413.0	1207.0	6597143.0	-0.046018614270941005	-0.06080317007691416	0.16969567656703632	0.2034032640170448	-0.10955598455598459	-0.12306949806949807	2467807.0	1298.5	9476735.5	3.82815	True	True	True	True	True	True	2026-09-14T23:07:55.706012+00:00
2026-09-13	2026-09-14	FR0000039620-XPAR	FR0000039620	MRN	MERSEN	XPAR	Euronext Paris	True	Common Stock	101	PASS				1	euronext_full_download_csv	XPAR	provider_default	2024-09-16	2026-09-14	509.0	36.18	36.4973	29676.0	607.0	1083094.0	-0.11583577712609971	-0.19313113291703843	0.47673469387755096	0.5071303715109019	-0.19313113291703843	-0.27127659574468077	28689.0	530.0	1073327.5	37.9828	True	True	True	True	True	True	2026-09-14T23:07:56.687219+00:00
2026-09-13	2026-09-14	FR0000044448-XPAR	FR0000044448	NEX	NEXANS	XPAR	Euronext Paris	True	Common Stock	101	PASS				1	euronext_full_download_csv	XPAR	provider_default	2024-09-16	2026-09-14	509.0	131.4	133.4336	210677.0	3400.0	28111395.0	-0.06142857142857139	-0.1417374265186152	0.12116040955631391	0.36879467412238637	-0.21739130434782605	-0.26086956521739135	136748.0	1529.0	18980606.0	138.88580000000002	True	True	True	True	True	True	2026-09-14T23:07:57.606245+00:00
2026-09-13	2026-09-14	FR0000044471-XPAR	FR0000044471	GDS	RAMSAY GENERALE DE SANTE	XPAR	Euronext Paris	True	Common Stock	101	PASS				1	euronext_full_download_csv	XPAR	provider_default	2024-09-16	2026-09-14	509.0	10.7	10.7881	126.0	6.0	1359.0	0.00943396226415083	-0.04035874439461895	0.02392344497607657	0.18343825384634796	-0.06956521739130439	-0.14563106796116498	102.5	7.0	1111.0	10.869150000000001	True	True	True	True	True	True	2026-09-14T23:07:58.438885+00:00
2026-09-13	2026-09-14	FR0000045072-XPAR	FR0000045072	ACA	CREDIT AGRICOLE	XPAR	Euronext Paris	True	Common Stock	101	PASS				1	euronext_full_download_csv	XPAR	provider_default	2024-09-16	2026-09-14	509.0	18.44	18.4714	2991761.0	4582.0	55261896.0	-0.08712871287128698	0.05281187553525557	0.11791451955137933	0.18775563673893783	-0.08712871287128698	-0.16688567674113008	3572520.0	4631.0	66545131.0	18.74155	True	True	True	True	True	True	2026-09-14T23:07:59.221187+00:00
2026-09-13	2026-09-14	FR0000050049-XPAR	FR0000050049	VIL	VIEL ET COMPAGNIE	XPAR	Euronext Paris	True	Common Stock	101	PASS				1	euronext_full_download_csv	XPAR	provider_default	2024-09-16	2026-09-14	509.0	18.98	19.0142	11858.0	181.0	225470.0	-0.001052631578947305	0.048618784530386705	0.15731707317073185	0.20506590008080894	-0.04527162977867194	-0.20218579234972678	11508.5	172.5	218162.5	19.11195	True	True	True	True	True	True	2026-09-14T23:08:01.836061+00:00
2026-09-13	2026-09-14	FR0000050353-XPAR	FR0000050353	FII	LISI	XPAR	Euronext Paris	True	Common Stock	101	PASS				1	euronext_full_download_csv	XPAR	provider_default	2024-09-16	2026-09-14	509.0	63.6	63.263	49438.0	839.0	3127594.0	-0.06881405563689602	-0.05917159763313595	0.2569169960474309	0.3277506061516118	-0.11297071129707115	-0.22992125984251965	25068.0	409.0	1523757.5	61.608549999999994	True	True	True	True	True	True	2026-09-14T23:08:02.855895+00:00
2026-09-13	2026-09-14	FR0000050395-XPAR	FR0000050395	CROS	CROSSWOOD	XPAR	Euronext Paris	True	Common Stock	101	PASS				1	euronext_full_download_csv	XPAR	provider_default	2024-09-16	2026-09-14	509.0	9.75	0.0	0.0	0.0	0.0	0.005154639175257714	-0.025000000000000022	-0.08878504672897192	0.42991416851612085	-0.1216216216216216	-0.21621621621621623	0.0	0.0	0.0	0.0	True	True	True	True	True	True	2026-09-14T23:08:03.564259+00:00
2026-09-13	2026-09-14	FR0000050809-XPAR	FR0000050809	SOP	SOPRA STERIA GROUP	XPAR	Euronext Paris	True	Common Stock	101	PASS				1	euronext_full_download_csv	XPAR	provider_default	2024-09-16	2026-09-14	509.0	166.1	165.6819	43514.0	1125.0	7209480.0	-0.10167658193618179	0.10292164674634785	0.375	0.473157226386187	-0.15081799591002043	-0.32367149758454106	42624.0	907.5	7001596.0	176.35895	True	True	True	True	True	True	2026-09-14T23:08:04.465658+00:00
2026-09-13	2026-09-14	FR0000051070-XPAR	FR0000051070	MAU	MAUREL ET PROM	XPAR	Euronext Paris	True	Common Stock	101	PASS				1	euronext_full_download_csv	XPAR	provider_default	2024-09-16	2026-09-14	509.0	8.405	8.3847	413386.0	1326.0	3466134.0	0.03446153846153832	0.0	-0.23101555352241543	0.3456493695069745	-0.2652972027972028	-0.33391608391608385	204780.0	831.0	1637378.5	8.17165	True	True	True	True	True	True	2026-09-14T23:08:05.614416+00:00
2026-09-13	2026-09-14	FR0000051393-XPAR	FR0000051393	IDIP	IDI	XPAR	Euronext Paris	True	Common Stock	101	PASS				1	euronext_full_download_csv	XPAR	provider_default	2024-09-16	2026-09-14	509.0	70.2	70.1066	424.0	25.0	29725.0	-0.014044943820224698	-0.005665722379603277	0.029325513196480912	0.10901722943252096	-0.09302325581395354	-0.1472868217054264	294.0	19.0	20819.0	70.83595	True	True	True	True	True	True	2026-09-14T23:08:06.538291+00:00
2026-09-13	2026-09-14	FR0000051807-XPAR	FR0000051807	TEP	TELEPERFORMANCE	XPAR	Euronext Paris	True	Common Stock	101	PASS				1	euronext_full_download_csv	XPAR	provider_default	2024-09-16	2026-09-14	509.0	71.58	71.7803	325479.0	3742.0	23362971.0	0.010160880609652923	0.25315126050420167	0.3866718326230143	0.5649915974813694	-0.05741374769554908	-0.3945219910455623	184130.0	1992.0	12894640.0	70.48365	True	True	True	True	True	True	2026-09-14T23:08:07.430956+00:00
2026-09-13	2026-09-14	FR0000052292-XPAR	FR0000052292	RMS	HERMES INTL	XPAR	Euronext Paris	True	Common Stock	101	PASS				1	euronext_full_download_csv	XPAR	provider_default	2024-09-16	2026-09-14	509.0	1414.0	1411.6524	81530.0	6274.0	115092024.0	-0.10279187817258884	-0.18147612156295223	-0.23256445047489827	0.359646952785241	-0.37155555555555553	-0.378	80341.5	6157.5	120634208.5	1548.7568	True	True	True	True	True	True	2026-09-14T23:08:08.417156+00:00
2026-09-13	2026-09-14	FR0000052680-XPAR	FR0000052680	SBT	OENEO	XPAR	Euronext Paris	True	Common Stock	101	PASS				1	euronext_full_download_csv	XPAR	provider_default	2024-09-16	2026-09-14	509.0	9.1	9.1017	702.0	18.0	6389.0	-0.017278617710583144	-0.004376367614879806	-0.015151515151515249	0.15335599748799197	-0.044117647058823484	-0.13235294117647056	500.0	17.5	4662.0	9.21895	True	True	True	True	True	True	2026-09-14T23:08:09.283093+00:00
2026-09-13	2026-09-14	FR0000053027-XPAR	FR0000053027	AKW	AKWEL	XPAR	Euronext Paris	True	Common Stock	101	PASS				1	euronext_full_download_csv	XPAR	provider_default	2024-09-16	2026-09-14	509.0	5.7	5.9333	11559.0	99.0	68583.0	-0.1543026706231454	-0.17391304347826086	-0.21703296703296704	0.269952281643794	-0.4864864864864864	-0.4864864864864864	4055.5	38.0	26536.0	6.4697	True	True	True	True	True	True	2026-09-14T23:08:10.217291+00:00
2026-09-13	2026-09-14	FR0000053035-XPAR	FR0000053035	GEA	GEA GRENOBL.ELECT.	XPAR	Euronext Paris	True	Common Stock	101	PASS				1	euronext_full_download_csv	XPAR	provider_default	2024-09-16	2026-09-14	509.0	72.5	71.6833	30.0	8.0	2151.0	-0.039735099337748325	-0.24083769633507857	-0.19444444444444442	0.2724640661041268	-0.2602040816326531	-0.27040816326530615	36.0	6.5	2709.0	74.20464999999999	True	True	True	True	True	True	2026-09-14T23:08:11.047717+00:00
2026-09-13	2026-09-14	FR0000053225-XPAR	FR0000053225	MMT	METROPOLE TV	XPAR	Euronext Paris	True	Common Stock	101	PASS				1	euronext_full_download_csv	XPAR	provider_default	2024-09-16	2026-09-14	509.0	11.78	11.7392	128213.0	475.0	1505123.0	-0.021594684385382035	-0.06951026856240128	0.027923211169284423	0.15932191295942524	-0.0924499229583976	-0.13888888888888895	63030.5	370.0	748826.0	11.97175	True	True	True	True	True	True	2026-09-14T23:08:11.969176+00:00
2026-09-13	2026-09-14	FR0000053324-XPAR	FR0000053324	CDA	ALPES (COMPAGNIE)	XPAR	Euronext Paris	True	Common Stock	101	PASS				1	euronext_full_download_csv	XPAR	provider_default	2024-09-16	2026-09-14	509.0	18.76	18.7327	36806.0	494.0	689475.0	-0.09590361445783124	-0.1568539325842696	-0.2784615384615384	0.28566780027255817	-0.35310344827586204	-0.35379310344827597	23912.0	283.5	481967.5	19.959000000000003	True	True	True	True	True	True	2026-09-14T23:08:12.886757+00:00
2026-09-13	2026-09-14	FR0000053381-XPAR	FR0000053381	DBG	DERICHEBOURG	XPAR	Euronext Paris	True	Common Stock	101	PASS				1	euronext_full_download_csv	XPAR	provider_default	2024-09-16	2026-09-14	509.0	9.385	9.3282	111369.0	625.0	1038867.0	0.02066340402392597	-0.0735439289239882	0.1636701797892126	0.22528334501871955	-0.10533841754051476	-0.1652631578947369	108206.5	582.5	1004742.0	9.1155	True	True	True	True	True	True	2026-09-14T23:08:13.986907+00:00
2026-09-13	2026-09-14	FR0000053944-XPAR	FR0000053944	SPEL	FONCIERE VOLTA	XPAR	Euronext Paris	True	Common Stock	101	PASS				1	euronext_full_download_csv	XPAR	provider_default	2024-09-16	2026-09-14	509.0	8.2	0.0	0.0	0.0	0.0	0.10067114093959728	0.012345679012345734	-0.07344632768361581	0.3699282001869109	-0.1413612565445027	-0.2198952879581152	0.0	0.0	0.0	0.0	True	True	True	True	True	True	2026-09-14T23:08:14.736658+00:00
2026-09-13	2026-09-14	FR0000054199-XPAR	FR0000054199	DPT	ST DUPONT	XPAR	Euronext Paris	True	Common Stock	101	PASS				1	euronext_full_download_csv	XPAR	provider_default	2024-09-16	2026-09-14	509.0	0.0872	0.0872	182160.0	6.0	15884.0	-0.028953229398663738	0.06082725060827254	-0.028953229398663738	0.5242313285337622	-0.11740890688259109	-0.2692307692307693	3527.5	7.5	305.5	0.0882	True	True	True	True	True	True	2026-09-14T23:08:15.646095+00:00
2026-09-13	2026-09-14	FR0000054231-XPAR	FR0000054231	HCO	HIGH CO	XPAR	Euronext Paris	True	Common Stock	101	PASS				1	euronext_full_download_csv	XPAR	provider_default	2024-09-16	2026-09-14	509.0	3.525	3.5595	14814.0	73.0	52730.0	-0.05622489959839361	-0.01673640167364021	-0.02083333333333337	0.1915430682700929	-0.1607142857142858	-0.22857142857142854	7609.0	51.5	28064.0	3.63665	True	True	True	True	True	True	2026-09-14T23:08:17.780784+00:00
2026-09-13	2026-09-14	FR0000054470-XPAR	FR0000054470	UBI	UBISOFT ENTERTAIN	XPAR	Euronext Paris	True	Common Stock	101	PASS				1	euronext_full_download_csv	XPAR	provider_default	2024-09-16	2026-09-14	509.0	5.32	5.2238	820945.0	1900.0	4288433.0	-0.023853211009174258	0.053048297703879754	0.275779376498801	0.5908954322397127	-0.4789422135161606	-0.6284035259549461	525874.5	1504.0	2803419.0	5.1667000000000005	True	True	True	True	True	True	2026-09-14T23:08:18.757830+00:00
2026-09-13	2026-09-14	FR0000054900-XPAR	FR0000054900	TFI	TF1	XPAR	Euronext Paris	True	Common Stock	101	PASS				1	euronext_full_download_csv	XPAR	provider_default	2024-09-16	2026-09-14	509.0	6.795	6.7871	161905.0	645.0	1098865.0	-0.03548616039744501	-0.00439560439560438	-0.0402542372881356	0.14934430807246546	-0.2180667433831991	-0.2410817031070196	166529.0	481.5	1150031.5	6.8705	True	True	True	True	True	True	2026-09-14T23:08:19.816864+00:00
2026-09-13	2026-09-14	FR0000060071-XPAR	FR0000060071	SAMS	SAMSE	XPAR	Euronext Paris	True	Common Stock	101	PASS				1	euronext_full_download_csv	XPAR	provider_default	2024-09-16	2026-09-14	509.0	119.0	118.925	140.0	22.0	16650.0	-0.024590163934426257	-0.04800000000000004	-0.012448132780082943	0.13076797313362554	-0.10861423220973787	-0.13108614232209737	97.5	13.5	11704.5	119.51724999999999	True	True	True	True	True	True	2026-09-14T23:08:20.747231+00:00
2026-09-13	2026-09-14	FR0000060121-XPAR	FR0000060121	SABE	SAINT JEAN GROUPE	XPAR	Euronext Paris	True	Common Stock	101	PASS				1	euronext_full_download_csv	XPAR	provider_default	2024-09-16	2026-09-14	509.0	19.7	19.7	75.0	2.0	1478.0	-0.024752475247524774	-0.06190476190476191	0.02072538860103612	0.2103393686791637	-0.13596491228070184	-0.13596491228070184	1.5	0.5	30.5	9.85	True	True	True	True	True	True	2026-09-14T23:08:21.633300+00:00
2026-09-13	2026-09-14	FR0000060303-XPAR	FR0000060303	COVH	COVIVIO HOTELS	XPAR	Euronext Paris	True	Common Stock	101	PASS				1	euronext_full_download_csv	XPAR	provider_default	2024-09-16	2026-09-14	509.0	21.5	21.5151	73.0	14.0	1571.0	-0.05701754385964919	-0.06926406926406936	-0.03153153153153154	0.2068673103165129	-0.2095588235294118	-0.22058823529411764	631.0	12.0	14205.0	22.5	True	True	True	True	True	True	2026-09-14T23:08:22.537134+00:00
2026-09-13	2026-09-14	FR0000060535-XPAR	FR0000060535	ORIA	FIDUCIAL REAL EST.	XPAR	Euronext Paris	True	Common Stock	101	PASS				1	euronext_full_download_csv	XPAR	provider_default	2024-09-16	2026-09-14	509.0	162.0	162.0	51.0	5.0	8262.0	-0.04705882352941182	-0.02409638554216864	-0.0357142857142857	0.16980632684331257	-0.07428571428571429	-0.08045977011494254	1.0	1.0	168.0	166.5	True	True	True	True	True	True	2026-09-14T23:08:23.306150+00:00
2026-09-13	2026-09-14	FR0000060824-XPAR	FR0000060824	FINM	FINANCIERE MARJOS	XPAR	Euronext Paris	True	Common Stock	101	PASS				1	euronext_full_download_csv	XPAR	provider_default	2024-09-16	2026-09-14	509.0	1.45	1.45	75.0	1.0	109.0	-0.15697674418604657	-0.19889502762430944	0.9463087248322146	1.0229769685434622	-0.24479166666666663	-0.38541666666666663	87.5	1.0	142.0	1.5168	True	True	True	True	True	True	2026-09-14T23:08:24.274672+00:00
2026-09-13	2026-09-14	FR0000060873-XPAR	FR0000060873	MBWS	MARIE BRIZARD WINE AND SPIRITS	XPAR	Euronext Paris	True	Common Stock	101	PASS				1	euronext_full_download_csv	XPAR	provider_default	2024-09-16	2026-09-14	509.0	2.91	2.8936	1777.0	18.0	5142.0	-0.03960396039603953	0.03928571428571437	0.14117647058823546	0.17387017488314316	-0.06129032258064515	-0.15436241610738255	1669.5	12.5	4898.5	2.97975	True	True	True	True	True	True	2026-09-14T23:08:25.224895+00:00
2026-09-13	2026-09-14	FR0000060907-XPAR	FR0000060907	CHSR	CHAUSSERIA	XPAR	Euronext Paris	True	Common Stock	101	PASS				1	euronext_full_download_csv	XPAR	provider_default	2024-09-16	2026-09-14	509.0	7.0	0.0	0.0	0.0	0.0	0.0	0.0	0.07692307692307687	0.0	0.0	-0.0714285714285714	0.0	0.0	0.0	0.0	True	True	True	True	True	True	2026-09-14T23:08:25.878502+00:00
2026-09-13	2026-09-14	FR0000061129-XPAR	FR0000061129	BOI	BOIRON	XPAR	Euronext Paris	True	Common Stock	101	PASS				1	euronext_full_download_csv	XPAR	provider_default	2024-09-16	2026-09-14	509.0	25.6	25.8012	1369.0	59.0	35322.0	-0.030303030303030165	-0.06909090909090909	-0.009671179883945835	0.1677179344554198	-0.19242902208201884	-0.21135646687697163	1378.5	42.5	35838.5	26.01935	True	True	True	True	True	True	2026-09-14T23:08:26.768838+00:00
2026-09-13	2026-09-14	FR0000061137-XPAR	FR0000061137	BUR	BURELLE	XPAR	Euronext Paris	True	Common Stock	101	PASS				1	euronext_full_download_csv	XPAR	provider_default	2024-09-16	2026-09-14	509.0	376.0	376.5753	73.0	19.0	27490.0	-0.057644110275689275	-0.07389162561576357	0.002666666666666595	0.20357406049221458	-0.1454545454545455	-0.18181818181818177	58.5	15.5	22926.5	388.64365	True	True	True	True	True	True	2026-09-14T23:08:27.608295+00:00
2026-09-13	2026-09-14	FR0000061418-XPAR	FR0000061418	SACI	FIDUCIAL OFF.SOL.	XPAR	Euronext Paris	True	Common Stock	101	PASS				1	euronext_full_download_csv	XPAR	provider_default	2024-09-16	2026-09-14	509.0	39.0	0.0	0.0	0.0	0.0	0.037234042553191404	0.4552238805970148	0.4552238805970148	0.5745452914939186	-0.039408866995073955	-0.13300492610837433	0.0	0.0	0.0	0.0	True	True	True	True	True	True	2026-09-14T23:08:28.498721+00:00
2026-09-13	2026-09-14	FR0000061475-XPAR	FR0000061475	EFI	EURASIA FONC INV	XPAR	Euronext Paris	True	Common Stock	101	PASS				1	euronext_full_download_csv	XPAR	provider_default	2024-09-16	2026-09-14	509.0	0.161	0.0	0.0	0.0	0.0	0.21052631578947367	0.21052631578947367	0.3305785123966942	0.2997850223567685	-0.23333333333333328	-0.42380952380952386	0.0	0.0	0.0	0.0	True	True	True	True	True	True	2026-09-14T23:08:29.236877+00:00
2026-09-13	2026-09-14	FR0000061780-XPAR	FR0000061780	AUGR	AUGROS COSMETIC	XPAR	Euronext Paris	True	Common Stock	101	PASS				1	euronext_full_download_csv	XPAR	provider_default	2024-09-16	2026-09-14	509.0	4.88	4.88	3.0	2.0	15.0	-0.0200803212851407	-0.02400000000000002	-0.04313725490196074	0.7176094982364544	-0.2434108527131783	-0.33333333333333337	96.0	2.0	466.5	4.521699999999999	True	True	True	True	True	True	2026-09-14T23:08:29.934988+00:00
2026-09-13	2026-09-14	FR0000062101-XPAR	FR0000062101	FCMC	FERM.CASINO MUNICIPAL CANNES	XPAR	Euronext Paris	True	Common Stock	101	PASS				1	euronext_full_download_csv	XPAR	provider_default	2024-09-16	2026-09-14	509.0	2820.0	2806.6667	6.0	6.0	16840.0	0.014388489208633004	0.0071428571428571175	0.4099999999999999	0.24684651557533932	-0.04729729729729726	-0.128	1.0	1.0	2850.0	2783.33335	True	True	True	True	True	True	2026-09-14T23:08:30.546423+00:00
2026-09-13	2026-09-14	FR0000062150-XPAR	FR0000062150	BLEE	BLEECKER	XPAR	Euronext Paris	True	Common Stock	101	PASS				1	euronext_full_download_csv	XPAR	provider_default	2024-09-16	2026-09-14	509.0	98.5	98.5	31.0	4.0	3054.0	-0.09633027522935778	-0.12831858407079644	-0.24230769230769234	0.5958740605472551	-0.28623188405797106	-0.28623188405797106	0.0	0.0	0.0	0.0	True	True	True	True	True	True	2026-09-14T23:08:31.106298+00:00
2026-09-13	2026-09-14	FR0000062234-XPAR	FR0000062234	ODET	ODET(COMPAGNIE DE L-)	XPAR	Euronext Paris	True	Common Stock	101	PASS				1	euronext_full_download_csv	XPAR	provider_default	2024-09-16	2026-09-14	509.0	1298.0	1296.125	104.0	51.0	134797.0	-0.032786885245901676	-0.11217510259917918	0.18214936247723124	0.14560454372636117	-0.14379947229551449	-0.22017045454545459	278.5	106.5	366563.0	1311.4353	True	True	True	True	True	True	2026-09-14T23:08:32.184839+00:00
2026-09-13	2026-09-14	FR0000062465-XPAR	FR0000062465	AAA	ALAN ALLMAN ASSOCIATES	XPAR	Euronext Paris	True	Common Stock	101	PASS				1	euronext_full_download_csv	XPAR	provider_default	2024-09-16	2026-09-14	509.0	1.67	1.67	100.0	3.0	167.0	0.12080536912751683	-0.13917525773195882	-0.379182156133829	0.6832623348202308	-0.6247191011235955	-0.6808988764044944	0.0	0.0	0.0	0.0	True	True	True	True	True	True	2026-09-14T23:08:32.802182+00:00
2026-09-13	2026-09-14	FR0000062671-XPAR	FR0000062671	EXA	EXAIL TECHNOLOGIES	XPAR	Euronext Paris	True	Common Stock	101	PASS				1	euronext_full_download_csv	XPAR	provider_default	2024-09-16	2026-09-14	509.0	124.4	124.2912	41190.0	380.0	5119555.0	-0.002405773857257376	0.1769157994323558	-0.08259587020648962	0.5492982848198832	-0.163978494623656	-0.373991935483871	20910.0	366.0	2598716.0	124.32965	True	True	True	True	True	True	2026-09-14T23:08:33.748198+00:00
2026-09-13	2026-09-14	FR0000062788-XPAR	FR0000062788	BUI	BARBARA BUI	XPAR	Euronext Paris	True	Common Stock	101	PASS				1	euronext_full_download_csv	XPAR	provider_default	2024-09-16	2026-09-14	509.0	3.0	0.0	0.0	0.0	0.0	-0.21052631578947367	-0.21052631578947367	-0.21052631578947367	0.798785697060682	-0.4	-0.496	0.0	0.0	0.0	0.0	True	True	True	True	True	True	2026-09-14T23:08:34.711967+00:00
2026-09-13	2026-09-14	FR0000062796-XPAR	FR0000062796	POMRY	MAISON POMMERY & ASSOCIES	XPAR	Euronext Paris	True	Common Stock	101	PASS				1	euronext_full_download_csv	XPAR	provider_default	2024-09-16	2026-09-14	509.0	9.8	9.8101	2354.0	41.0	23093.0	-0.05769230769230771	-0.16239316239316226	-0.08411214953271018	0.3020386618035875	-0.2222222222222221	-0.25396825396825395	1431.0	23.0	14414.0	10.055	True	True	True	True	True	True	2026-09-14T23:08:35.667042+00:00
2026-09-13	2026-09-14	FR0000062978-XPAR	FR0000062978	DKUPL	DEKUPLE	XPAR	Euronext Paris	True	Common Stock	101	PASS				1	euronext_full_download_csv	XPAR	provider_default	2024-09-16	2026-09-14	509.0	24.0	24.1122	3579.0	22.0	86298.0	-0.043824701195219196	-0.11439114391143912	0.012658227848101333	0.16369964421766373	-0.16666666666666674	-0.24423076923076925	904.5	22.0	21908.0	24.0013	True	True	True	True	True	True	2026-09-14T23:08:36.636927+00:00
2026-09-13	2026-09-14	FR0000063307-XPAR	FR0000063307	TBSO	TBSO	XPAR	Euronext Paris	True	Common Stock	101	PASS				1	euronext_full_download_csv	XPAR	provider_default	2024-09-16	2026-09-14	509.0	2.48	2.4434	653.0	20.0	1596.0	0.008130081300812941	-0.04615384615384621	-0.5866666666666667	0.5664841028443605	-0.5866666666666667	-0.6433333333333333	933.5	17.0	2305.0	2.4632	True	True	True	True	True	True	2026-09-14T23:08:37.313566+00:00
2026-09-13	2026-09-14	FR0000063737-XPAR	FR0000063737	AUB	AUBAY	XPAR	Euronext Paris	True	Common Stock	101	PASS				1	euronext_full_download_csv	XPAR	provider_default	2024-09-16	2026-09-14	509.0	52.3	52.3964	9437.0	295.0	494464.0	-0.08885017421602792	-0.10137457044673548	0.27095990279465365	0.2796320777815881	-0.1468189233278956	-0.33931484502446974	3878.0	163.5	215734.0	55.0848	True	True	True	True	True	True	2026-09-14T23:08:38.266089+00:00
2026-09-13	2026-09-14	FR0000063935-XPAR	FR0000063935	BON	BONDUELLE	XPAR	Euronext Paris	True	Common Stock	101	PASS				1	euronext_full_download_csv	XPAR	provider_default	2024-09-16	2026-09-14	509.0	8.44	8.3299	7974.0	92.0	66422.0	-0.052749719416386176	0.04844720496894395	0.009569377990430672	0.24121251600716503	-0.24372759856630832	-0.31899641577060933	11535.0	132.5	101355.0	8.64585	True	True	True	True	True	True	2026-09-14T23:08:39.117253+00:00
2026-09-13	2026-09-14	FR0000064271-XPAR	FR0000064271	STF	STEF	XPAR	Euronext Paris	True	Common Stock	101	PASS				1	euronext_full_download_csv	XPAR	provider_default	2024-09-16	2026-09-14	509.0	126.2	126.8295	760.0	94.0	96390.0	-0.05538922155688619	0.062289562289562284	0.08605851979345958	0.2567286363908537	-0.07883211678832114	-0.12633181126331816	1258.5	126.5	158432.0	127.56344999999999	True	True	True	True	True	True	2026-09-14T23:08:40.046335+00:00
2026-09-13	2026-09-14	FR0000064578-XPAR	FR0000064578	COV	COVIVIO	XPAR	Euronext Paris	True	Common Stock	101	PASS				1	euronext_full_download_csv	XPAR	provider_default	2024-09-16	2026-09-14	509.0	47.72	47.7412	82429.0	772.0	3935256.0	-0.08844317096466103	-0.12520623281393217	-0.15013357079252	0.20231006916839586	-0.23218020917135962	-0.23282381335478675	108614.0	701.0	5203242.0	49.54535	True	True	True	True	True	True	2026-09-14T23:08:41.017354+00:00
2026-09-13	2026-09-14	FR0000064602-XPAR	FR0000064602	ACAN	ACANTHE DEV.	XPAR	Euronext Paris	True	Common Stock	101	PASS				1	euronext_full_download_csv	XPAR	provider_default	2024-09-16	2026-09-14	509.0	0.21	0.207	17205.0	14.0	3561.0	0.004784688995215225	-0.01869158878504673	-0.11764705882352944	0.38323196664043657	-0.25266903914590755	-0.26690391459074747	9832.0	4.5	2049.5	0.207	True	True	True	True	True	True	2026-09-14T23:08:41.963336+00:00
2026-09-13	2026-09-14	FR0000064784-XPAR	FR0000064784	PEUG	PEUGEOT INVEST	XPAR	Euronext Paris	True	Common Stock	101	PASS				1	euronext_full_download_csv	XPAR	provider_default	2024-09-16	2026-09-14	509.0	53.9	54.0777	6462.0	221.0	349450.0	-0.07863247863247869	-0.08333333333333326	-0.14580031695721085	0.21270004865349895	-0.3177215189873418	-0.3177215189873418	4737.0	163.5	266848.5	56.16745	True	True	True	True	True	True	2026-09-14T23:08:42.995471+00:00
2026-09-13	2026-09-14	FR0000064958-XPAR	FR0000064958	ITXT	INTEXA	XPAR	Euronext Paris	True	Common Stock	101	PASS				1	euronext_full_download_csv	XPAR	provider_default	2024-09-16	2026-09-14	509.0	2.5	0.0	0.0	0.0	0.0	0.0	0.0	0.0	0.0	0.0	0.0	0.0	0.0	0.0	0.0	True	True	True	True	True	True	2026-09-14T23:08:43.595252+00:00
2026-09-13	2026-09-14	FR0000065260-XPAR	FR0000065260	DPAM	DOCK.PETR.AMBES AM	XPAR	Euronext Paris	True	Common Stock	101	PASS				1	euronext_full_download_csv	XPAR	provider_default	2024-09-16	2026-09-14	509.0	850.0	856.6667	3.0	3.0	2570.0	-0.011627906976744207	-0.08602150537634412	-0.0957446808510638	0.25435496596855306	-0.13705583756345174	-0.1675126903553299	1.0	1.0	860.0	855.0	True	True	True	True	True	True	2026-09-14T23:08:44.385513+00:00
2026-09-13	2026-09-14	FR0000065393-XPAR	FR0000065393	COUR	COURTOIS	XPAR	Euronext Paris	True	Common Stock	101	PASS				1	euronext_full_download_csv	XPAR	provider_default	2024-09-16	2026-09-14	509.0	102.0	0.0	0.0	0.0	0.0	-0.02857142857142858	-0.12068965517241381	-0.10526315789473684	0.24283174829845386	-0.15702479338842978	-0.17355371900826444	0.0	0.0	0.0	0.0	True	True	True	True	True	True	2026-09-14T23:08:45.390282+00:00
2026-09-13	2026-09-14	FR0000065484-XPAR	FR0000065484	LSS	LECTRA	XPAR	Euronext Paris	True	Common Stock	101	PASS				1	euronext_full_download_csv	XPAR	provider_default	2024-09-16	2026-09-14	509.0	21.6	21.2934	75892.0	570.0	1615999.0	-0.08668076109936562	0.30592503022974626	0.21896162528216712	0.3979117500950828	-0.15294117647058814	-0.403921568627451	41900.5	319.0	920047.0	22.35235	True	True	True	True	True	True	2026-09-14T23:08:46.279795+00:00
2026-09-13	2026-09-14	FR0000065492-XPAR	FR0000065492	SLCO	SELCODIS	XPAR	Euronext Paris	True	Common Stock	101	PASS				1	euronext_full_download_csv	XPAR	provider_default	2024-09-16	2026-09-14	509.0	0.29	0.0	0.0	0.0	0.0	0.0	0.0	0.0	0.0	0.0	0.0	0.0	0.0	0.0	0.0	True	True	True	True	True	True	2026-09-14T23:08:46.902565+00:00
2026-09-13	2026-09-14	FR0000065930-XPAR	FR0000065930	LEBL	FONCIERE 7 INVEST	XPAR	Euronext Paris	True	Common Stock	101	PASS				1	euronext_full_download_csv	XPAR	provider_default	2024-09-16	2026-09-14	509.0	0.352	0.0	0.0	0.0	0.0	-0.1200000000000001	0.13548387096774195	0.2941176470588234	0.8870284388228001	-0.1200000000000001	-0.38	0.0	0.0	0.0	0.0	True	True	True	True	True	True	2026-09-14T23:08:47.496596+00:00
2026-09-13	2026-09-14	FR0000065971-XPAR	FR0000065971	GRVO	GRAINES VOLTZ	XPAR	Euronext Paris	True	Common Stock	101	PASS				1	euronext_full_download_csv	XPAR	provider_default	2024-09-16	2026-09-14	509.0	17.3	17.3795	550.0	7.0	9559.0	-0.05722070844686655	-0.08707124010554079	-0.07733333333333325	0.3167553298335888	-0.17619047619047612	-0.18095238095238098	237.0	7.5	4207.0	17.678	True	True	True	True	True	True	2026-09-14T23:08:48.196375+00:00
2026-09-13	2026-09-14	FR0000066607-XPAR	FR0000066607	LACR	LACROIX GROUP	XPAR	Euronext Paris	True	Common Stock	101	PASS				1	euronext_full_download_csv	XPAR	provider_default	2024-09-16	2026-09-14	509.0	17.35	17.5643	3705.0	63.0	65076.0	-0.030726256983240052	-0.141089108910891	0.23487544483985778	0.4155947881652597	-0.16183574879227047	-0.1807228915662651	2460.5	57.0	44700.0	17.86775	True	True	True	True	True	True	2026-09-14T23:08:49.216377+00:00
2026-09-13	2026-09-14	FR0000066672-XPAR	FR0000066672	GLO	GL EVENTS	XPAR	Euronext Paris	True	Common Stock	101	PASS				1	euronext_full_download_csv	XPAR	provider_default	2024-09-16	2026-09-14	509.0	26.85	26.7287	15752.0	244.0	421030.0	-0.11822660098522164	-0.1851289833080425	-0.1543307086614173	0.2681091457106389	-0.24895104895104891	-0.2615384615384616	9894.0	228.5	281021.5	28.5773	True	True	True	True	True	True	2026-09-14T23:08:50.167684+00:00
2026-09-13	2026-09-14	FR0000066722-XPAR	FR0000066722	GUI	GUILLEMOT	XPAR	Euronext Paris	True	Common Stock	101	PASS				1	euronext_full_download_csv	XPAR	provider_default	2024-09-16	2026-09-14	509.0	4.06	4.0769	4656.0	51.0	18982.0	-0.10375275938189854	-0.09777777777777785	-0.07727272727272738	0.3172614940869679	-0.2536764705882354	-0.28676470588235303	1192.5	14.5	5098.5	4.3152	True	True	True	True	True	True	2026-09-14T23:08:51.314015+00:00
2026-09-13	2026-09-14	FR0000066755-XPAR	FR0000066755	PIG	HAULOTTE GROUP	XPAR	Euronext Paris	True	Common Stock	101	PASS				1	euronext_full_download_csv	XPAR	provider_default	2024-09-16	2026-09-14	509.0	2.13	2.1374	2750.0	20.0	5878.0	-0.10504201680672265	-0.03181818181818197	-0.018433179723502335	0.32318301437028535	-0.1198347107438017	-0.15966386554621848	3721.0	18.5	8456.5	2.25155	True	True	True	True	True	True	2026-09-14T23:08:52.271822+00:00
2026-09-13	2026-09-14	FR0000071797-XPAR	FR0000071797	INF	INFOTEL	XPAR	Euronext Paris	True	Common Stock	101	PASS				1	euronext_full_download_csv	XPAR	provider_default	2024-09-16	2026-09-14	509.0	39.3	38.9516	8236.0	101.0	320805.0	-0.050724637681159424	0.03421052631578947	0.06793478260869557	0.2767913450116417	-0.10068649885583536	-0.21510297482837537	2017.0	72.5	81107.5	40.4454	True	True	True	True	True	True	2026-09-14T23:08:53.246449+00:00
2026-09-13	2026-09-14	FR0000071946-XPAR	FR0000071946	ATE	ALTEN	XPAR	Euronext Paris	True	Common Stock	101	PASS				1	euronext_full_download_csv	XPAR	provider_default	2024-09-16	2026-09-14	509.0	71.45	71.341	42756.0	602.0	3050257.0	-0.034459459459459385	0.1377388535031847	0.2546093064091308	0.5573525700289417	-0.13603385731559858	-0.37605804111245467	40794.0	617.5	2844464.0	74.82679999999999	True	True	True	True	True	True	2026-09-14T23:08:54.201924+00:00
2026-09-13	2026-09-14	FR0000073041-XPAR	FR0000073041	VAC	PIERRE VACANCES	XPAR	Euronext Paris	True	Common Stock	101	PASS				1	euronext_full_download_csv	XPAR	provider_default	2024-09-16	2026-09-14	509.0	1.842	1.8436	192097.0	287.0	354141.0	-0.011802575107296098	0.01880530973451333	0.04421768707482987	0.07549155638374706	-0.07157258064516125	-0.17101147028154318	88583.0	272.5	164473.0	1.85335	True	True	True	True	True	True	2026-09-14T23:08:55.186210+00:00
2026-09-13	2026-09-14	FR0000073272-XPAR	FR0000073272	SAF	SAFRAN	XPAR	Euronext Paris	True	Common Stock	101	PASS				1	euronext_full_download_csv	XPAR	provider_default	2024-09-16	2026-09-14	509.0	321.6	322.7661	433830.0	7779.0	140025628.0	-0.10790568654646315	-0.007407407407407307	0.0547720564119385	0.26726603796285925	-0.11551155115511547	-0.23617511520737333	428280.0	6668.5	142809772.0	335.603	True	True	True	True	True	True	2026-09-14T23:08:56.201951+00:00
2026-09-13	2026-09-14	FR0000073298-XPAR	FR0000073298	IPS	IPSOS	XPAR	Euronext Paris	True	Common Stock	101	PASS				1	euronext_full_download_csv	XPAR	provider_default	2024-09-16	2026-09-14	509.0	36.08	35.8612	73319.0	878.0	2629311.0	-0.08379888268156432	-0.060416666666666674	-0.0033149171270719924	0.47004894469705666	-0.1542428504453821	-0.2155309033280507	55587.0	827.0	2059532.0	38.6627	True	True	True	True	True	True	2026-09-14T23:08:57.078118+00:00
2026-09-13	2026-09-14	FR0000074072-XPAR	FR0000074072	BIG	BIGBEN INTERACTIVE	XPAR	Euronext Paris	True	Common Stock	101	PASS				1	euronext_full_download_csv	XPAR	provider_default	2024-09-16	2026-09-14	509.0	0.135	0.1324	33631.0	48.0	4453.0	-0.22945205479452047	-0.6029411764705883	-0.5616883116883117	1.4824011562587582	-0.8989520958083832	-0.9017964071856287	34015.0	46.5	4653.5	0.1368	True	True	True	True	True	True	2026-09-14T23:08:58.086467+00:00
2026-09-13	2026-09-14	FR0000074148-XPAR	FR0000074148	ASY	ASSYSTEM	XPAR	Euronext Paris	True	Common Stock	101	PASS				1	euronext_full_download_csv	XPAR	provider_default	2024-09-16	2026-09-14	509.0	40.8	40.6249	2833.0	95.0	115090.0	-0.09131403118040093	-0.019230769230769384	-0.009708737864077777	0.26110821162198933	-0.15352697095435697	-0.18672199170124482	1879.0	98.5	83532.0	43.738600000000005	True	True	True	True	True	True	2026-09-14T23:08:59.115150+00:00
2026-09-13	2026-09-14	FR0000074197-XPAR	FR0000074197	FPG	UNION TECH.INFOR.	XPAR	Euronext Paris	True	Common Stock	101	PASS				1	euronext_full_download_csv	XPAR	provider_default	2024-09-16	2026-09-14	509.0	0.114	0.1053	172.0	2.0	18.0	-0.03797468354430367	-0.10588235294117643	-0.02145922746781115	0.5846472972660719	-0.15555555555555556	-0.23166666666666658	158.0	1.0	17.0	0.10515	True	True	True	True	True	True	2026-09-14T23:09:00.386264+00:00
2026-09-13	2026-09-14	FR0000074254-XPAR	FR0000074254	BSD	BOURSE DIRECT	XPAR	Euronext Paris	True	Common Stock	101	PASS				1	euronext_full_download_csv	XPAR	provider_default	2024-09-16	2026-09-14	509.0	5.42	5.4099	7443.0	63.0	40266.0	-0.08445945945945943	0.07968127490039856	0.12916666666666665	0.2786103948474269	-0.08445945945945943	-0.18164794007490637	4135.0	38.5	23341.0	5.64145	True	True	True	True	True	True	2026-09-14T23:09:01.246762+00:00
2026-09-13	2026-09-14	FR0000074783-XPAR	FR0000074783	PRC	ARTMARKET.COM(EX ARTPRICE.COM)	XPAR	Euronext Paris	True	Common Stock	101	PASS				1	euronext_full_download_csv	XPAR	provider_default	2024-09-16	2026-09-14	509.0	3.82	3.7635	1522.0	14.0	5728.0	0.2362459546925566	0.6186440677966103	0.2949152542372879	0.6776222838238464	-0.1957894736842105	-0.559652928416486	15527.0	85.5	63982.5	3.92775	True	True	True	True	True	True	2026-09-14T23:09:02.111521+00:00
2026-09-13	2026-09-14	FR0000076861-XPAR	FR0000076861	EOS	ACTEOS	XPAR	Euronext Paris	True	Common Stock	101	PASS				1	euronext_full_download_csv	XPAR	provider_default	2024-09-16	2026-09-14	509.0	0.85	0.85	77.0	4.0	65.0	0.046798029556650134	0.011904761904761862	-0.011627906976744207	0.3241874641170151	-0.2376681614349776	-0.3004484304932735	61.0	5.0	51.5	0.85	True	True	True	True	True	True	2026-09-14T23:09:03.036634+00:00
2026-09-13	2026-09-14	FR0000076952-XPAR	FR0000076952	ARTO	ARTOIS NOM.	XPAR	Euronext Paris	True	Common Stock	101	PASS				1	euronext_full_download_csv	XPAR	provider_default	2024-09-16	2026-09-14	509.0	9100.0	0.0	0.0	0.0	0.0	-0.08080808080808077	0.0	0.06432748538011701	0.20548528108533218	-0.08999999999999997	-0.09499999999999997	0.0	0.0	0.0	0.0	True	True	True	True	True	True	2026-09-14T23:09:03.751177+00:00
2026-09-13	2026-09-14	FR0000077919-XPAR	FR0000077919	DEC	JCDECAUX SE	XPAR	Euronext Paris	True	Common Stock	101	PASS				1	euronext_full_download_csv	XPAR	provider_default	2024-09-16	2026-09-14	509.0	24.54	24.5017	183667.0	966.0	4500161.0	0.022499999999999964	0.24821973550356047	0.22761380690345168	0.27315898471116373	-0.013665594855305496	-0.11116552399608237	139558.5	547.5	3354057.0	24.016199999999998	True	True	True	True	True	True	2026-09-14T23:09:04.965175+00:00
2026-09-13	2026-09-14	FR0000120073-XPAR	FR0000120073	AI	AIR LIQUIDE	XPAR	Euronext Paris	True	Common Stock	101	PASS				1	euronext_full_download_csv	XPAR	provider_default	2024-09-16	2026-09-14	509.0	166.88	166.9589	668391.0	9544.0	111593802.0	-0.008201592773089295	-0.00011983223487121997	0.06589243837202563	0.1676928363997278	-0.07443150305047153	-0.11975576591930615	646341.5	9177.5	108997915.5	168.40085	True	True	True	True	True	True	2026-09-14T23:09:05.911658+00:00
2026-09-13	2026-09-14	FR0000120107-XPAR	FR0000120107	SAVE	SAVENCIA S.A.	XPAR	Euronext Paris	True	Common Stock	101	PASS				1	euronext_full_download_csv	XPAR	provider_default	2024-09-16	2026-09-14	509.0	59.8	60.0385	5164.0	97.0	310039.0	-0.056782334384858024	-0.14814814814814825	0.020477815699658564	0.2366754049336363	-0.19407008086253374	-0.19407008086253374	554.5	32.5	34526.0	62.95195	True	True	True	True	True	True	2026-09-14T23:09:06.726434+00:00
2026-09-13	2026-09-14	FR0000120172-XPAR	FR0000120172	CA	CARREFOUR	XPAR	Euronext Paris	True	Common Stock	101	PASS				1	euronext_full_download_csv	XPAR	provider_default	2024-09-16	2026-09-14	509.0	16.61	16.5622	1825668.0	3492.0	30237139.0	0.051265822784809956	0.02370155691386211	0.05980185597401233	0.23166323281754858	-0.035826224655972516	-0.11629909355475077	1695788.0	2631.5	27844430.5	15.98725	True	True	True	True	True	True	2026-09-14T23:09:07.678192+00:00
2026-09-13	2026-09-14	FR0000120271-XPAR	FR0000120271	TTE	TOTALENERGIES	XPAR	Euronext Paris	True	Common Stock	101	PASS				1	euronext_full_download_csv	XPAR	provider_default	2024-09-16	2026-09-14	509.0	79.53	79.609	3641360.0	23972.0	289884996.0	0.04948535233570861	0.10137100124636489	0.06780343716433945	0.2259169077475917	-0.018390520859047133	-0.18637373488027642	3341625.5	16828.5	261351201.5	77.46039999999999	True	True	True	True	True	True	2026-09-14T23:09:08.668670+00:00
2026-09-13	2026-09-14	FR0000120321-XPAR	FR0000120321	OR	L'OREAL	XPAR	Euronext Paris	True	Common Stock	101	PASS				1	euronext_full_download_csv	XPAR	provider_default	2024-09-16	2026-09-14	509.0	384.2	382.5937	314253.0	8189.0	120231208.0	0.012384716732542822	0.005364385712416597	0.09023836549375708	0.2071831340927052	-0.04688662862813209	-0.14438104688662878	281580.5	7083.5	106233247.0	384.38065	True	True	True	True	True	True	2026-09-14T23:09:09.511072+00:00
2026-09-13	2026-09-14	FR0000120404-XPAR	FR0000120404	AC	ACCOR	XPAR	Euronext Paris	True	Common Stock	101	PASS				1	euronext_full_download_csv	XPAR	provider_default	2024-09-16	2026-09-14	509.0	45.73	45.6924	484599.0	4249.0	22142507.0	-0.019931418774110532	-0.05025960539979235	0.11130012150668289	0.2355804293475549	-0.11410306082913602	-0.20650863800723185	626468.0	3391.0	28951471.5	46.174949999999995	True	True	True	True	True	True	2026-09-14T23:09:10.534803+00:00
2026-09-13	2026-09-14	FR0000120503-XPAR	FR0000120503	EN	BOUYGUES	XPAR	Euronext Paris	True	Common Stock	101	PASS				1	euronext_full_download_csv	XPAR	provider_default	2024-09-16	2026-09-14	509.0	43.75	43.7442	597004.0	2801.0	26115459.0	-0.08184679958027274	-0.13228877429591435	-0.13228877429591435	0.23179021457807214	-0.17452830188679247	-0.17452830188679247	603323.5	2769.5	27565697.0	44.39515	True	True	True	True	True	True	2026-09-14T23:09:11.516563+00:00
2026-09-13	2026-09-14	FR0000120560-XPAR	FR0000120560	QDT	QUADIENT S.A.	XPAR	Euronext Paris	True	Common Stock	101	PASS				1	euronext_full_download_csv	XPAR	provider_default	2024-09-16	2026-09-14	509.0	12.42	12.4539	30834.0	325.0	384005.0	0.006482982171799101	0.006482982171799101	-0.02968750000000009	0.2787733916552775	-0.25806451612903214	-0.3560334528076463	32598.0	314.5	429836.0	12.878599999999999	True	True	True	True	True	True	2026-09-14T23:09:12.602266+00:00
2026-09-13	2026-09-14	FR0000120578-XPAR	FR0000120578	SAN	SANOFI	XPAR	Euronext Paris	True	Common Stock	101	PASS				1	euronext_full_download_csv	XPAR	provider_default	2024-09-16	2026-09-14	509.0	75.43	75.1972	2765071.0	17913.0	207925706.0	-0.001191737288135486	0.0073450854700856105	-0.018988164910911598	0.2661001013246119	-0.1659663865546217	-0.19847412649270235	1450262.0	8341.0	109813627.5	77.07655	True	True	True	True	True	True	2026-09-14T23:09:13.711480+00:00
2026-09-13	2026-09-14	FR0000120628-XPAR	FR0000120628	CS	AXA	XPAR	Euronext Paris	True	Common Stock	101	PASS				1	euronext_full_download_csv	XPAR	provider_default	2024-09-16	2026-09-14	509.0	43.67	43.6218	2556331.0	6161.0	111511705.0	-0.030632630410654782	0.026804608511638905	0.11459928534966823	0.13362910740098322	-0.04169409699363613	-0.09599614085865904	2391627.5	5523.0	105151135.0	43.636250000000004	True	True	True	True	True	True	2026-09-14T23:09:14.626743+00:00
2026-09-13	2026-09-14	FR0000120644-XPAR	FR0000120644	BN	DANONE	XPAR	Euronext Paris	True	Common Stock	101	PASS				1	euronext_full_download_csv	XPAR	provider_default	2024-09-16	2026-09-14	509.0	62.28	62.1825	1393034.0	4815.0	86622286.0	-0.07376561570493745	-0.0534954407294832	-0.14824945295404812	0.22510483076996166	-0.21758793969849244	-0.23442211055276374	922461.0	3699.0	60518533.5	64.46385000000001	True	True	True	True	True	True	2026-09-14T23:09:15.526833+00:00
2026-09-13	2026-09-14	FR0000120669-XPAR	FR0000120669	NAE	North Atlantic Energies	XPAR	Euronext Paris	True	Common Stock	101	PASS				1	euronext_full_download_csv	XPAR	provider_default	2024-09-16	2026-09-14	509.0	105.7	108.0071	18685.0	744.0	2018113.0	0.4887323943661972	1.2122226873168689	0.5799701046337817	0.5695900237070847	-0.012149532710280297	-0.4387755102040817	8448.0	394.5	691428.5	86.328	True	True	True	True	True	True	2026-09-14T23:09:16.514402+00:00
2026-09-13	2026-09-14	FR0000120693-XPAR	FR0000120693	RI	PERNOD RICARD	XPAR	Euronext Paris	True	Common Stock	101	PASS				1	euronext_full_download_csv	XPAR	provider_default	2024-09-16	2026-09-14	509.0	61.2	61.1788	623719.0	4337.0	38158367.0	-0.11509543088490448	-0.021113243761996192	-0.10552470038000583	0.3048786143468075	-0.32195878573011305	-0.34167959228894307	627878.5	3766.5	38930727.0	63.1687	True	True	True	True	True	True	2026-09-14T23:09:17.698793+00:00
2026-09-13	2026-09-14	FR0000120859-XPAR	FR0000120859	NK	IMERYS	XPAR	Euronext Paris	True	Common Stock	101	PASS				1	euronext_full_download_csv	XPAR	provider_default	2024-09-16	2026-09-14	509.0	22.76	22.9171	59096.0	452.0	1354309.0	-0.05087572977481225	0.00976042590949433	0.03926940639269416	0.3076175589152093	-0.18539727988546884	-0.2899069434502506	65536.0	541.0	1529934.5	24.129550000000002	True	True	True	True	True	True	2026-09-14T23:09:18.680052+00:00
2026-09-13	2026-09-14	FR0000120966-XPAR	FR0000120966	BB	BIC	XPAR	Euronext Paris	True	Common Stock	101	PASS				1	euronext_full_download_csv	XPAR	provider_default	2024-09-16	2026-09-14	509.0	67.1	67.2562	45520.0	261.0	3061501.0	0.010542168674698704	0.16291161178509506	0.25420560747663545	0.23473436936377315	-0.02753623188405807	-0.14495412844036693	27159.5	321.5	1824574.5	66.82405	True	True	True	True	True	True	2026-09-14T23:09:19.746734+00:00
2026-09-13	2026-09-14	FR0000121014-XPAR	FR0000121014	MC	LVMH	XPAR	Euronext Paris	True	Common Stock	101	PASS				1	euronext_full_download_csv	XPAR	provider_default	2024-09-16	2026-09-14	509.0	417.45	414.3808	547272.0	23795.0	226779024.0	-0.08933246073298429	-0.18307240704500982	-0.1160402329274749	0.2611302374340383	-0.35983744824413433	-0.3766293513264837	464889.5	16763.5	206422001.5	446.26210000000003	True	True	True	True	True	True	2026-09-14T23:09:20.688208+00:00
2026-09-13	2026-09-14	FR0000121121-XPAR	FR0000121121	RF	EURAZEO SE	XPAR	Euronext Paris	True	Common Stock	101	PASS				1	euronext_full_download_csv	XPAR	provider_default	2024-09-16	2026-09-14	509.0	46.96	47.0575	58790.0	716.0	2766510.0	-0.0925603864734299	0.07410795974382434	0.1828715365239295	0.28428542864115813	-0.23079443079443074	-0.3811629811629811	58262.0	565.0	2846095.5	49.52375	True	True	True	True	True	True	2026-09-14T23:09:21.665104+00:00
2026-09-13	2026-09-14	FR0000121147-XPAR	FR0000121147	FRVIA	FORVIA	XPAR	Euronext Paris	True	Common Stock	101	PASS				1	euronext_full_download_csv	XPAR	provider_default	2024-09-16	2026-09-14	509.0	9.388	9.3164	898390.0	2914.0	8369739.0	0.017559072187296687	-0.04399185336048883	-0.035545510581467044	0.480629122857023	-0.3671722278395686	-0.42797438490057294	727106.0	2558.0	6961219.5	9.02945	True	True	True	True	True	True	2026-09-14T23:09:22.595063+00:00
2026-09-13	2026-09-14	FR0000121204-XPAR	FR0000121204	MF	WENDEL	XPAR	Euronext Paris	True	Common Stock	101	PASS				1	euronext_full_download_csv	XPAR	provider_default	2024-09-16	2026-09-14	509.0	83.05	82.9911	18079.0	481.0	1500396.0	-0.05892351274787544	-0.020636792452830233	0.10145888594164454	0.1679254314888867	-0.09334061135371174	-0.1866812227074235	18682.0	473.5	1603982.5	85.63765000000001	True	True	True	True	True	True	2026-09-14T23:09:23.615517+00:00
2026-09-13	2026-09-14	FR0000121220-XPAR	FR0000121220	SW	SODEXO	XPAR	Euronext Paris	True	Common Stock	101	PASS				1	euronext_full_download_csv	XPAR	provider_default	2024-09-16	2026-09-14	509.0	56.4	56.5189	262418.0	1359.0	14831581.0	-0.007042253521126751	0.10805500982318272	0.2702702702702702	0.2492739478334984	-0.041631265930331396	-0.31219946571683	171056.5	1008.0	9851430.0	57.2505	True	True	True	True	True	True	2026-09-14T23:09:24.498662+00:00
2026-09-13	2026-09-14	FR0000121329-XPAR	FR0000121329	HO	THALES	XPAR	Euronext Paris	True	Common Stock	101	PASS				1	euronext_full_download_csv	XPAR	provider_default	2024-09-16	2026-09-14	509.0	230.4	230.2102	278680.0	4473.0	64154969.0	-0.1479289940828401	-0.0025974025974025983	-0.07432703897147452	0.273838446811832	-0.15604395604395604	-0.206959706959707	202239.5	3705.0	49583172.0	241.46435	True	True	True	True	True	True	2026-09-14T23:09:25.375660+00:00
2026-09-13	2026-09-14	FR0000121485-XPAR	FR0000121485	KER	KERING	XPAR	Euronext Paris	True	Common Stock	101	PASS				1	euronext_full_download_csv	XPAR	provider_default	2024-09-16	2026-09-14	509.0	238.0	238.4867	227239.0	7634.0	54193490.0	-0.11375907652206296	-0.10154775386938464	-0.03484885043604158	0.49892415499069664	-0.30722878239695117	-0.34120886132396844	286590.5	6834.5	70765822.0	248.49464999999998	True	True	True	True	True	True	2026-09-14T23:09:26.353282+00:00
2026-09-13	2026-09-14	FR0000121667-XPAR	FR0000121667	EL	ESSILORLUXOTTICA	XPAR	Euronext Paris	True	Common Stock	101	PASS				1	euronext_full_download_csv	XPAR	provider_default	2024-09-16	2026-09-14	509.0	147.7	147.42	812119.0	9046.0	119722623.0	-0.09135650569055687	-0.15479256080114456	-0.2724137931034484	0.27573212495613214	-0.5394449641409418	-0.545213595260368	704123.0	7882.5	112441561.5	159.25515000000001	True	True	True	True	True	True	2026-09-14T23:09:27.246767+00:00
2026-09-13	2026-09-14	FR0000121691-XPAR	FR0000121691	NRG	NRJ GROUP	XPAR	Euronext Paris	True	Common Stock	101	PASS				1	euronext_full_download_csv	XPAR	provider_default	2024-09-16	2026-09-14	509.0	6.2	6.2181	25854.0	70.0	160763.0	-0.04024767801857587	-0.10662824207492794	-0.07413458164681475	0.14161703423120603	-0.2366061533804268	-0.2366061533804268	9108.0	47.5	57740.0	6.44205	True	True	True	True	True	True	2026-09-14T23:09:28.248711+00:00
2026-09-13	2026-09-14	FR0000121709-XPAR	FR0000121709	SK	S.E.B.	XPAR	Euronext Paris	True	Common Stock	101	PASS				1	euronext_full_download_csv	XPAR	provider_default	2024-09-16	2026-09-14	509.0	57.4	57.3022	27204.0	357.0	1558849.0	-0.020477815699658786	0.08097928436911483	0.33488372093023244	0.4495292188780058	-0.13096139288417863	-0.3698713096139289	32902.5	529.5	1922787.5	58.6062	True	True	True	True	True	True	2026-09-14T23:09:29.330592+00:00
2026-09-13	2026-09-14	FR0000121964-XPAR	FR0000121964	LI	KLEPIERRE	XPAR	Euronext Paris	True	Common Stock	101	PASS				1	euronext_full_download_csv	XPAR	provider_default	2024-09-16	2026-09-14	509.0	36.76	36.7951	301068.0	957.0	11077833.0	-0.053065430190623486	0.019412090959511907	0.10324129651860736	0.1525636148126979	-0.08054027013506748	-0.12857944974733293	376925.0	969.5	13956841.0	37.7981	True	True	True	True	True	True	2026-09-14T23:09:30.261229+00:00
2026-09-13	2026-09-14	FR0000121972-XPAR	FR0000121972	SU	SCHNEIDER ELECTRIC SE	XPAR	Euronext Paris	True	Common Stock	101	PASS				1	euronext_full_download_csv	XPAR	provider_default	2024-09-16	2026-09-14	509.0	272.05	273.0306	1593283.0	30575.0	435014960.0	-0.11210835509138373	-0.03784261715296189	0.0845126569663146	0.3737783636113337	-0.12524115755627008	-0.17762920130104798	619173.5	11405.0	181068157.5	294.2509	True	True	True	True	True	True	2026-09-14T23:09:31.103690+00:00
2026-09-13	2026-09-14	FR0000124141-XPAR	FR0000124141	VIE	VEOLIA ENVIRON.	XPAR	Euronext Paris	True	Common Stock	101	PASS				1	euronext_full_download_csv	XPAR	provider_default	2024-09-16	2026-09-14	509.0	31.35	31.3291	1295773.0	3777.0	40595386.0	-0.07875404055245372	-0.12698412698412687	-0.055438385055739614	0.19829031569870514	-0.16444562899786785	-0.16444562899786785	1330476.5	3349.5	44072697.5	32.60135	True	True	True	True	True	True	2026-09-14T23:09:32.070058+00:00
2026-09-13	2026-09-14	FR0000124570-XPAR	FR0000124570	OPM	OPMOBILITY	XPAR	Euronext Paris	True	Common Stock	101	PASS				1	euronext_full_download_csv	XPAR	provider_default	2024-09-16	2026-09-14	509.0	11.87	11.8758	94755.0	485.0	1125288.0	-0.06682389937106925	-0.20121130551816957	-0.18920765027322417	0.20412057524616697	-0.32671582529778787	-0.32671582529778787	81746.5	361.5	1018224.5	12.53455	True	True	True	True	True	True	2026-09-14T23:09:33.222905+00:00
2026-09-13	2026-09-14	FR0000125007-XPAR	FR0000125007	SGO	SAINT GOBAIN	XPAR	Euronext Paris	True	Common Stock	101	PASS				1	euronext_full_download_csv	XPAR	provider_default	2024-09-16	2026-09-14	509.0	69.58	69.7767	1381082.0	7920.0	96367323.0	-0.17107457707886586	-0.11790060851926976	-0.02220348510399095	0.3159368293514082	-0.26229855810008473	-0.27820186598812546	884192.5	5089.0	68405048.5	77.49625	True	True	True	True	True	True	2026-09-14T23:09:34.238131+00:00
2026-09-13	2026-09-14	FR0000125338-XPAR	FR0000125338	CAP	CAPGEMINI	XPAR	Euronext Paris	True	Common Stock	101	PASS				1	euronext_full_download_csv	XPAR	provider_default	2024-09-16	2026-09-14	509.0	109.7	109.4854	916913.0	9335.0	100388542.0	0.012927054478301114	0.12328486586115095	0.0442646358876726	0.41409633338453455	-0.2775765558116562	-0.43325650312808694	390144.0	3804.0	42628063.0	107.27195	True	True	True	True	True	True	2026-09-14T23:09:35.306779+00:00
2026-09-13	2026-09-14	FR0000125486-XPAR	FR0000125486	DG	VINCI	XPAR	Euronext Paris	True	Common Stock	101	PASS				1	euronext_full_download_csv	XPAR	provider_default	2024-09-16	2026-09-14	509.0	110.7	110.6039	766440.0	4551.0	84771216.0	-0.08398841539098045	-0.150422102839601	-0.15172413793103445	0.22894328291737454	-0.2223393045310853	-0.22339304531085347	773906.0	4567.5	89671252.5	113.98035	True	True	True	True	True	True	2026-09-14T23:09:36.346886+00:00
2026-09-13	2026-09-14	FR0000127771-XPAR	FR0000127771	VIV	VIVENDI SE	XPAR	Euronext Paris	True	Common Stock	101	PASS				1	euronext_full_download_csv	XPAR	provider_default	2024-09-16	2026-09-14	509.0	1.55	1.5429	1953116.0	3546.0	3013479.0	-0.08500590318772128	-0.29481346678798903	-0.2071611253196931	0.553178983344262	-0.5110410094637223	-0.5406940063091483	2160797.5	1367.0	3435772.0	1.607	True	True	True	True	True	True	2026-09-14T23:09:37.596039+00:00
2026-09-13	2026-09-14	FR0000130213-XPAR	FR0000130213	MMB	LAGARDERE SA	XPAR	Euronext Paris	True	Common Stock	101	PASS				1	euronext_full_download_csv	XPAR	provider_default	2024-09-16	2026-09-14	509.0	17.96	17.9748	7857.0	128.0	141228.0	-0.06165099268547547	-0.06458333333333321	0.026285714285714246	0.1780810786664237	-0.11744471744471752	-0.14455445544554446	7944.5	120.5	146111.5	18.59845	True	True	True	True	True	True	2026-09-14T23:09:38.501536+00:00
2026-09-13	2026-09-14	FR0000130395-XPAR	FR0000130395	RCO	REMY COINTREAU	XPAR	Euronext Paris	True	Common Stock	101	PASS				1	euronext_full_download_csv	XPAR	provider_default	2024-09-16	2026-09-14	509.0	43.14	43.0646	42808.0	585.0	1843509.0	-0.09673366834170849	-0.023981900452488714	0.17933296883542926	0.314789839379666	-0.14574257425742576	-0.30930693069306925	38272.0	465.5	1749476.0	45.206	True	True	True	True	True	True	2026-09-14T23:09:39.395260+00:00
2026-09-13	2026-09-14	FR0000130403-XPAR	FR0000130403	CDI	CHRISTIAN DIOR	XPAR	Euronext Paris	True	Common Stock	101	PASS				1	euronext_full_download_csv	XPAR	provider_default	2024-09-16	2026-09-14	509.0	380.0	378.5499	4891.0	410.0	1851488.0	-0.09090909090909094	-0.19898819561551429	-0.16040653999116217	0.24062636912746138	-0.3744855967078189	-0.38732510288065847	4253.0	504.5	1702037.5	402.96145	True	True	True	True	True	True	2026-09-14T23:09:40.327144+00:00
2026-09-13	2026-09-14	FR0000130452-XPAR	FR0000130452	FGR	EIFFAGE	XPAR	Euronext Paris	True	Common Stock	101	PASS				1	euronext_full_download_csv	XPAR	provider_default	2024-09-16	2026-09-14	509.0	106.5	106.411	247643.0	2674.0	26351931.0	-0.11837748344370858	-0.18234165067178498	-0.2154696132596685	0.24525201630320895	-0.2722924496071062	-0.2722924496071062	278834.0	2947.0	31378643.0	109.38795	True	True	True	True	True	True	2026-09-14T23:09:41.297342+00:00
2026-09-13	2026-09-14	FR0000130577-XPAR	FR0000130577	PUB	PUBLICIS GROUPE SA	XPAR	Euronext Paris	True	Common Stock	101	PASS				1	euronext_full_download_csv	XPAR	provider_default	2024-09-16	2026-09-14	509.0	100.35	100.1781	545626.0	3348.0	54659776.0	-0.014243614931237714	0.09720096216925422	0.33978638184245646	0.28432591597951196	-0.03602305475504319	-0.23345259391771012	497237.0	3094.0	49535012.5	101.3089	True	True	True	True	True	True	2026-09-14T23:09:42.165141+00:00
2026-09-13	2026-09-14	FR0000130692-XPAR	FR0000130692	CRI	COMPAGNIE CHARGEURS INVEST	XPAR	Euronext Paris	True	Common Stock	101	PASS				1	euronext_full_download_csv	XPAR	provider_default	2024-09-16	2026-09-14	509.0	8.24	8.1866	2303.0	44.0	18854.0	-0.00121212121212122	-0.02021403091557672	-0.1461139896373057	0.6122171588255338	-0.2720848056537103	-0.3462897526501767	3343.5	45.0	29202.5	8.70105	True	True	True	True	True	True	2026-09-14T23:09:43.130654+00:00
2026-09-13	2026-09-14	FR0000130809-XPAR	FR0000130809	GLE	SOCIETE GENERALE	XPAR	Euronext Paris	True	Common Stock	101	PASS				1	euronext_full_download_csv	XPAR	provider_default	2024-09-16	2026-09-14	509.0	73.44	73.4145	1584574.0	23049.0	116330694.0	-0.10830500242836327	-0.056526207605344325	0.11951219512195133	0.2986822789869024	-0.12810162649887225	-0.2039164490861619	1857257.5	14364.5	140488350.5	74.0015	True	True	True	True	True	True	2026-09-14T23:09:44.132726+00:00
2026-09-13	2026-09-14	FR0000131104-XPAR	FR0000131104	BNP	BNP PARIBAS ACT.A	XPAR	Euronext Paris	True	Common Stock	101	PASS				1	euronext_full_download_csv	XPAR	provider_default	2024-09-16	2026-09-14	509.0	102.8	102.7614	1521111.0	8895.0	156311443.0	-0.08296164139161466	0.015810276679841806	0.1970190964136005	0.22350114439933766	-0.08865248226950351	-0.17914572864321598	1541541.0	9948.0	162796403.5	103.78775	True	True	True	True	True	True	2026-09-14T23:09:45.250171+00:00
2026-09-13	2026-09-14	FR0000131757-XPAR	FR0000131757	ERA	ERAMET	XPAR	Euronext Paris	True	Common Stock	101	PASS				1	euronext_full_download_csv	XPAR	provider_default	2024-09-16	2026-09-14	509.0	43.74	43.588	35970.0	716.0	1567859.0	-0.05078124999999989	-0.18547486033519556	-0.15559845559845553	0.28768149201649423	-0.49724137931034484	-0.5257471264367817	20119.5	372.5	923044.5	45.456649999999996	True	True	True	True	True	True	2026-09-14T23:09:46.405958+00:00
2026-09-13	2026-09-14	FR0000131906-XPAR	FR0000131906	RNO	RENAULT	XPAR	Euronext Paris	True	Common Stock	101	PASS				1	euronext_full_download_csv	XPAR	provider_default	2024-09-16	2026-09-14	509.0	29.36	29.6599	2000590.0	6808.0	59337394.0	0.025497729654208934	0.07822254865956668	0.033802816901408406	0.33894483471130127	-0.21497326203208555	-0.3294117647058824	1282375.0	3935.5	36098367.0	29.02885	True	True	True	True	True	True	2026-09-14T23:09:47.597109+00:00
2026-09-13	2026-09-14	FR0000133308-XPAR	FR0000133308	ORA	ORANGE	XPAR	Euronext Paris	True	Common Stock	101	PASS				1	euronext_full_download_csv	XPAR	provider_default	2024-09-16	2026-09-14	509.0	15.8	15.7822	3824301.0	3931.0	60356067.0	-0.03687900030478519	-0.0670209625036905	-0.1081004798193621	0.2500626681464996	-0.15688367129135528	-0.19423692636072565	4166550.5	3618.0	66695138.5	15.4912	True	True	True	True	True	True	2026-09-14T23:09:48.509804+00:00
2026-09-13	2026-09-14	FR0004007813-XPAR	FR0004007813	KOF	KAUFMAN ET BROAD	XPAR	Euronext Paris	True	Common Stock	101	PASS				1	euronext_full_download_csv	XPAR	provider_default	2024-09-16	2026-09-14	509.0	22.0	21.8477	39836.0	411.0	870327.0	-0.1217564870259481	-0.11111111111111116	-0.2542372881355932	0.18805368908427744	-0.3282442748091603	-0.34198473282442743	30925.0	386.0	732237.0	23.86405	True	True	True	True	True	True	2026-09-14T23:09:49.373448+00:00
2026-09-13	2026-09-14	FR0004010338-XPAR	FR0004010338	GJAJ	GROUPE JAJ	XPAR	Euronext Paris	True	Common Stock	101	PASS				1	euronext_full_download_csv	XPAR	provider_default	2024-09-16	2026-09-14	509.0	1.29	0.0	0.0	0.0	0.0	0.0	0.3163265306122449	0.05737704918032782	0.6600838500290007	-0.14	-0.4033333333333333	0.0	0.0	0.0	0.0	True	True	True	True	True	True	2026-09-14T23:09:50.241488+00:00
2026-09-13	2026-09-14	FR0004023208-XPAR	FR0004023208	BASS	BASSAC	XPAR	Euronext Paris	True	Common Stock	101	PASS				1	euronext_full_download_csv	XPAR	provider_default	2024-09-16	2026-09-14	509.0	39.9	40.9567	4420.0	88.0	181028.0	-0.10337078651685394	-0.10738255033557054	-0.12307692307692308	0.2929567946373038	-0.258364312267658	-0.258364312267658	1831.0	37.5	78591.5	43.0084	True	True	True	True	True	True	2026-09-14T23:09:51.066855+00:00
2026-09-13	2026-09-14	FR0004024222-XPAR	FR0004024222	ITP	INTERPARFUMS	XPAR	Euronext Paris	True	Common Stock	101	PASS				1	euronext_full_download_csv	XPAR	provider_default	2024-09-16	2026-09-14	509.0	28.76	28.5457	53873.0	630.0	1537845.0	0.16155088852988686	0.15435778492708963	0.3186899448149352	0.30813365823051453	-6.623344316025737e-05	-0.26423840840862234	70839.5	682.0	1940762.0	27.9905	True	True	True	True	True	True	2026-09-14T23:09:52.125455+00:00
2026-09-13	2026-09-14	FR0004031763-XPAR	FR0004031763	COH	COHERIS	XPAR	Euronext Paris	True	Common Stock	101	PASS				1	euronext_full_download_csv	XPAR	provider_default	2024-09-16	2026-09-14	509.0	9.6	9.6	3.0	2.0	29.0	-0.05882352941176472	-0.2558139534883721	-0.16157205240174666	0.3187744308519392	-0.37254901960784315	-0.3777777777777779	678.5	11.0	6775.5	10.04575	True	True	True	True	True	True	2026-09-14T23:09:52.981478+00:00
2026-09-13	2026-09-14	FR0004038263-XPAR	FR0004038263	PARRO	PARROT	XPAR	Euronext Paris	True	Common Stock	101	PASS				1	euronext_full_download_csv	XPAR	provider_default	2024-09-16	2026-09-14	509.0	9.32	9.3355	25593.0	188.0	238922.0	-0.06048387096774188	-0.03818369453044368	0.1767676767676769	0.35059595821051626	-0.2741433021806853	-0.5299145299145298	32542.0	307.0	309572.5	9.3699	True	True	True	True	True	True	2026-09-14T23:09:54.313235+00:00
2026-09-13	2026-09-14	FR0004040608-XPAR	FR0004040608	ABCA	ABC ARBITRAGE	XPAR	Euronext Paris	True	Common Stock	101	PASS				1	euronext_full_download_csv	XPAR	provider_default	2024-09-16	2026-09-14	509.0	5.26	5.2578	33666.0	231.0	177010.0	0.02734375	-0.00941619585687381	-0.08996539792387548	0.15512904235554092	-0.1174496644295302	-0.17114093959731536	41807.0	212.5	213867.0	5.1493	True	True	True	True	True	True	2026-09-14T23:09:55.183199+00:00
2026-09-13	2026-09-14	FR0004050250-XPAR	FR0004050250	NRO	NEURONES	XPAR	Euronext Paris	True	Common Stock	101	PASS				1	euronext_full_download_csv	XPAR	provider_default	2024-09-16	2026-09-14	509.0	36.65	36.9046	11663.0	254.0	430418.0	-0.0418300653594772	0.04864091559370509	0.05014326647564471	0.2911672650664487	-0.18008948545861303	-0.2472035794183446	3757.5	133.0	136721.5	36.8661	True	True	True	True	True	True	2026-09-14T23:09:57.023684+00:00
2026-09-13	2026-09-14	FR0004052561-XPAR	FR0004052561	PROAC	PROACTIS SA	XPAR	Euronext Paris	True	Common Stock	101	PASS				1	euronext_full_download_csv	XPAR	provider_default	2024-09-16	2026-09-14	509.0	0.082	0.0863	4807.0	9.0	415.0	0.7446808510638299	1.4477611940298507	0.1468531468531471	3.45659043805308	-0.36923076923076925	-0.6307692307692307	323523.0	73.0	26361.5	0.08685	True	True	True	True	True	True	2026-09-14T23:09:57.843467+00:00
2026-09-13	2026-09-14	FR0004056851-XPAR	FR0004056851	VLA	VALNEVA SE	XPAR	Euronext Paris	True	Common Stock	101	PASS				1	euronext_full_download_csv	XPAR	provider_default	2024-09-16	2026-09-14	509.0	2.876	2.8737	202543.0	488.0	582055.0	-0.04133333333333333	0.23486474881923547	-0.3911939034716343	0.5794109108100075	-0.4349705304518664	-0.5907662082514734	668889.5	1019.0	1878154.0	2.8932	True	True	True	True	True	True	2026-09-14T23:09:58.942992+00:00
2026-09-13	2026-09-14	FR0004065605-XPAR	FR0004065605	MEDCL	MEDINCELL S.A.	XPAR	Euronext Paris	True	Common Stock	101	PASS				1	euronext_full_download_csv	XPAR	provider_default	2024-09-16	2026-09-14	509.0	21.78	21.8751	130795.0	1409.0	2861158.0	-0.0962655601659751	-0.11607142857142849	0.03813155386081979	0.3586749900760566	-0.4336973478939158	-0.47373894955798235	66731.5	712.5	1566119.5	24.0217	True	True	True	True	True	True	2026-09-14T23:09:59.995919+00:00
2026-09-13	2026-09-14	FR0004125920-XPAR	FR0004125920	AMUN	AMUNDI	XPAR	Euronext Paris	True	Common Stock	101	PASS				1	euronext_full_download_csv	XPAR	provider_default	2024-09-16	2026-09-14	509.0	93.35	93.8354	120005.0	1037.0	11260716.0	-0.02709744658676405	0.10212514757969293	0.25639300134589504	0.21912237585885322	-0.04305484366991286	-0.12039312039312056	125868.5	985.0	11959704.0	94.78695	True	True	True	True	True	True	2026-09-14T23:10:01.908305+00:00
2026-09-13	2026-09-14	FR0004155000-XPAR	FR0004155000	SFPI	GROUPE SFPI	XPAR	Euronext Paris	True	Common Stock	101	PASS				1	euronext_full_download_csv	XPAR	provider_default	2024-09-16	2026-09-14	509.0	1.86	1.8583	17294.0	30.0	32137.0	-0.08374384236453192	-0.13084112149532712	0.15527950310559002	0.33602467834736016	-0.22175732217573219	-0.34937238493723854	11684.0	30.0	23295.5	1.99355	True	True	True	True	True	True	2026-09-14T23:10:02.712256+00:00
2026-09-13	2026-09-14	FR0004156297-XPAR	FR0004156297	LIN	LINEDATA SERVICES	XPAR	Euronext Paris	True	Common Stock	101	PASS				1	euronext_full_download_csv	XPAR	provider_default	2024-09-16	2026-09-14	509.0	47.3	47.4517	1125.0	53.0	53383.0	0.0848623853211008	0.13157894736842102	0.2222222222222221	0.34905361529570916	-0.1872852233676977	-0.3487972508591066	738.5	23.0	33356.5	44.8026	True	True	True	True	True	True	2026-09-14T23:10:03.690939+00:00
2026-09-13	2026-09-14	FR0004163111-XPAR	FR0004163111	GNFT	GENFIT	XPAR	Euronext Paris	True	Common Stock	101	PASS				1	euronext_full_download_csv	XPAR	provider_default	2024-09-16	2026-09-14	509.0	12.48	12.7159	281734.0	1297.0	3582509.0	-0.041474654377880116	0.248	0.4222222222222223	0.7355439076110366	-0.14870395634379263	-0.204059829059829	236652.5	984.5	3194821.5	13.992999999999999	True	True	True	True	True	True	2026-09-14T23:10:04.617050+00:00
2026-09-13	2026-09-14	FR0004165801-XPAR	FR0004165801	HDP	HOTELS DE PARIS	XPAR	Euronext Paris	True	Common Stock	101	PASS				1	euronext_full_download_csv	XPAR	provider_default	2024-09-16	2026-09-14	509.0	2.08	2.08	2024.0	5.0	4210.0	0.07772020725388606	0.16201117318435765	0.07772020725388606	0.8663017087922615	-0.06306306306306309	-0.2567567567567569	23.0	2.0	45.5	1.9	True	True	True	True	True	True	2026-09-14T23:10:05.512362+00:00
2026-09-13	2026-09-14	FR0004170017-XPAR	FR0004170017	LNA	LNA SANTE	XPAR	Euronext Paris	True	Common Stock	101	PASS				1	euronext_full_download_csv	XPAR	provider_default	2024-09-16	2026-09-14	509.0	32.8	32.6194	3353.0	91.0	109373.0	-0.023809523809523947	-0.009063444108761476	0.2567049808429116	0.2591075046329169	-0.10136986301369866	-0.18050541516245489	3419.5	84.0	112158.0	32.729749999999996	True	True	True	True	True	True	2026-09-14T23:10:06.243126+00:00
2026-09-13	2026-09-14	FR0004175842-XPAR	FR0004175842	SELER	SELECTIRENTE	XPAR	Euronext Paris	True	Common Stock	101	PASS				1	euronext_full_download_csv	XPAR	provider_default	2024-09-16	2026-09-14	509.0	85.5	85.5	1.0	1.0	86.0	-0.011560693641618491	0.017857142857142794	0.05555555555555558	0.04798327709760293	-0.02840909090909094	-0.08045977011494254	1.0	1.0	86.0	85.5	True	True	True	True	True	True	2026-09-14T23:10:07.061438+00:00
2026-09-13	2026-09-14	FR0004180578-XPAR	FR0004180578	SWP	SWORD GROUP	XPAR	Euronext Paris	True	Common Stock	101	PASS				1	euronext_full_download_csv	XPAR	provider_default	2024-09-16	2026-09-14	509.0	29.8	30.1071	5591.0	212.0	168329.0	-0.04487179487179482	-0.027732463295269127	-0.03559870550161803	0.2966100391849058	-0.23979591836734693	-0.27551020408163274	4267.0	146.0	130015.5	30.49955	True	True	True	True	True	True	2026-09-14T23:10:08.014259+00:00
2026-09-13	2026-09-14	FR0004186856-XPAR	FR0004186856	VETO	VETOQUINOL	XPAR	Euronext Paris	True	Common Stock	101	PASS				1	euronext_full_download_csv	XPAR	provider_default	2024-09-16	2026-09-14	509.0	78.7	78.2341	12992.0	407.0	1016418.0	0.11001410437235548	0.14723032069970854	0.02207792207792214	0.3908768847781359	-0.13516483516483513	-0.27362637362637365	5842.0	202.5	388642.5	70.5665	True	True	True	True	True	True	2026-09-14T23:10:08.847260+00:00
2026-09-13	2026-09-14	FR0004527638-XPAR	FR0004527638	EXE	EXEL INDUSTRIES	XPAR	Euronext Paris	True	Common Stock	101	PASS				1	euronext_full_download_csv	XPAR	provider_default	2024-09-16	2026-09-14	509.0	18.95	19.4729	3538.0	70.0	68895.0	-0.04773869346733661	-0.14253393665158376	-0.4426470588235294	0.33526698591271764	-0.5320987654320988	-0.5320987654320988	698.5	21.0	13920.5	19.9184	True	True	True	True	True	True	2026-09-14T23:10:09.831319+00:00
2026-09-13	2026-09-14	FR0005175080-XPAR	FR0005175080	TNG	TRANSGENE	XPAR	Euronext Paris	True	Common Stock	101	PASS				1	euronext_full_download_csv	XPAR	provider_default	2024-09-16	2026-09-14	509.0	0.878	0.878	51203.0	113.0	44957.0	0.21944444444444455	0.17066666666666674	0.13436692506459935	0.45264241566057833	-0.40474576271186447	-0.5213559322033898	45628.0	103.0	36670.0	0.8284	True	True	True	True	True	True	2026-09-14T23:10:10.889818+00:00
2026-09-13	2026-09-14	FR0005691656-XPAR	FR0005691656	TRI	TRIGANO	XPAR	Euronext Paris	True	Common Stock	101	PASS				1	euronext_full_download_csv	XPAR	provider_default	2024-09-16	2026-09-14	509.0	149.5	148.3579	16301.0	724.0	2418382.0	-0.05856423173803538	0.06785714285714284	0.0013395847287340779	0.21747486445720934	-0.1610549943883277	-0.2502805836139169	7635.5	424.5	1177393.5	152.5475	True	True	True	True	True	True	2026-09-14T23:10:11.732148+00:00
2026-09-13	2026-09-14	FR0006174348-XPAR	FR0006174348	BVI	BUREAU VERITAS	XPAR	Euronext Paris	True	Common Stock	101	PASS				1	euronext_full_download_csv	XPAR	provider_default	2024-09-16	2026-09-14	509.0	27.93	27.9523	841985.0	2715.0	23535402.0	0.013057671381936808	0.07134637514384345	0.008303249097473042	0.22074145589963445	-0.05257801899592951	-0.15061058344640443	726743.0	1765.5	19864738.0	27.44395	True	True	True	True	True	True	2026-09-14T23:10:12.582754+00:00
2026-09-13	2026-09-14	FR0006239109-XPAR	FR0006239109	CBSM	SCBSM	XPAR	Euronext Paris	True	Common Stock	101	PASS				1	euronext_full_download_csv	XPAR	provider_default	2024-09-16	2026-09-14	509.0	9.55	9.55	5.0	1.0	48.0	-0.030456852791878042	-0.02051282051282044	0.05524861878453047	0.24145272757932018	-0.06372549019607832	-0.11764705882352933	49.5	2.0	479.5	9.522200000000002	True	True	True	True	True	True	2026-09-14T23:10:14.057595+00:00
2026-09-13	2026-09-14	FR0006864484-XPAR	FR0006864484	LPE	LAURENT-PERRIER	XPAR	Euronext Paris	True	Common Stock	101	PASS				1	euronext_full_download_csv	XPAR	provider_default	2024-09-16	2026-09-14	509.0	80.0	80.095	646.0	38.0	51741.0	-0.049881235154394354	-0.11111111111111116	-0.08883826879271073	0.18474635847353685	-0.18367346938775508	-0.18367346938775508	654.0	30.5	53666.5	81.0607	True	True	True	True	True	True	2026-09-14T23:10:14.957366+00:00
2026-09-13	2026-09-14	FR0010040865-XPAR	FR0010040865	GFC	GECINA	XPAR	Euronext Paris	True	Common Stock	101	PASS				1	euronext_full_download_csv	XPAR	provider_default	2024-09-16	2026-09-14	509.0	65.7	65.6521	153033.0	890.0	10046934.0	-0.11216216216216213	-0.10612244897959178	-0.0641025641025641	0.18881793130675292	-0.23870220162224787	-0.24275782155272307	167954.0	986.0	11744810.5	68.31649999999999	True	True	True	True	True	True	2026-09-14T23:10:15.957503+00:00
2026-09-13	2026-09-14	FR0010112524-XPAR	FR0010112524	NXI	NEXITY	XPAR	Euronext Paris	True	Common Stock	101	PASS				1	euronext_full_download_csv	XPAR	provider_default	2024-09-16	2026-09-14	509.0	5.695	5.6863	274235.0	1184.0	1559382.0	-0.23710649698593433	-0.2698717948717948	-0.29734731647131396	0.34020947544427116	-0.4896953405017921	-0.4896953405017921	190885.5	825.5	1207985.5	6.5974	True	True	True	True	True	True	2026-09-14T23:10:16.977225+00:00
2026-09-13	2026-09-14	FR0010193979-XPAR	FR0010193979	CBOT	CBO TERRITORIA	XPAR	Euronext Paris	True	Common Stock	101	PASS				1	euronext_full_download_csv	XPAR	provider_default	2024-09-16	2026-09-14	509.0	3.96	3.9678	9679.0	45.0	38404.0	0.020618556701030855	0.0	-0.010000000000000009	0.10366245323882461	-0.05035971223021585	-0.08173076923076927	9714.0	55.0	38069.5	3.88985	True	True	True	True	True	True	2026-09-14T23:10:17.864054+00:00
2026-09-13	2026-09-14	FR0010208488-XPAR	FR0010208488	ENGI	ENGIE	XPAR	Euronext Paris	True	Common Stock	101	PASS				1	euronext_full_download_csv	XPAR	provider_default	2024-09-16	2026-09-14	509.0	23.55	23.6481	4286430.0	5906.0	101366090.0	-0.08437013996889575	-0.12648367952522255	-0.16518964906061684	0.234653481008602	-0.20250592617676944	-0.20250592617676944	3333271.5	4653.0	80919489.0	24.3696	True	True	True	True	True	True	2026-09-14T23:10:19.082902+00:00
2026-09-13	2026-09-14	FR0010209809-XPAR	FR0010209809	SFCA	SOC FRANC CASINOS	XPAR	Euronext Paris	True	Common Stock	101	PASS				1	euronext_full_download_csv	XPAR	provider_default	2024-09-16	2026-09-14	509.0	5.95	6.0227	1829.0	7.0	11015.0	1.32421875	1.7045454545454546	2.251366120218579	3.142064878161647	-0.024590163934426146	-0.20812182741116747	41.5	2.0	153.0	2.4	True	True	True	True	True	True	2026-09-14T23:10:20.011809+00:00
2026-09-13	2026-09-14	FR0010214064-XPAR	FR0010214064	GPE	GPE GROUP PIZZORNO	XPAR	Euronext Paris	True	Common Stock	101	PASS				1	euronext_full_download_csv	XPAR	provider_default	2024-09-16	2026-09-14	509.0	62.3	62.1333	357.0	11.0	22182.0	0.0008032128514054993	0.011363636363636243	0.014657980456026065	0.04566011887464767	-0.011111111111111183	-0.11111111111111116	76.0	5.0	4726.0	62.1	True	True	True	True	True	True	2026-09-14T23:10:20.964988+00:00
2026-09-13	2026-09-14	FR0010220475-XPAR	FR0010220475	ALO	ALSTOM	XPAR	Euronext Paris	True	Common Stock	101	PASS				1	euronext_full_download_csv	XPAR	provider_default	2024-09-16	2026-09-14	509.0	15.78	15.7843	1370117.0	3562.0	21626282.0	-0.027726432532347522	-0.025023169601482764	-0.3259290901324221	0.2779194241717953	-0.4711796246648794	-0.4971514745308311	1022303.0	2497.0	15979897.5	16.0469	True	True	True	True	True	True	2026-09-14T23:10:21.970173+00:00
2026-09-13	2026-09-14	FR0010221234-XPAR	FR0010221234	ETL	EUTELSAT COMMUNIC.	XPAR	Euronext Paris	True	Common Stock	101	PASS				1	euronext_full_download_csv	XPAR	provider_default	2024-09-16	2026-09-14	509.0	1.837	1.8187	2385685.0	1891.0	4338829.0	-0.14358974358974363	-0.28073610023492557	-0.10825242718446604	0.4658409206905285	-0.5926829268292683	-0.6144124168514412	2210893.5	1778.0	4061906.5	1.862	True	True	True	True	True	True	2026-09-14T23:10:22.861125+00:00
2026-09-13	2026-09-14	FR0010241638-XPAR	FR0010241638	MERY	MERCIALYS	XPAR	Euronext Paris	True	Common Stock	101	PASS				1	euronext_full_download_csv	XPAR	provider_default	2024-09-16	2026-09-14	509.0	10.52	10.5129	141470.0	391.0	1487261.0	-0.09310344827586203	-0.09931506849315075	-0.1447154471544716	0.1464909878531738	-0.1819595645412131	-0.1819595645412131	143484.5	390.0	1562061.0	11.10865	True	True	True	True	True	True	2026-09-14T23:10:24.189736+00:00
2026-09-13	2026-09-14	FR0010259150-XPAR	FR0010259150	IPN	IPSEN	XPAR	Euronext Paris	True	Common Stock	101	PASS				1	euronext_full_download_csv	XPAR	provider_default	2024-09-16	2026-09-14	509.0	159.1	158.6611	54764.0	953.0	8688919.0	0.0198717948717948	0.0006289308176099517	0.00887761572606216	0.3529324178562734	-0.07981492192018513	-0.12492770387507224	73222.5	826.0	11844507.5	163.97105	True	True	True	True	True	True	2026-09-14T23:10:25.214438+00:00
2026-09-13	2026-09-14	FR0010263202-XPAR	FR0010263202	PAR	PAREF	XPAR	Euronext Paris	True	Common Stock	101	PASS				1	euronext_full_download_csv	XPAR	provider_default	2024-09-16	2026-09-14	509.0	24.8	24.8	25.0	1.0	620.0	0.0	0.008130081300812941	-0.09818181818181815	0.14953019554215174	-0.38613861386138615	-0.43069306930693063	0.0	0.0	0.0	0.0	True	True	True	True	True	True	2026-09-14T23:10:26.129302+00:00
2026-09-13	2026-09-14	FR0010282822-XPAR	FR0010282822	VU	Vusion	XPAR	Euronext Paris	True	Common Stock	101	PASS				1	euronext_full_download_csv	XPAR	provider_default	2024-09-16	2026-09-14	509.0	116.0	116.8185	18360.0	632.0	2144788.0	-0.11382734912146686	-0.10424710424710426	0.02383053839364524	0.44299676281492123	-0.5531587057010786	-0.6101694915254238	23208.0	671.0	2996276.0	127.74825	True	True	True	True	True	True	2026-09-14T23:10:26.908079+00:00
2026-09-13	2026-09-14	FR0010291245-XPAR	FR0010291245	VMX	VERIMATRIX	XPAR	Euronext Paris	True	Common Stock	101	PASS				1	euronext_full_download_csv	XPAR	provider_default	2024-09-16	2026-09-14	509.0	0.327	0.3428	129495.0	77.0	44396.0	0.12758620689655187	0.5209302325581395	0.9878419452887537	0.6948625721281276	-0.11621621621621614	-0.28883495145631066	118675.0	93.5	39990.5	0.3437	True	True	True	True	True	True	2026-09-14T23:10:28.865583+00:00
2026-09-13	2026-09-14	FR0010298620-XPAR	FR0010298620	MEMS	MEMSCAP REGPT	XPAR	Euronext Paris	True	Common Stock	101	PASS				1	euronext_full_download_csv	XPAR	provider_default	2024-09-16	2026-09-14	509.0	5.14	5.1536	5078.0	53.0	26170.0	0.03420523138832987	-0.14190317195325552	0.11739130434782608	0.3840604406644848	-0.19182389937106925	-0.2822327044025157	7294.0	80.5	36123.5	4.9220500000000005	True	True	True	True	True	True	2026-09-14T23:10:29.816640+00:00
2026-09-13	2026-09-14	FR0010307819-XPAR	FR0010307819	LR	LEGRAND	XPAR	Euronext Paris	True	Common Stock	101	PASS				1	euronext_full_download_csv	XPAR	provider_default	2024-09-16	2026-09-14	509.0	132.35	133.2437	648964.0	7420.0	86470371.0	-0.059346126510305575	-0.08724137931034481	-0.038852578068264254	0.3025782686950456	-0.17332916926920672	-0.1961274203622736	487035.0	4452.0	68941813.0	136.83675	True	True	True	True	True	True	2026-09-14T23:10:30.758473+00:00
2026-09-13	2026-09-14	FR0010309096-XPAR	FR0010309096	VTR	VITURA	XPAR	Euronext Paris	True	Common Stock	101	PASS				1	euronext_full_download_csv	XPAR	provider_default	2024-09-16	2026-09-14	509.0	4.34	4.34	1.0	1.0	4.0	-0.05652173913043479	0.13020833333333326	0.13020833333333326	0.4069566968764371	-0.2766666666666667	-0.44333333333333336	1.0	1.0	4.0	4.34	True	True	True	True	True	True	2026-09-14T23:10:31.509806+00:00
2026-09-13	2026-09-14	FR0010313833-XPAR	FR0010313833	AKE	ARKEMA	XPAR	Euronext Paris	True	Common Stock	101	PASS				1	euronext_full_download_csv	XPAR	provider_default	2024-09-16	2026-09-14	509.0	56.95	56.8685	118775.0	1333.0	6754557.0	-0.08440514469453375	-0.03881856540084383	0.013345195729537407	0.264334565058446	-0.1298701298701299	-0.22841864018334612	138399.5	1337.0	8156179.0	59.20245	True	True	True	True	True	True	2026-09-14T23:10:32.394180+00:00
2026-09-13	2026-09-14	FR0010331421-XPAR	FR0010331421	IPH	INNATE PHARMA	XPAR	Euronext Paris	True	Common Stock	101	PASS				1	euronext_full_download_csv	XPAR	provider_default	2024-09-16	2026-09-14	509.0	1.568	1.5606	231304.0	349.0	360980.0	-0.15608180839612484	-0.0075949367088608	0.3401709401709403	0.7076047724950665	-0.28401826484018255	-0.4579055441478439	301907.5	476.0	551787.0	1.7975	True	True	True	True	True	True	2026-09-14T23:10:33.340522+00:00
2026-09-13	2026-09-14	FR0010340141-XPAR	FR0010340141	ADP	ADP	XPAR	Euronext Paris	True	Common Stock	101	PASS				1	euronext_full_download_csv	XPAR	provider_default	2024-09-16	2026-09-14	509.0	108.9	108.6897	75063.0	1020.0	8158576.0	-0.018918918918918837	-0.009099181073703333	0.05375230163596734	0.3296747649300271	-0.16771154915247977	-0.23520486906321936	86090.0	944.5	9636478.0	108.976	True	True	True	True	True	True	2026-09-14T23:10:34.327813+00:00
2026-09-13	2026-09-14	FR0010341032-XPAR	FR0010341032	INEA	FONCIERE INEA	XPAR	Euronext Paris	True	Common Stock	101	PASS				1	euronext_full_download_csv	XPAR	provider_default	2024-09-16	2026-09-14	509.0	31.9	31.9	52.0	10.0	1659.0	-0.021472392638036908	-0.033333333333333326	-0.08333333333333326	0.12274966459503993	-0.12121212121212122	-0.12121212121212122	168.0	13.5	5420.5	32.37575	True	True	True	True	True	True	2026-09-14T23:10:35.575707+00:00
2026-09-13	2026-09-14	FR0010386334-XPAR	FR0010386334	CLARI	CLARIANE SE	XPAR	Euronext Paris	True	Common Stock	101	PASS				1	euronext_full_download_csv	XPAR	provider_default	2024-09-16	2026-09-14	509.0	3.968	3.9739	352917.0	554.0	1402449.0	-0.030303030303030276	-0.01830776843146953	0.052519893899204195	0.24966151119145355	-0.16286919831223634	-0.30000000000000004	303366.5	557.5	1213503.5	4.0013000000000005	True	True	True	True	True	True	2026-09-14T23:10:36.364663+00:00
2026-09-13	2026-09-14	FR0010411983-XPAR	FR0010411983	SCR	SCOR SE	XPAR	Euronext Paris	True	Common Stock	101	PASS				1	euronext_full_download_csv	XPAR	provider_default	2024-09-16	2026-09-14	509.0	32.92	32.9148	229468.0	843.0	7552902.0	-0.048004626951995255	0.04974489795918369	0.04177215189873418	0.18142002201906487	-0.05074971164936559	-0.189873417721519	334134.0	1012.5	10889291.5	33.5717	True	True	True	True	True	True	2026-09-14T23:10:38.671334+00:00
2026-09-13	2026-09-14	FR0010417345-XPAR	FR0010417345	DBV	DBV TECHNOLOGIES	XPAR	Euronext Paris	True	Common Stock	101	PASS				1	euronext_full_download_csv	XPAR	provider_default	2024-09-16	2026-09-14	509.0	2.148	2.1263	1234158.0	1316.0	2624133.0	-0.09213863060016902	-0.2623626373626373	-0.3773913043478261	0.445053104558933	-0.4963657678780773	-0.5080890973036343	1048661.0	1096.5	2494568.0	2.3710500000000003	True	True	True	True	True	True	2026-09-14T23:10:41.146485+00:00
2026-09-13	2026-09-14	FR0010428771-XPAR	FR0010428771	EFG	EAGLE FOOTBALL GROUP	XPAR	Euronext Paris	True	Common Stock	101	PASS				1	euronext_full_download_csv	XPAR	provider_default	2024-09-16	2026-09-14	509.0	1.705	1.7491	365.0	19.0	638.0	-0.06060606060606055	-0.1211340206185566	-0.05277777777777781	0.5736702536926201	-0.22499999999999998	-0.24318181818181828	1210.5	17.0	2155.5	1.7473	True	True	True	True	True	True	2026-09-14T23:10:41.959774+00:00
2026-09-13	2026-09-14	FR0010451203-XPAR	FR0010451203	RXL	REXEL	XPAR	Euronext Paris	True	Common Stock	101	PASS				1	euronext_full_download_csv	XPAR	provider_default	2024-09-16	2026-09-14	509.0	35.26	35.3239	735812.0	2696.0	25991780.0	-0.05010775862068961	-0.07137213589676061	0.06332931242460793	0.2760548362981044	-0.1027989821882952	-0.16975635593220328	567312.5	2337.0	20422888.0	36.02045	True	True	True	True	True	True	2026-09-14T23:10:42.792929+00:00
2026-09-13	2026-09-14	FR0010481960-XPAR	FR0010481960	ARG	ARGAN	XPAR	Euronext Paris	True	Common Stock	101	PASS				1	euronext_full_download_csv	XPAR	provider_default	2024-09-16	2026-09-14	509.0	71.7	71.8793	13222.0	353.0	950388.0	-0.016460905349794275	0.20707070707070718	0.12558869701726838	0.35009770403649654	-0.0736434108527132	-0.2067510548523206	9964.5	241.5	727589.5	72.6751	True	True	True	True	True	True	2026-09-14T23:10:43.618705+00:00
2026-09-13	2026-09-14	FR0010533075-XPAR	FR0010533075	GET	GETLINK SE	XPAR	Euronext Paris	True	Common Stock	101	PASS				1	euronext_full_download_csv	XPAR	provider_default	2024-09-16	2026-09-14	509.0	18.37	18.4236	775255.0	1733.0	14282993.0	-0.023391812865496964	-0.010770059235325702	0.021122846025569908	0.13854609233482076	-0.07362581946545621	-0.08270297528996451	556445.0	957.5	10660733.5	18.604599999999998	True	True	True	True	True	True	2026-09-14T23:10:44.408552+00:00
2026-09-13	2026-09-14	FR0010557264-XPAR	FR0010557264	AB	AB SCIENCE	XPAR	Euronext Paris	True	Common Stock	101	PASS				1	euronext_full_download_csv	XPAR	provider_default	2024-09-16	2026-09-14	509.0	0.72	0.7173	107191.0	162.0	76884.0	-0.032258064516129115	-0.18181818181818188	-0.41747572815533984	1.3190493395557668	-0.53125	-0.6673177083333333	255103.0	282.5	185358.5	0.7208	True	True	True	True	True	True	2026-09-14T23:10:45.522631+00:00
2026-09-13	2026-09-14	FR0010588079-XPAR	FR0010588079	FREY	FREY	XPAR	Euronext Paris	True	Common Stock	101	PASS				1	euronext_full_download_csv	XPAR	provider_default	2024-09-16	2026-09-14	509.0	35.2	35.2	23.0	2.0	810.0	-0.011235955056179692	0.005714285714285783	0.10691823899371067	0.13670304947820186	-0.03825136612021851	-0.07482993197278909	23.0	2.0	823.0	35.6	True	True	True	True	True	True	2026-09-14T23:10:46.410589+00:00
2026-09-13	2026-09-14	FR0010609206-XPAR	FR0010609206	OREGE	OREGE	XPAR	Euronext Paris	True	Common Stock	101	PASS				1	euronext_full_download_csv	XPAR	provider_default	2024-09-16	2026-09-14	509.0	0.29	0.29	3993.0	6.0	1158.0	-0.09657320872274155	-0.055374592833876246	0.17886178861788604	0.4567346570068369	-0.16905444126074498	-0.2912621359223301	8408.0	10.5	2402.0	0.281	True	True	True	True	True	True	2026-09-14T23:10:47.217208+00:00
2026-09-13	2026-09-14	FR0010667147-XPAR	FR0010667147	COFA	COFACE	XPAR	Euronext Paris	True	Common Stock	101	PASS				1	euronext_full_download_csv	XPAR	provider_default	2024-09-16	2026-09-14	509.0	15.87	15.892	99334.0	491.0	1578613.0	-0.011830635118306287	0.03455019556714478	0.07229729729729728	0.12806928208920282	-0.03934624697336564	-0.11924939467312345	131462.5	493.0	2106564.5	16.00095	True	True	True	True	True	True	2026-09-14T23:10:48.541355+00:00
2026-09-13	2026-09-14	FR0010828137-XPAR	FR0010828137	CARM	CARMILA	XPAR	Euronext Paris	True	Common Stock	101	PASS				1	euronext_full_download_csv	XPAR	provider_default	2024-09-16	2026-09-14	509.0	15.24	15.2145	98372.0	349.0	1496679.0	-0.07971014492753614	-0.08192771084337358	-0.15144766146993316	0.11995677187464084	-0.17710583153347725	-0.18358531317494597	84142.5	318.5	1369124.0	15.86695	True	True	True	True	True	True	2026-09-14T23:10:49.560143+00:00
2026-09-13	2026-09-14	FR0010908533-XPAR	FR0010908533	EDEN	EDENRED	XPAR	Euronext Paris	True	Common Stock	101	PASS				1	euronext_full_download_csv	XPAR	provider_default	2024-09-16	2026-09-14	509.0	28.7	28.672	596476.0	1990.0	17102181.0	0.0041987403778867005	0.3878143133462282	0.5610552080500406	0.29034399975589315	-0.059941041598427836	-0.4132341723874905	478504.5	2227.0	14308041.0	29.763550000000002	True	True	True	True	True	True	2026-09-14T23:10:50.259458+00:00
2026-09-13	2026-09-14	FR0010929125-XPAR	FR0010929125	IDL	ID LOGISTICS GROUP	XPAR	Euronext Paris	True	Common Stock	101	PASS				1	euronext_full_download_csv	XPAR	provider_default	2024-09-16	2026-09-14	509.0	318.0	317.1583	5766.0	322.0	1828735.0	-0.07288629737609331	-0.07692307692307687	-0.015479876160990669	0.2316206917808856	-0.2714776632302406	-0.28980526918671246	4081.5	368.5	1346890.0	333.8179	True	True	True	True	True	True	2026-09-14T23:10:51.018668+00:00
2026-09-13	2026-09-14	FR0011027135-XPAR	FR0011027135	PAT	PATRIMOINE ET COMM	XPAR	Euronext Paris	True	Common Stock	101	PASS				1	euronext_full_download_csv	XPAR	provider_default	2024-09-16	2026-09-14	509.0	24.5	24.3823	226.0	16.0	5510.0	-0.07894736842105265	-0.016064257028112428	0.016597510373443924	0.33098438108920886	-0.10583941605839409	-0.11678832116788318	451.5	29.0	11763.0	25.209699999999998	True	True	True	True	True	True	2026-09-14T23:10:52.358211+00:00
2026-09-13	2026-09-14	FR0011040500-XPAR	FR0011040500	74SW	74SOFTWARE	XPAR	Euronext Paris	True	Common Stock	101	PASS				1	euronext_full_download_csv	XPAR	provider_default	2024-09-16	2026-09-14	509.0	39.0	38.5603	7521.0	119.0	290012.0	0.0	0.010362694300518172	0.20370370370370372	0.2901265842725316	-0.06024096385542166	-0.3493975903614458	6688.5	109.5	260718.5	39.01285	True	True	True	True	True	True	2026-09-14T23:10:53.509469+00:00
2026-09-13	2026-09-14	FR0011184241-XPAR	FR0011184241	ADOC	ADOCIA	XPAR	Euronext Paris	True	Common Stock	101	PASS				1	euronext_full_download_csv	XPAR	provider_default	2024-09-16	2026-09-14	509.0	3.546	3.5345	104821.0	446.0	370485.0	-0.1447178002894356	-0.1753488372093024	-0.3917667238421956	0.3832832964524899	-0.6716666666666666	-0.6716666666666666	73020.0	276.0	299769.5	4.02225	True	True	True	True	True	True	2026-09-14T23:10:54.175337+00:00
2026-09-13	2026-09-14	FR0011341205-XPAR	FR0011341205	NANO	NANOBIOTIX	XPAR	Euronext Paris	True	Common Stock	101	PASS				1	euronext_full_download_csv	XPAR	provider_default	2024-09-16	2026-09-14	509.0	31.12	29.9472	289079.0	2968.0	8657095.0	-0.03653250773993799	0.014341590612777066	0.10550621669627014	0.6350638836403627	-0.32611520138588135	-0.4535787321063395	159538.5	1682.5	5491516.5	35.01035	True	True	True	True	True	True	2026-09-14T23:10:54.896330+00:00
2026-09-13	2026-09-14	FR0011466069-XPAR	FR0011466069	EKI	EKINOPS	XPAR	Euronext Paris	True	Common Stock	101	PASS				1	euronext_full_download_csv	XPAR	provider_default	2024-09-16	2026-09-14	509.0	2.26	2.2996	115416.0	315.0	265415.0	-0.11023622047244108	-0.17367458866544794	0.2555555555555553	0.5261518640447547	-0.3850340136054422	-0.5528301886792453	51122.0	192.0	122938.5	2.4305000000000003	True	True	True	True	True	True	2026-09-14T23:10:55.953796+00:00
2026-09-13	2026-09-14	FR0011476928-XPAR	FR0011476928	FNAC	FNAC DARTY	XPAR	Euronext Paris	True	Common Stock	101	PASS				1	euronext_full_download_csv	XPAR	provider_default	2024-09-16	2026-09-14	509.0	34.4	34.4346	11671.0	130.0	401886.0	-0.005780346820809301	-0.0014513788098694524	-0.019943019943020057	0.028165450803297708	-0.030985915492957816	-0.11480865224625625	5818.0	107.0	201107.0	34.57765	True	True	True	True	True	True	2026-09-14T23:10:56.717864+00:00
2026-09-13	2026-09-14	FR0011665280-XPAR	FR0011665280	FGA	FIGEAC AERO	XPAR	Euronext Paris	True	Common Stock	101	PASS				1	euronext_full_download_csv	XPAR	provider_default	2024-09-16	2026-09-14	509.0	11.2	11.253	74235.0	223.0	835367.0	-0.026086956521739202	-0.04761904761904767	0.18895966029723987	0.2357773798603566	-0.11811023622047245	-0.28031496062992123	16308.5	201.0	173373.0	10.818	True	True	True	True	True	True	2026-09-14T23:10:57.468338+00:00
2026-09-13	2026-09-14	FR0011726835-XPAR	FR0011726835	GTT	GAZTRANSPORT & TECHNIGAZ	XPAR	Euronext Paris	True	Common Stock	101	PASS				1	euronext_full_download_csv	XPAR	provider_default	2024-09-16	2026-09-14	509.0	213.8	214.4187	81750.0	1238.0	17528726.0	0.03585271317829464	0.07383224510296338	0.07114228456913829	0.23647797330554624	-0.028181818181818086	-0.16988210075026788	79472.0	1147.0	16437361.5	209.98955	True	True	True	True	True	True	2026-09-14T23:10:59.253020+00:00
2026-09-13	2026-09-14	FR0011950732-XPAR	FR0011950732	ELIOR	ELIOR GROUP	XPAR	Euronext Paris	True	Common Stock	101	PASS				1	euronext_full_download_csv	XPAR	provider_default	2024-09-16	2026-09-14	509.0	1.937	1.9474	366244.0	595.0	713217.0	-0.09906976744186036	-0.02858575727181545	-0.22020933977455714	0.20534889766729963	-0.35217391304347834	-0.3772575250836121	315260.5	440.5	628762.0	2.065	True	True	True	True	True	True	2026-09-14T23:10:59.902338+00:00
2026-09-13	2026-09-14	FR0011992700-XPAR	FR0011992700	ATEME	ATEME	XPAR	Euronext Paris	True	Common Stock	101	PASS				1	euronext_full_download_csv	XPAR	provider_default	2024-09-16	2026-09-14	509.0	11.65	11.6056	35760.0	274.0	415015.0	-0.06048387096774188	-0.06799999999999995	0.6642857142857144	0.4019173024905948	-0.1618705035971223	-0.2590799031476997	11119.0	142.5	134243.5	12.197849999999999	True	True	True	True	True	True	2026-09-14T23:11:00.612785+00:00
2026-09-13	2026-09-14	FR0011995588-XPAR	FR0011995588	VLTSA	VOLTALIA	XPAR	Euronext Paris	True	Common Stock	101	PASS				1	euronext_full_download_csv	XPAR	provider_default	2024-09-16	2026-09-14	509.0	4.87	4.9366	104118.0	315.0	513984.0	-0.2598784194528875	-0.29317851959361385	-0.2632375189107413	0.48568168604871426	-0.4317386231038507	-0.4364060676779463	125725.5	474.0	790792.0	6.48825	True	True	True	True	True	True	2026-09-14T23:11:01.540648+00:00
2026-09-13	2026-09-14	FR0012127173-XPAR	FR0012127173	OSE	OSE IMMUNOTHERAPEUTICS	XPAR	Euronext Paris	True	Common Stock	101	PASS				1	euronext_full_download_csv	XPAR	provider_default	2024-09-16	2026-09-14	509.0	2.714	2.6817	70162.0	353.0	188151.0	-0.1820373719107896	-0.2754938601174586	-0.24189944134078212	0.5222436670281054	-0.6230555555555556	-0.6238888888888889	109946.5	369.0	350757.5	3.2036499999999997	True	True	True	True	True	True	2026-09-14T23:11:03.082503+00:00
2026-09-13	2026-09-14	FR0012185536-XPAR	FR0012185536	ARTE	ARTEA	XPAR	Euronext Paris	True	Common Stock	101	PASS				1	euronext_full_download_csv	XPAR	provider_default	2024-09-16	2026-09-14	509.0	6.4	6.4	251.0	13.0	1606.0	0.20754716981132093	0.18518518518518512	-0.1578947368421052	0.4018593943178704	-0.37254901960784303	-0.4950980392156862	1.0	1.0	6.0	5.3019	True	True	True	True	True	True	2026-09-14T23:11:03.811869+00:00
2026-09-13	2026-09-14	FR0012333284-XPAR	FR0012333284	ABVX	ABIVAX	XPAR	Euronext Paris	True	Common Stock	101	PASS				1	euronext_full_download_csv	XPAR	provider_default	2024-09-16	2026-09-14	509.0	99.65	100.063	81653.0	1220.0	8170446.0	-0.02969814995131448	0.1285390713476784	-0.09078467153284664	0.8940407301725221	-0.2618518518518518	-0.4844771241830066	101148.0	1289.0	10201100.5	100.05945	True	True	True	True	True	True	2026-09-14T23:11:04.487906+00:00
2026-09-13	2026-09-14	FR0012432516-XPAR	FR0012432516	POXEL	POXEL	XPAR	Euronext Paris	True	Common Stock	101	PASS				1	euronext_full_download_csv	XPAR	provider_default	2024-09-16	2026-09-14	509.0	0.1778	0.1782	260035.0	77.0	46334.0	-0.12197530864197526	-0.10921843687374744	-0.293041749502982	0.534795803326334	-0.5898500576701269	-0.5898500576701269	227722.0	94.5	44572.0	0.19635	True	True	True	True	True	True	2026-09-14T23:11:05.271145+00:00
2026-09-13	2026-09-14	FR0012435121-XPAR	FR0012435121	ELIS	ELIS	XPAR	Euronext Paris	True	Common Stock	101	PASS				1	euronext_full_download_csv	XPAR	provider_default	2024-09-16	2026-09-14	509.0	22.78	22.7936	360514.0	1114.0	8217396.0	-0.08145161290322578	-0.1518987341772151	-0.1129283489096573	0.23450444581800273	-0.19219858156028358	-0.1950354609929078	230178.5	714.0	5514287.5	23.8453	True	True	True	True	True	True	2026-09-14T23:11:06.070991+00:00
2026-09-13	2026-09-14	FR0012532810-XPAR	FR0012532810	WAGA	WAGA ENERGY	XPAR	Euronext Paris	True	Common Stock	101	PASS				1	euronext_full_download_csv	XPAR	provider_default	2024-09-16	2026-09-14	509.0	23.15	23.1492	182.0	15.0	4213.0	0.0	-0.006437768240343478	-0.019067796610169663	0.12708412699349492	-0.055102040816326636	-0.11632653061224496	513.0	20.5	11778.5	23.0597	True	True	True	True	True	True	2026-09-14T23:11:06.874682+00:00
2026-09-13	2026-09-14	FR0012612646-XPAR	FR0012612646	PARP	GROUPE PARTOUCHE	XPAR	Euronext Paris	True	Common Stock	101	PASS				1	euronext_full_download_csv	XPAR	provider_default	2024-09-16	2026-09-14	509.0	17.6	17.8649	876.0	24.0	15650.0	0.01734104046242768	-0.022222222222222143	-0.03825136612021851	0.1803642463604022	-0.10204081632653061	-0.11734693877551028	648.5	15.5	11730.0	17.946849999999998	True	True	True	True	True	True	2026-09-14T23:11:07.753817+00:00
2026-09-13	2026-09-14	FR0012616852-XPAR	FR0012616852	ABNX	ABIONYX PHARMA	XPAR	Euronext Paris	True	Common Stock	101	PASS				1	euronext_full_download_csv	XPAR	provider_default	2024-09-16	2026-09-14	509.0	1.69	1.7469	324991.0	649.0	567736.0	-0.15500000000000003	-0.3424124513618677	-0.4892857128826531	0.4228799006434662	-0.6567999983104	-0.6567999983104	149563.5	294.5	290455.0	1.94955	True	True	True	True	True	True	2026-09-14T23:11:08.367766+00:00
2026-09-13	2026-09-14	FR0012634822-XPAR	FR0012634822	MAAT	MAAT PHARMA	XPAR	Euronext Paris	True	Common Stock	101	PASS				1	euronext_full_download_csv	XPAR	provider_default	2024-09-16	2026-09-14	509.0	2.515	2.5643	79774.0	340.0	204567.0	-0.12975778546712802	-0.1221640488656196	-0.6386494252873562	0.5544885568511936	-0.6767352185089974	-0.6966580976863753	30440.0	137.5	88836.0	2.973	True	True	True	True	True	True	2026-09-14T23:11:08.922783+00:00
2026-09-13	2026-09-14	FR0012757854-XPAR	FR0012757854	SPIE	SPIE	XPAR	Euronext Paris	True	Common Stock	101	PASS				1	euronext_full_download_csv	XPAR	provider_default	2024-09-16	2026-09-14	509.0	43.56	43.6352	544822.0	1767.0	23773440.0	-0.09060542797494775	-0.13399602385685871	-0.059179265658747204	0.25053962079796127	-0.17421800947867294	-0.20037914691943126	357606.0	1363.0	16058280.0	43.987899999999996	True	True	True	True	True	True	2026-09-14T23:11:09.684177+00:00
2026-09-13	2026-09-14	FR0012872141-XPAR	FR0012872141	JBOG	JACQUES BOGART	XPAR	Euronext Paris	True	Common Stock	101	PASS				1	euronext_full_download_csv	XPAR	provider_default	2024-09-16	2026-09-14	509.0	1.97	1.9645	687.0	13.0	1350.0	-0.05288461538461542	-0.14347826086956517	-0.36451612903225805	0.6294245611261365	-0.5698689956331877	-0.6189956331877728	338.0	4.5	699.5	1.9863	True	True	True	True	True	True	2026-09-14T23:11:10.376606+00:00
2026-09-13	2026-09-14	FR0012882389-XPAR	FR0012882389	EQS	EQUASENS	XPAR	Euronext Paris	True	Common Stock	101	PASS				1	euronext_full_download_csv	XPAR	provider_default	2024-09-16	2026-09-14	509.0	30.9	30.9612	15277.0	251.0	472994.0	-0.09781021897810227	-0.1693548387096775	-0.11334289813486376	0.2313031935293523	-0.3311688311688312	-0.3311688311688312	12338.0	263.0	410914.0	32.78505	True	True	True	True	True	True	2026-09-14T23:11:11.308292+00:00
2026-09-13	2026-09-14	FR0013006558-XPAR	FR0013006558	SRP	SHOWROOMPRIVE	XPAR	Euronext Paris	True	Common Stock	101	PASS				1	euronext_full_download_csv	XPAR	provider_default	2024-09-16	2026-09-14	509.0	1.095	1.0901	111237.0	122.0	121259.0	0.4183937823834196	0.3386308068459658	0.7436305732484076	0.40949523781931185	0.0	-0.2857142857142857	70362.0	87.0	61529.0	0.88455	True	True	True	True	True	True	2026-09-14T23:11:11.989112+00:00
2026-09-13	2026-09-14	FR0013030152-XPAR	FR0013030152	FDE	FRANCAISE ENERGIE	XPAR	Euronext Paris	True	Common Stock	101	PASS				1	euronext_full_download_csv	XPAR	provider_default	2024-09-16	2026-09-14	509.0	22.25	22.7049	25404.0	392.0	576796.0	-0.2914012738853503	-0.4243208279430789	-0.31007751937984496	0.6399329468756747	-0.5163043478260869	-0.5271739130434783	13055.5	339.5	365927.5	27.8344	True	True	True	True	True	True	2026-09-14T23:11:12.884754+00:00
2026-09-13	2026-09-14	FR0013153541-XPAR	FR0013153541	MDM	MAISONS DU MONDE	XPAR	Euronext Paris	True	Common Stock	101	PASS				1	euronext_full_download_csv	XPAR	provider_default	2024-09-16	2026-09-14	509.0	0.2395	0.2414	55099.0	86.0	13299.0	-0.12909090909090915	-0.4513172966781215	-0.7970338983050848	0.9890322459906206	-0.8942604856512142	-0.9333333333333333	48729.5	54.5	11608.0	0.24015	True	True	True	True	True	True	2026-09-14T23:11:13.509436+00:00
2026-09-13	2026-09-14	FR0013154002-XPAR	FR0013154002	DIM	SARTORIUS STED BIO	XPAR	Euronext Paris	True	Common Stock	101	PASS				1	euronext_full_download_csv	XPAR	provider_default	2024-09-16	2026-09-14	509.0	184.0	184.3606	81205.0	1441.0	14970999.0	-0.008086253369272267	0.04131295981890215	0.05504587155963292	0.4050303226068562	-0.17488789237668156	-0.320627802690583	67202.5	1461.5	12713517.5	192.1203	True	True	True	True	True	True	2026-09-14T23:11:14.436328+00:00
2026-09-13	2026-09-14	FR0013176526-XPAR	FR0013176526	FR	VALEO	XPAR	Euronext Paris	True	Common Stock	101	PASS				1	euronext_full_download_csv	XPAR	provider_default	2024-09-16	2026-09-14	509.0	14.225	14.2554	411716.0	1594.0	5869190.0	-0.026684912760862156	0.0070796460176991705	0.3651631477927062	0.37793426867492147	-0.14513221153846156	-0.2740685543964232	559397.5	1968.0	8107304.0	14.323799999999999	True	True	True	True	True	True	2026-09-14T23:11:15.514160+00:00
2026-09-13	2026-09-14	FR0013183985-XPAR	FR0013183985	SIGHT	GENSIGHT BIOLOGICS	XPAR	Euronext Paris	True	Common Stock	101	PASS				1	euronext_full_download_csv	XPAR	provider_default	2024-09-16	2026-09-14	509.0	0.1184	0.118	2778890.0	488.0	327860.0	0.21435897435897444	0.4474327628361858	0.4247894103489773	0.6402623580668788	-0.3124274099883856	-0.5580720092915215	1673263.5	244.5	208122.5	0.11525	True	True	True	True	True	True	2026-09-14T23:11:16.405379+00:00
2026-09-13	2026-09-14	FR0013185857-XPAR	FR0013185857	ABEO	ABEO	XPAR	Euronext Paris	True	Common Stock	101	PASS				1	euronext_full_download_csv	XPAR	provider_default	2024-09-16	2026-09-14	509.0	8.58	8.5285	1708.0	46.0	14567.0	-0.035955056179775347	-0.13508064516129026	0.014184397163120366	0.17233822554551445	-0.16292682926829272	-0.2042105263157895	901.0	26.0	7712.0	8.50355	True	True	True	True	True	True	2026-09-14T23:11:17.138976+00:00
2026-09-13	2026-09-14	FR0013214145-XPAR	FR0013214145	SMCP	SMCP	XPAR	Euronext Paris	True	Common Stock	101	PASS				1	euronext_full_download_csv	XPAR	provider_default	2024-09-16	2026-09-14	509.0	6.645	6.7002	96439.0	403.0	646164.0	-0.0007518796992482812	0.29154518950437325	0.24438202247191	0.4853042595121899	-0.05341880341880345	-0.29008746355685133	93559.5	409.0	630394.0	6.757099999999999	True	True	True	True	True	True	2026-09-14T23:11:17.989918+00:00
2026-09-13	2026-09-14	FR0013227113-XPAR	FR0013227113	SOI	SOITEC	XPAR	Euronext Paris	True	Common Stock	101	PASS				1	euronext_full_download_csv	XPAR	provider_default	2024-09-16	2026-09-14	509.0	123.4	123.9573	387171.0	8118.0	47992678.0	-0.04489164086687292	-0.010425020048115408	1.0104268491365267	1.0282992345083695	-0.3579604578563995	-0.550468262226847	261616.0	4231.5	29433595.5	113.77850000000001	True	True	True	True	True	True	2026-09-14T23:11:19.011764+00:00
2026-09-13	2026-09-14	FR0013230612-XPAR	FR0013230612	TKO	TIKEHAU CAPITAL	XPAR	Euronext Paris	True	Common Stock	101	PASS				1	euronext_full_download_csv	XPAR	provider_default	2024-09-16	2026-09-14	509.0	16.6	16.84	19478.0	202.0	328010.0	-0.040462427745664664	-0.05895691609977316	0.08781127129750987	0.28857418663475615	-0.15564598168870802	-0.23933402705515083	28540.5	265.5	482734.0	16.928600000000003	True	True	True	True	True	True	2026-09-14T23:11:19.698483+00:00
2026-09-13	2026-09-14	FR0013233012-XPAR	FR0013233012	IVA	INVENTIVA	XPAR	Euronext Paris	True	Common Stock	101	PASS				1	euronext_full_download_csv	XPAR	provider_default	2024-09-16	2026-09-14	509.0	3.405	3.4307	521767.0	976.0	1790024.0	-0.12242268041237114	0.09134615384615374	-0.35511363636363646	0.5349823678067402	-0.4306020066889633	-0.5025083612040133	364985.5	988.5	1458827.5	4.00905	True	True	True	True	True	True	2026-09-14T23:11:20.383917+00:00
2026-09-13	2026-09-14	FR0013258662-XPAR	FR0013258662	AYV	AYVENS	XPAR	Euronext Paris	True	Common Stock	101	PASS				1	euronext_full_download_csv	XPAR	provider_default	2024-09-16	2026-09-14	509.0	10.63	10.6639	679914.0	1126.0	7250510.0	-0.08833619210977695	-0.1067226890756302	0.07809330628803268	0.2735425050143952	-0.14618473895582318	-0.23333333333333328	737635.0	1173.0	8189793.5	11.1961	True	True	True	True	True	True	2026-09-14T23:11:21.009361+00:00
2026-09-13	2026-09-14	FR0013269123-XPAR	FR0013269123	RUI	RUBIS	XPAR	Euronext Paris	True	Common Stock	101	PASS				1	euronext_full_download_csv	XPAR	provider_default	2024-09-16	2026-09-14	509.0	35.54	35.7426	174739.0	1563.0	6245623.0	0.028951939779965352	0.052101835405565344	0.05023640661938522	0.18658831961088262	-0.03528773072747027	-0.16666666666666674	103669.5	651.0	3497599.0	34.1227	True	True	True	True	True	True	2026-09-14T23:11:21.918308+00:00
2026-09-13	2026-09-14	FR0013280286-XPAR	FR0013280286	BIM	BIOMERIEUX	XPAR	Euronext Paris	True	Common Stock	101	PASS				1	euronext_full_download_csv	XPAR	provider_default	2024-09-16	2026-09-14	509.0	71.55	71.6334	87618.0	873.0	6276380.0	-0.021203830369357024	0.05608856088560876	-0.2412513255567338	0.2875847283188023	-0.38636363636363635	-0.42881646655231564	144590.0	1344.0	10634041.5	74.41565	True	True	True	True	True	True	2026-09-14T23:11:22.787932+00:00
2026-09-13	2026-09-14	FR0013295789-XPAR	FR0013295789	TFF	TFF GROUP	XPAR	Euronext Paris	True	Common Stock	101	PASS				1	euronext_full_download_csv	XPAR	provider_default	2024-09-16	2026-09-14	509.0	16.0	15.9593	938.0	24.0	14970.0	-0.03846153846153855	-0.041916167664670656	-0.053254437869822424	0.31136085600439084	-0.18781725888324874	-0.23857868020304562	1074.0	26.5	17618.5	16.5821	True	True	True	True	True	True	2026-09-14T23:11:23.739414+00:00
2026-09-13	2026-09-14	FR0013326246-XPAR	FR0013326246	URW	UNIBAIL-RODAMCO-WESTFIELD	XPAR	Euronext Paris	True	Common Stock	101	PASS				1	euronext_full_download_csv	XPAR	provider_default	2024-09-16	2026-09-14	509.0	92.46	92.5029	236397.0	1771.0	21867418.0	-0.10666666666666669	-0.07908366533864553	-0.04680412371134024	0.13438383534946952	-0.13223838573439706	-0.13223838573439706	245397.0	1705.5	24378931.0	97.27850000000001	True	True	True	True	True	True	2026-09-14T23:11:24.535566+00:00
2026-09-13	2026-09-14	FR0013333077-XPAR	FR0013333077	CVX	CARVOLIX	XPAR	Euronext Paris	True	Common Stock	101	PASS				1	euronext_full_download_csv	XPAR	provider_default	2024-09-16	2026-09-14	509.0	5.86	5.8825	9965.0	81.0	58619.0	-0.006779661016949157	0.6187845303867403	1.092857142857143	1.1809928186601724	-0.18384401114206117	-0.34643734643734647	25384.5	176.0	154537.5	6.115550000000001	True	True	True	True	True	True	2026-09-14T23:11:25.279329+00:00
2026-09-13	2026-09-14	FR0013333432-XPAR	FR0013333432	THEP	THERMADOR GROUPE	XPAR	Euronext Paris	True	Common Stock	101	PASS				1	euronext_full_download_csv	XPAR	provider_default	2024-09-16	2026-09-14	509.0	70.6	70.4208	9509.0	234.0	669631.0	-0.09020618556701032	0.011461318051575908	-0.012587412587412694	0.2605371133256608	-0.13691931540342306	-0.15519399249061328	4092.0	167.5	306420.0	73.4819	True	True	True	True	True	True	2026-09-14T23:11:26.207218+00:00
2026-09-13	2026-09-14	FR0013344173-XPAR	FR0013344173	RBO	ROCHE BOBOIS	XPAR	Euronext Paris	True	Common Stock	101	PASS				1	euronext_full_download_csv	XPAR	provider_default	2024-09-16	2026-09-14	509.0	19.75	19.701	1479.0	37.0	29138.0	-0.07710280373831768	-0.2036290322580645	-0.20999999999999996	0.2552313044618694	-0.46185286103542234	-0.46185286103542234	206.0	8.0	4360.0	20.9556	True	True	True	True	True	True	2026-09-14T23:11:26.869634+00:00
2026-09-13	2026-09-14	FR0013357621-XPAR	FR0013357621	WAVE	WAVESTONE	XPAR	Euronext Paris	True	Common Stock	101	PASS				1	euronext_full_download_csv	XPAR	provider_default	2024-09-16	2026-09-14	509.0	30.5	30.489	67133.0	872.0	2046819.0	-0.11849710982658967	-0.2659446450060168	-0.3475935828877005	0.8108810823835189	-0.506472491909385	-0.5226537216828478	19478.0	330.0	650255.5	33.65705	True	True	True	True	True	True	2026-09-14T23:11:27.764386+00:00
2026-09-13	2026-09-14	FR0013379484-XPAR	FR0013379484	S30	SOLUTIONS 30 SE	XPAR	Euronext Paris	True	Common Stock	101	PASS				1	euronext_full_download_csv	XPAR	provider_default	2024-09-16	2026-09-14	509.0	0.51	0.5132	309112.0	266.0	158623.0	-0.18399999999999994	-0.2735042735042734	-0.35969868173258	0.3695112092858819	-0.5549738219895288	-0.5549738219895288	255166.0	192.0	145448.0	0.56395	True	True	True	True	True	True	2026-09-14T23:11:28.701554+00:00
2026-09-13	2026-09-14	FR0013447729-XPAR	FR0013447729	VRLA	VERALLIA	XPAR	Euronext Paris	True	Common Stock	101	PASS				1	euronext_full_download_csv	XPAR	provider_default	2024-09-16	2026-09-14	509.0	18.44	18.4764	18010.0	325.0	332759.0	0.0065502183406114245	-0.07243460764587517	0.0956625074272135	0.25322968047693833	-0.24177631578947367	-0.3597861842105263	18143.5	241.5	350925.5	19.247700000000002	True	True	True	True	True	True	2026-09-14T23:11:29.499369+00:00
2026-09-13	2026-09-14	FR0013451333-XPAR	FR0013451333	FDJU	FDJ UNITED	XPAR	Euronext Paris	True	Common Stock	101	PASS				1	euronext_full_download_csv	XPAR	provider_default	2024-09-16	2026-09-14	509.0	22.19	22.198	435101.0	1398.0	9658364.0	-0.009374999999999911	-0.023757149142102918	-0.1256895193065405	0.154408738519809	-0.2289784572619875	-0.2588603196664351	348946.0	1211.5	7783239.5	22.251399999999997	True	True	True	True	True	True	2026-09-14T23:11:30.483303+00:00
2026-09-13	2026-09-14	FR0013455482-XPAR	FR0013455482	ATLD	ATLAND	XPAR	Euronext Paris	True	Common Stock	101	PASS				1	euronext_full_download_csv	XPAR	provider_default	2024-09-16	2026-09-14	509.0	34.2	34.2	11.0	11.0	376.0	-0.057851239669421295	-0.11627906976744184	-0.11168831168831161	0.2882269807483206	-0.23830734966592415	-0.25835189309576845	16.5	8.5	595.0	35.667550000000006	True	True	True	True	True	True	2026-09-14T23:11:31.586560+00:00
2026-09-13	2026-09-14	FR0013482791-XPAR	FR0013482791	NACON	NACON	XPAR	Euronext Paris	True	Common Stock	101	PASS				1	euronext_full_download_csv	XPAR	provider_default	2024-09-16	2026-09-14	509.0	0.0718	0.0717	54131.0	38.0	3883.0	-0.14421930870083433	-0.49150141643059486	-0.5484276729559748	1.2375517519395958	-0.9081841432225064	-0.9222506393861892	146454.5	53.5	9527.5	0.07035	True	True	True	True	True	True	2026-09-14T23:11:32.543801+00:00
2026-09-13	2026-09-14	FR0013505062-XPAR	FR0013505062	VANTI	VANTIVA S.A.	XPAR	Euronext Paris	True	Common Stock	101	PASS				1	euronext_full_download_csv	XPAR	provider_default	2024-09-16	2026-09-14	509.0	0.0896	0.0898	39120.0	45.0	3513.0	-0.051851851851851816	-0.11811023622047245	-0.1839708561020036	0.3649885814046643	-0.3600000000000001	-0.3857142857142858	61605.5	50.5	5502.0	0.0921	True	True	True	True	True	True	2026-09-14T23:11:33.444100+00:00
2026-09-13	2026-09-14	FR0013506730-XPAR	FR0013506730	VK	VALLOUREC	XPAR	Euronext Paris	True	Common Stock	101	PASS				1	euronext_full_download_csv	XPAR	provider_default	2024-09-16	2026-09-14	509.0	18.26	18.3017	1111926.0	3320.0	20350096.0	0.009397457158651257	-0.2288851351351351	-0.06789178152118414	0.3438288888294984	-0.332114118507681	-0.35662033650329183	888411.5	2135.0	16057833.5	18.42705	True	True	True	True	True	True	2026-09-14T23:11:34.624587+00:00
2026-09-13	2026-09-14	FR0014000MR3-XPAR	FR0014000MR3	ERF	EUROFINS SCIENT.	XPAR	Euronext Paris	True	Common Stock	101	PASS				1	euronext_full_download_csv	XPAR	provider_default	2024-09-16	2026-09-14	509.0	72.16	72.2852	402823.0	5805.0	29118131.0	0.024417944349801157	0.15382155420530852	0.1597557055609129	0.2338511132918994	-0.02591792656587477	-0.21307439824945307	252053.5	2349.0	18241061.5	72.4565	True	True	True	True	True	True	2026-09-14T23:11:35.590718+00:00
2026-09-13	2026-09-14	FR0014001PV6-XPAR	FR0014001PV6	NR21	NR 21	XPAR	Euronext Paris	True	Common Stock	101	PASS				1	euronext_full_download_csv	XPAR	provider_default	2024-09-16	2026-09-14	509.0	41.6	41.6	1.0	1.0	42.0	-0.014218009478673022	-0.21509433962264146	-0.15102040816326523	0.46376583829704676	-0.21509433962264146	-0.21509433962264146	0.0	0.0	0.0	0.0	True	True	True	True	True	True	2026-09-14T23:11:36.315267+00:00
2026-09-13	2026-09-14	FR0014003AQ4-XPAR	FR0014003AQ4	EXPL	EXPLOSIFS PROD.CHI	XPAR	Euronext Paris	True	Common Stock	101	PASS				1	euronext_full_download_csv	XPAR	provider_default	2024-09-16	2026-09-14	509.0	279.0	278.4982	285.0	26.0	79372.0	0.03333333333333344	0.003597122302158251	-0.044520547945205435	0.2953554209842013	-0.06060606060606055	-0.17845117845117842	70.0	18.0	18956.0	269.36665	True	True	True	True	True	True	2026-09-14T23:11:37.118371+00:00
2026-09-13	2026-09-14	FR0014003TT8-XPAR	FR0014003TT8	DSY	DASSAULT SYSTEMES	XPAR	Euronext Paris	True	Common Stock	101	PASS				1	euronext_full_download_csv	XPAR	provider_default	2024-09-16	2026-09-14	509.0	21.25	21.1863	2517123.0	5205.0	53328460.0	-0.019833948339483376	0.2272596015015882	0.17338487023743787	0.3703103020062731	-0.29798480343574496	-0.4727452923686818	1698071.0	3532.0	36602043.0	22.18125	True	True	True	True	True	True	2026-09-14T23:11:38.126561+00:00
2026-09-13	2026-09-14	FR0014003U94-XPAR	FR0014003U94	ARAMI	ARAMIS GROUP	XPAR	Euronext Paris	True	Common Stock	101	PASS				1	euronext_full_download_csv	XPAR	provider_default	2024-09-16	2026-09-14	509.0	3.25	3.2523	37610.0	183.0	122317.0	-0.24593967517401383	0.07615894039735105	-0.13217623497997333	0.44816638075275866	-0.5090634441087614	-0.5740181268882176	17152.5	121.0	66659.5	3.8547000000000002	True	True	True	True	True	True	2026-09-14T23:11:38.940888+00:00
2026-09-13	2026-09-14	FR0014003VY4-XPAR	FR0014003VY4	HDF	HYDROGENE DE FRANCE	XPAR	Euronext Paris	True	Common Stock	101	PASS				1	euronext_full_download_csv	XPAR	provider_default	2024-09-16	2026-09-14	509.0	2.41	2.3874	3003.0	41.0	7169.0	-0.14991181657848318	-0.2827380952380951	-0.33791208791208793	0.44568292906010826	-0.5	-0.5435684647302905	4431.0	36.0	10969.0	2.7396000000000003	True	True	True	True	True	True	2026-09-14T23:11:39.470384+00:00
2026-09-13	2026-09-14	FR0014004L86-XPAR	FR0014004L86	AM	DASSAULT AVIATION	XPAR	Euronext Paris	True	Common Stock	101	PASS				1	euronext_full_download_csv	XPAR	provider_default	2024-09-16	2026-09-14	509.0	283.2	282.6845	51917.0	1339.0	14676130.0	-0.11166875784190722	-0.0610079575596818	-0.18197573656845756	0.2671199550190911	-0.19864176570458403	-0.22127900396151667	43751.5	1177.5	12987964.0	283.44945	True	True	True	True	True	True	2026-09-14T23:11:40.219217+00:00
2026-09-13	2026-09-14	FR0014005AL0-XPAR	FR0014005AL0	ANTIN	ANTIN INFRASTRUCTURE PARTNERS	XPAR	Euronext Paris	True	Common Stock	101	PASS				1	euronext_full_download_csv	XPAR	provider_default	2024-09-16	2026-09-14	509.0	7.98	7.9908	21596.0	184.0	172570.0	-0.12691466083150982	-0.14469453376205788	-0.1987951807228916	0.2143634581896845	-0.33499999999999996	-0.33499999999999996	20758.5	191.0	170451.0	8.69155	True	True	True	True	True	True	2026-09-14T23:11:40.911698+00:00
2026-09-13	2026-09-14	FR0014005HJ9-XPAR	FR0014005HJ9	OVH	OVH	XPAR	Euronext Paris	True	Common Stock	101	PASS				1	euronext_full_download_csv	XPAR	provider_default	2024-09-16	2026-09-14	509.0	15.26	15.1475	97411.0	742.0	1475537.0	-0.09864146485528646	-0.10023584905660388	0.6750823271130626	0.7540034572993938	-0.13295454545454555	-0.48189522342064717	98281.0	678.0	1442096.5	14.6295	True	True	True	True	True	True	2026-09-14T23:11:41.675762+00:00
2026-09-13	2026-09-14	FR0014007ZB4-XPAR	FR0014007ZB4	AELIS	AELIS FARMA	XPAR	Euronext Paris	True	Common Stock	101	PASS				1	euronext_full_download_csv	XPAR	provider_default	2024-09-16	2026-09-14	509.0	0.95	0.973	68202.0	64.0	66363.0	-0.1121495327102805	-0.10546139359698692	-0.24	0.48168290704214706	-0.5681818181818182	-0.5681818181818182	8640.5	24.5	8748.0	1.0101	True	True	True	True	True	True	2026-09-14T23:11:42.323484+00:00
2026-09-13	2026-09-14	FR0014008VX5-XPAR	FR0014008VX5	EAPI	EUROAPI SA	XPAR	Euronext Paris	True	Common Stock	101	PASS				1	euronext_full_download_csv	XPAR	provider_default	2024-09-16	2026-09-14	509.0	0.852	0.8439	201801.0	245.0	170305.0	-0.12704918032786883	-0.315112540192926	-0.33018867924528306	0.552639480809405	-0.7465794170136824	-0.7575847709696609	154487.0	228.0	137336.5	0.9163	True	True	True	True	True	True	2026-09-14T23:11:42.988632+00:00
2026-09-13	2026-09-14	FR001400AHX6-XPAR	FR001400AHX6	ABLD	ABL Diagnostics	XPAR	Euronext Paris	True	Common Stock	101	PASS				1	euronext_full_download_csv	XPAR	provider_default	2024-09-16	2026-09-14	509.0	2.42	2.4809	6018.0	27.0	14930.0	-0.008196721311475419	0.008333333333333304	-0.24844720496894412	0.5516115088196142	-0.4739130434782608	-0.5217391304347825	3969.0	28.5	9492.0	2.3939	True	True	True	True	True	True	2026-09-14T23:11:43.589368+00:00
2026-09-13	2026-09-14	FR001400AJ45-XPAR	FR001400AJ45	ML	MICHELIN	XPAR	Euronext Paris	True	Common Stock	101	PASS				1	euronext_full_download_csv	XPAR	provider_default	2024-09-16	2026-09-14	509.0	33.33	33.2863	1284005.0	4178.0	42739723.0	-0.037539705457695804	0.000300120048019048	0.1165829145728643	0.1893141610740326	-0.05231731589422817	-0.17488399071925753	1139619.5	3785.0	39481017.0	34.58735	True	True	True	True	True	True	2026-09-14T23:11:44.396451+00:00
2026-09-13	2026-09-14	FR001400AYG6-XPAR	FR001400AYG6	DEEZR	DEEZER	XPAR	Euronext Paris	True	Common Stock	101	PASS				1	euronext_full_download_csv	XPAR	provider_default	2024-09-16	2026-09-14	509.0	1.26	1.2677	43933.0	95.0	55692.0	0.050000000000000044	0.15068493150684925	0.125	0.382481678059849	-0.06319702602230481	-0.24907063197026025	23672.5	51.5	29464.5	1.25015	True	True	True	True	True	True	2026-09-14T23:11:45.168551+00:00
2026-09-13	2026-09-14	FR001400CFI7-XPAR	FR001400CFI7	AVT	AVENIR TELECOM	XPAR	Euronext Paris	True	Common Stock	101	PASS				1	euronext_full_download_csv	XPAR	provider_default	2024-09-16	2026-09-14	509.0	0.08	0.0804	68616.0	29.0	5517.0	-0.11894273127753308	-0.20398009950248763	-0.06542056074766345	0.3819525500114964	-0.4771241830065359	-0.4771241830065359	130297.5	40.0	11845.5	0.08929999999999999	True	True	True	True	True	True	2026-09-14T23:11:46.338388+00:00
2026-09-13	2026-09-14	FR001400IE67-XPAR	FR001400IE67	MHM	MYHOTELMATCH	XPAR	Euronext Paris	True	Common Stock	101	PASS				1	euronext_full_download_csv	XPAR	provider_default	2024-09-16	2026-09-14	509.0	0.1305	0.1307	46160.0	46.0	6033.0	6.991994532373396	6.89906627588987	4.831070535399513	9.001605941415452	-0.28882833787465934	-0.6207348930751616	79736.5	14.0	1870.0	0.016550000000000002	True	True	True	True	True	True	2026-09-14T23:11:47.164986+00:00
2026-09-13	2026-09-14	FR001400J770-XPAR	FR001400J770	AF	AIR FRANCE -KLM	XPAR	Euronext Paris	True	Common Stock	101	PASS				1	euronext_full_download_csv	XPAR	provider_default	2024-09-16	2026-09-14	509.0	11.42	11.3791	919552.0	1887.0	10463706.0	-0.06393442622950818	-0.05070656691604314	0.17804827728491834	0.4000641330254159	-0.18311874105865522	-0.34870624048706245	856783.0	1776.0	9960575.0	11.6191	True	True	True	True	True	True	2026-09-14T23:11:48.153650+00:00
2026-09-13	2026-09-14	FR001400JWR8-XPAR	FR001400JWR8	ARVEN	ARVERNE GROUP	XPAR	Euronext Paris	True	Common Stock	101	PASS				1	euronext_full_download_csv	XPAR	provider_default	2024-09-16	2026-09-14	509.0	7.16	7.3904	12277.0	114.0	90732.0	-0.07731958762886593	-0.20444444444444443	0.4039215686274511	0.3401947377926646	-0.3490909090909091	-0.3490909090909091	3460.0	44.5	26709.0	7.844250000000001	True	True	True	True	True	True	2026-09-14T23:11:48.837548+00:00
2026-09-13	2026-09-14	FR001400JY13-XPAR	FR001400JY13	LAT	LATECOERE	XPAR	Euronext Paris	True	Common Stock	101	PASS				1	euronext_full_download_csv	XPAR	provider_default	2024-09-16	2026-09-14	509.0	0.0149	0.0152	3406235.0	93.0	51672.0	0.0	-0.006666666666666599	-0.10240963855421692	0.2620158936704633	-0.28365384615384615	-0.3317307692307693	1155528.5	56.5	16931.0	0.01485	True	True	True	True	True	True	2026-09-14T23:11:50.285409+00:00
2026-09-13	2026-09-14	FR001400NLM4-XPAR	FR001400NLM4	EMEIS	EMEIS	XPAR	Euronext Paris	True	Common Stock	101	PASS				1	euronext_full_download_csv	XPAR	provider_default	2024-09-16	2026-09-14	509.0	12.46	12.4632	107487.0	558.0	1339632.0	-0.12438510189739982	-0.08984660336011674	-0.0938181818181818	0.31626711239442756	-0.2068746021642266	-0.21960534691279443	114053.0	575.0	1463243.5	12.94685	True	True	True	True	True	True	2026-09-14T23:11:51.118516+00:00
2026-09-13	2026-09-14	FR001400OKR3-XPAR	FR001400OKR3	CO	CASINO GUICHARD	XPAR	Euronext Paris	True	Common Stock	101	PASS				1	euronext_full_download_csv	XPAR	provider_default	2024-09-16	2026-09-14	509.0	0.1806	0.1812	203469.0	156.0	36864.0	-0.06181818181818177	-0.16388888888888886	0.04878048780487809	0.4571953522593514	-0.6489795918367347	-0.7103984450923226	152820.0	137.0	28041.0	0.18445	True	True	True	True	True	True	2026-09-14T23:11:52.201696+00:00
2026-09-13	2026-09-14	FR001400PFU4-XPAR	FR001400PFU4	PLNW	PLANISWARE	XPAR	Euronext Paris	True	Common Stock	101	PASS				1	euronext_full_download_csv	XPAR	provider_default	2024-09-16	2026-09-14	509.0	23.95	23.8599	52809.0	442.0	1260019.0	-0.06445312500000011	0.2876344086021505	0.547157622739018	0.44133141240539286	-0.06445312500000011	-0.40847457627118644	65592.5	531.0	1566052.5	24.56725	True	True	True	True	True	True	2026-09-14T23:11:52.733799+00:00
2026-09-13	2026-09-14	FR001400PVN6-XPAR	FR001400PVN6	VIRI	VIRIDIEN	XPAR	Euronext Paris	True	Common Stock	101	PASS				1	euronext_full_download_csv	XPAR	provider_default	2024-09-16	2026-09-14	509.0	87.5	88.2414	25277.0	819.0	2230479.0	-0.11971830985915499	-0.06065485775630708	-0.3416102332580888	0.5700401672465826	-0.43365695792880254	-0.503883495145631	27909.0	922.0	2421729.0	88.51655	True	True	True	True	True	True	2026-09-14T23:11:53.700439+00:00
2026-09-13	2026-09-14	FR001400Q9V2-XPAR	FR001400Q9V2	EXENS	EXOSENS	XPAR	Euronext Paris	True	Common Stock	101	PASS				1	euronext_full_download_csv	XPAR	provider_default	2024-09-16	2026-09-14	509.0	54.85	54.7032	53200.0	782.0	2910210.0	-0.17889221556886226	-0.09786184210526305	-0.23713490959666206	0.41786694189811624	-0.24759945130315508	-0.2777777777777779	57155.5	818.0	3358512.0	58.3167	True	True	True	True	True	True	2026-09-14T23:11:54.338464+00:00
2026-09-13	2026-09-14	FR001400SA10-XPAR	FR001400SA10	LOCAL	SOLOCAL GROUP	XPAR	Euronext Paris	True	Common Stock	101	PASS				1	euronext_full_download_csv	XPAR	provider_default	2024-09-16	2026-09-14	509.0	4.2	4.1993	5619.0	47.0	23596.0	0.03321033210332103	0.050000000000000044	-0.014084507042253391	0.1998149832820242	-0.11764705882352933	-0.21938775510204078	12629.5	62.5	53359.0	4.1499500000000005	True	True	True	True	True	True	2026-09-14T23:11:55.367077+00:00
2026-09-13	2026-09-14	FR001400SF56-XPAR	FR001400SF56	LOUP	L.D.C.	XPAR	Euronext Paris	True	Common Stock	101	PASS				1	euronext_full_download_csv	XPAR	provider_default	2024-09-16	2026-09-14	509.0	110.2	110.1321	4759.0	231.0	524119.0	-0.03839441535776611	-0.0661016949152542	0.10753768844221101	0.1757642154915276	-0.11556982343499189	-0.1492776886035313	4678.0	234.5	513300.5	109.00229999999999	True	True	True	True	True	True	2026-09-14T23:11:56.283051+00:00
2026-09-13	2026-09-14	FR001400SU99-XPAR	FR001400SU99	FMONC	MONCEY (FIN.) NOM.	XPAR	Euronext Paris	True	Common Stock	101	PASS				1	euronext_full_download_csv	XPAR	provider_default	2024-09-16	2026-09-14	509.0	117.5	116.8833	30.0	5.0	3507.0	-0.01673640167364021	-0.11985018726591756	-0.0926640926640927	0.2608071970989035	-0.23948220064724923	-0.25889967637540456	29.0	4.0	3404.0	116.91114999999999	True	True	True	True	True	True	2026-09-14T23:11:57.023650+00:00
2026-09-13	2026-09-14	FR001400SUB7-XPAR	FR001400SUB7	CBDG	CAMBODGE NOM.	XPAR	Euronext Paris	True	Common Stock	101	PASS				1	euronext_full_download_csv	XPAR	provider_default	2024-09-16	2026-09-14	509.0	103.0	103.0	38.0	2.0	3914.0	-0.01904761904761909	-0.03738317757009346	0.10752688172043001	0.2077776362084623	-0.05504587155963303	-0.07920792079207917	36.5	2.0	3742.0	102.55879999999999	True	True	True	True	True	True	2026-09-14T23:11:57.685969+00:00
2026-09-13	2026-09-14	FR001400X2S4-XPAR	FR001400X2S4	ATO	ATOS GROUP	XPAR	Euronext Paris	True	Common Stock	101	PASS				1	euronext_full_download_csv	XPAR	provider_default	2024-09-16	2026-09-14	509.0	25.26	25.0118	144366.0	1590.0	3610851.0	-0.14546684709066293	-0.30604395604395596	-0.35064267352185086	0.3590922244449771	-0.5862407862407861	-0.5934479934479935	85014.0	1131.5	2280203.5	27.96785	True	True	True	True	True	True	2026-09-14T23:11:58.760633+00:00
2026-09-13	2026-09-14	FR00140182K6-XPAR	FR00140182K6	WLN	WORLDLINE	XPAR	Euronext Paris	True	Common Stock	101	PASS				1	euronext_full_download_csv	XPAR	provider_default	2024-09-16	2026-09-14	509.0	13.848	13.6265	211359.0	1190.0	2880073.0	0.0850963798777622	0.2335649385355425	-0.048378229796591454	0.7201772723657616	-0.5752214213555037	-0.7105567108543135	302079.5	1602.5	4153802.5	13.65855	True	True	True	True	True	True	2026-09-14T23:11:59.607036+00:00
2026-09-13	2026-09-14	GA0000121459-XPAR	GA0000121459	EC	TOTALENERGIES EP GABON	XPAR	Euronext Paris	True	Common Stock	101	PASS				1	euronext_full_download_csv	XPAR	provider_default	2024-09-16	2026-09-14	509.0	223.5	223.1103	707.0	74.0	157739.0	0.03472222222222232	0.08495145631067968	-0.01541850220264318	0.2360840099692314	-0.07261410788381739	-0.18506224066390042	567.5	61.5	127220.5	221.58565	True	True	True	True	True	True	2026-09-14T23:12:00.643085+00:00
2026-09-13	2026-09-14	GB00B5ZN1N88-XPAR	GB00B5ZN1N88	SGRO	SEGRO PUBLIC LIMITED COMPANY	XPAR	Euronext Paris	True	Common Stock	101	PASS				1	euronext_full_download_csv	XPAR	provider_default	2024-09-16	2026-09-14	509.0	10.1	0.0	0.0	0.0	0.0	0.0	0.0	-0.019417475728155442	0.0	-0.019417475728155442	-0.019417475728155442	0.0	0.0	0.0	0.0	True	True	True	True	True	True	2026-09-14T23:12:01.186936+00:00
2026-09-13	2026-09-14	LU0088087324-XPAR	LU0088087324	SESG	SES	XPAR	Euronext Paris	True	Common Stock	101	PASS				1	euronext_full_download_csv	XPAR	provider_default	2024-09-16	2026-09-14	509.0	4.73	4.7041	993899.0	1658.0	4675361.0	-0.1297148114075436	-0.3633916554508747	-0.23276561232765602	0.5367093209289194	-0.5214972180070814	-0.532827516439049	823973.5	1003.5	3915415.5	4.8546	True	True	True	True	True	True	2026-09-14T23:12:02.097060+00:00
2026-09-13	2026-09-14	LU2999653251-XPAR	LU2999653251	YOUNI	YOUNITED FINANCIAL	XPAR	Euronext Paris	True	Common Stock	101	PASS				1	euronext_full_download_csv	XPAR	provider_default	2024-09-16	2026-09-14	509.0	6.4	6.4	301.0	3.0	1926.0	-0.07246376811594202	-0.04477611940298509	0.0847457627118644	0.3964410528043022	-0.19496855345911945	-0.3836477987421383	3.0	2.0	19.0	6.4	True	True	True	True	True	True	2026-09-14T23:12:02.766777+00:00
2026-09-13	2026-09-14	MA0000011488-XPAR	MA0000011488	IAM	MAROC TELECOM	XPAR	Euronext Paris	True	Common Stock	101	PASS				1	euronext_full_download_csv	XPAR	provider_default	2024-09-16	2026-09-14	509.0	9.22	9.2199	195.0	4.0	1798.0	0.004357298474945592	0.017660044150110465	0.035955056179775235	0.1283811433686119	-0.19826086956521738	-0.24521739130434783	258.5	5.0	2414.5	9.3105	True	True	True	True	True	True	2026-09-14T23:12:03.701593+00:00
2026-09-13	2026-09-14	MC0000031187-XPAR	MC0000031187	BAIN	BAINS MER MONACO	XPAR	Euronext Paris	True	Common Stock	101	PASS				1	euronext_full_download_csv	XPAR	provider_default	2024-09-16	2026-09-14	509.0	139.0	139.552	279.0	25.0	38935.0	0.029629629629629672	-0.0071428571428571175	0.05303030303030298	0.20826862115737038	-0.0071428571428571175	-0.13362068965517238	367.5	23.5	48659.0	134.56414999999998	True	True	True	True	True	True	2026-09-14T23:12:04.604982+00:00
2026-09-13	2026-09-14	NL0000226223-XPAR	NL0000226223	STMPA	STMICROELECTRONICS	XPAR	Euronext Paris	True	Common Stock	101	PASS				1	euronext_full_download_csv	XPAR	provider_default	2024-09-16	2026-09-14	509.0	41.735	41.9275	2986790.0	35699.0	125228635.0	-0.10545493516236204	-0.35949969306322893	0.42732558139534893	0.6243564241566829	-0.39854445885574297	-0.39854445885574297	2167146.0	23401.0	94171780.0	43.61995	True	True	True	True	True	True	2026-09-14T23:12:05.559965+00:00
2026-09-13	2026-09-14	NL0000235190-XPAR	NL0000235190	AIR	AIRBUS SE	XPAR	Euronext Paris	True	Common Stock	101	PASS				1	euronext_full_download_csv	XPAR	provider_default	2024-09-16	2026-09-14	509.0	195.0	195.1274	1261720.0	17780.0	246196097.0	-0.09470752089136492	0.04266923323708682	0.1449037106622828	0.27091364525433476	-0.11444141689373288	-0.27711171662125333	773647.0	9544.0	157078602.0	199.1807	True	True	True	True	True	True	2026-09-14T23:12:06.644848+00:00
2026-09-13	2026-09-14	NL0006294274-XPAR	NL0006294274	ENX	EURONEXT	XPAR	Euronext Paris	True	Common Stock	101	PASS				1	euronext_full_download_csv	XPAR	provider_default	2024-09-16	2026-09-14	509.0	160.3	160.5036	261116.0	1912.0	41910053.0	0.008810572687224738	0.07946127946127945	0.1344656758669498	0.21333292512658802	-0.030248033877797953	-0.16434336023477625	143835.0	1429.5	23150396.0	161.28265	True	True	True	True	True	True	2026-09-14T23:12:07.665681+00:00
2026-09-13	2026-09-14	NL0014559478-XPAR	NL0014559478	TE	TECHNIP ENERGIES N.V.	XPAR	Euronext Paris	True	Common Stock	101	PASS				1	euronext_full_download_csv	XPAR	provider_default	2024-09-16	2026-09-14	509.0	28.36	28.5291	537367.0	2111.0	15330597.0	-0.09392971246006399	-0.23640280021540117	-0.1064902331442974	0.3459614136253909	-0.3099756690997567	-0.3099756690997567	325253.0	1368.0	9884397.0	30.11635	True	True	True	True	True	True	2026-09-14T23:12:08.351904+00:00
2026-09-13	2026-09-14	NL00150001Q9-XPAR	NL00150001Q9	STLAP	STELLANTIS NV	XPAR	Euronext Paris	True	Common Stock	101	PASS				1	euronext_full_download_csv	XPAR	provider_default	2024-09-16	2026-09-14	509.0	4.537	4.5588	3368169.0	3593.0	15354690.0	-0.0158351409978309	-0.21518768379173148	-0.22735013623978206	0.4244463708757652	-0.564252785247791	-0.5789473684210527	4408630.5	4385.5	20078911.5	4.58695	True	True	True	True	True	True	2026-09-14T23:12:09.269988+00:00
2026-09-13	2026-09-14	NL0015001W49-XPAR	NL0015001W49	PLX	PLUXEE N.V.	XPAR	Euronext Paris	True	Common Stock	101	PASS				1	euronext_full_download_csv	XPAR	provider_default	2024-09-16	2026-09-14	509.0	15.42	15.3727	107352.0	704.0	1650289.0	0.03074866310160429	0.3550087873462213	0.42910101946246537	0.3115286022546481	-0.10608695652173916	-0.42231884057971014	92257.0	605.0	1414178.5	15.4856	True	True	True	True	True	True	2026-09-14T23:12:09.909825+00:00
2026-09-13	2026-09-14	SN0000033192-XPAR	SN0000033192	FOAF	FINANCIERE OUEST AFRICAIN	XPAR	Euronext Paris	True	Common Stock	101	PASS				1	euronext_full_download_csv	XPAR	provider_default	2024-09-16	2026-09-14	509.0	13.4	0.0	0.0	0.0	0.0	0.0	-0.10067114093959728	-0.3366336633663366	0.19411586786522736	-0.5533333333333333	-0.5533333333333333	0.0	0.0	0.0	0.0	True	True	True	True	True	True	2026-09-14T23:12:10.502554+00:00
2026-09-13	2026-09-14	US00774B2088-XPAR	US00774B2088	AKOM	AERKOMM INC	XPAR	Euronext Paris	True	Common Stock	101	PASS				1	euronext_full_download_csv	XPAR	provider_default	2024-09-16	2026-09-14	509.0	2.8	0.0	0.0	0.0	0.0	0.0	0.0	0.0	0.0	0.0	0.0	0.0	0.0	0.0	0.0	True	True	True	True	True	True	2026-09-14T23:12:11.168910+00:00
2026-09-13	2026-09-14	US2220702037-XPAR	US2220702037	COTY	COTY INC	XPAR	Euronext Paris	True	Common Stock	101	PASS				1	euronext_full_download_csv	XPAR	provider_default	2024-09-16	2026-09-14	509.0	2.3	2.3	152.0	2.0	350.0	-0.05737704918032793	0.2777777777777777	0.20255150057513327	0.6699994731977248	-0.4022092267706303	-0.571150097465887	959.5	5.5	2279.0	2.3774499999999996	True	True	True	True	True	True	2026-09-14T23:12:11.748886+00:00
